=== target: real network at its native drive ===
🔄 Creating fresh config for experiment 'FullVNC_DNg100_Stim' with paths template 'fly_robot'
✅ Created fresh config:
   Experiment: FullVNC_DNg100_Stim
   Version: debug
   Paths template: fly_robot
   Save dir: /Users/sakshaymahna/Documents/fly-cord-robots/data/simulation_output/FullVNC_DNg100_Stim/debug/run_id=closed_loop_s641_r0
Created 1 stimulus configurations
🔄 Creating fresh config for experiment 'FullVNC_DNg100_Stim' with paths template 'fly_robot'
✅ Created fresh config:
   Experiment: FullVNC_DNg100_Stim
   Version: debug
   Paths template: fly_robot
   Save dir: /Users/sakshaymahna/Documents/fly-cord-robots/data/simulation_output/FullVNC_DNg100_Stim/debug/run_id=closed_loop_s641_r1
Created 1 stimulus configurations
🔄 Creating fresh config for experiment 'FullVNC_DNg100_Stim' with paths template 'fly_robot'
✅ Created fresh config:
   Experiment: FullVNC_DNg100_Stim
   Version: debug
   Paths template: fly_robot
   Save dir: /Users/sakshaymahna/Documents/fly-cord-robots/data/simulation_output/FullVNC_DNg100_Stim/debug/run_id=closed_loop_s641_r2
Created 1 stimulus configurations
🔄 Creating fresh config for experiment 'FullVNC_DNg100_Stim' with paths template 'fly_robot'
✅ Created fresh config:
   Experiment: FullVNC_DNg100_Stim
   Version: debug
   Paths template: fly_robot
   Save dir: /Users/sakshaymahna/Documents/fly-cord-robots/data/simulation_output/FullVNC_DNg100_Stim/debug/run_id=closed_loop_s641_r3
Created 1 stimulus configurations
🔄 Creating fresh config for experiment 'FullVNC_DNg100_Stim' with paths template 'fly_robot'
✅ Created fresh config:
   Experiment: FullVNC_DNg100_Stim
   Version: debug
   Paths template: fly_robot
   Save dir: /Users/sakshaymahna/Documents/fly-cord-robots/data/simulation_output/FullVNC_DNg100_Stim/debug/run_id=closed_loop_s641_r4
Created 1 stimulus configurations
🔄 Creating fresh config for experiment 'FullVNC_DNg100_Stim' with paths template 'fly_robot'
✅ Created fresh config:
   Experiment: FullVNC_DNg100_Stim
   Version: debug
   Paths template: fly_robot
   Save dir: /Users/sakshaymahna/Documents/fly-cord-robots/data/simulation_output/FullVNC_DNg100_Stim/debug/run_id=closed_loop_s641_r5
Created 1 stimulus configurations
🔄 Creating fresh config for experiment 'FullVNC_DNg100_Stim' with paths template 'fly_robot'
✅ Created fresh config:
   Experiment: FullVNC_DNg100_Stim
   Version: debug
   Paths template: fly_robot
   Save dir: /Users/sakshaymahna/Documents/fly-cord-robots/data/simulation_output/FullVNC_DNg100_Stim/debug/run_id=closed_loop_s641_r6
Created 1 stimulus configurations
🔄 Creating fresh config for experiment 'FullVNC_DNg100_Stim' with paths template 'fly_robot'
✅ Created fresh config:
   Experiment: FullVNC_DNg100_Stim
   Version: debug
   Paths template: fly_robot
   Save dir: /Users/sakshaymahna/Documents/fly-cord-robots/data/simulation_output/FullVNC_DNg100_Stim/debug/run_id=closed_loop_s641_r7
Created 1 stimulus configurations
  per-replicate n_active: {0: 522, 1: 380, 2: 4176, 3: 367, 4: 488, 5: 3794, 6: 421, 7: 445}
  TARGET (median) = 466.5

=== real ===
🔄 Creating fresh config for experiment 'FullVNC_DNg100_Stim' with paths template 'fly_robot'
✅ Created fresh config:
   Experiment: FullVNC_DNg100_Stim
   Version: debug
   Paths template: fly_robot
   Save dir: /Users/sakshaymahna/Documents/fly-cord-robots/data/simulation_output/FullVNC_DNg100_Stim/debug/run_id=closed_loop_s641_r0
Created 1 stimulus configurations
🔄 Creating fresh config for experiment 'FullVNC_DNg100_Stim' with paths template 'fly_robot'
✅ Created fresh config:
   Experiment: FullVNC_DNg100_Stim
   Version: debug
   Paths template: fly_robot
   Save dir: /Users/sakshaymahna/Documents/fly-cord-robots/data/simulation_output/FullVNC_DNg100_Stim/debug/run_id=closed_loop_s641_r1
Created 1 stimulus configurations
🔄 Creating fresh config for experiment 'FullVNC_DNg100_Stim' with paths template 'fly_robot'
✅ Created fresh config:
   Experiment: FullVNC_DNg100_Stim
   Version: debug
   Paths template: fly_robot
   Save dir: /Users/sakshaymahna/Documents/fly-cord-robots/data/simulation_output/FullVNC_DNg100_Stim/debug/run_id=closed_loop_s641_r2
Created 1 stimulus configurations
🔄 Creating fresh config for experiment 'FullVNC_DNg100_Stim' with paths template 'fly_robot'
✅ Created fresh config:
   Experiment: FullVNC_DNg100_Stim
   Version: debug
   Paths template: fly_robot
   Save dir: /Users/sakshaymahna/Documents/fly-cord-robots/data/simulation_output/FullVNC_DNg100_Stim/debug/run_id=closed_loop_s641_r3
Created 1 stimulus configurations
🔄 Creating fresh config for experiment 'FullVNC_DNg100_Stim' with paths template 'fly_robot'
✅ Created fresh config:
   Experiment: FullVNC_DNg100_Stim
   Version: debug
   Paths template: fly_robot
   Save dir: /Users/sakshaymahna/Documents/fly-cord-robots/data/simulation_output/FullVNC_DNg100_Stim/debug/run_id=closed_loop_s641_r4
Created 1 stimulus configurations
🔄 Creating fresh config for experiment 'FullVNC_DNg100_Stim' with paths template 'fly_robot'
✅ Created fresh config:
   Experiment: FullVNC_DNg100_Stim
   Version: debug
   Paths template: fly_robot
   Save dir: /Users/sakshaymahna/Documents/fly-cord-robots/data/simulation_output/FullVNC_DNg100_Stim/debug/run_id=closed_loop_s641_r5
Created 1 stimulus configurations
🔄 Creating fresh config for experiment 'FullVNC_DNg100_Stim' with paths template 'fly_robot'
✅ Created fresh config:
   Experiment: FullVNC_DNg100_Stim
   Version: debug
   Paths template: fly_robot
   Save dir: /Users/sakshaymahna/Documents/fly-cord-robots/data/simulation_output/FullVNC_DNg100_Stim/debug/run_id=closed_loop_s641_r6
Created 1 stimulus configurations
🔄 Creating fresh config for experiment 'FullVNC_DNg100_Stim' with paths template 'fly_robot'
✅ Created fresh config:
   Experiment: FullVNC_DNg100_Stim
   Version: debug
   Paths template: fly_robot
   Save dir: /Users/sakshaymahna/Documents/fly-cord-robots/data/simulation_output/FullVNC_DNg100_Stim/debug/run_id=closed_loop_s641_r7
Created 1 stimulus configurations
    iter  1: drive= 1000.00  median n_active=   2886.0  err=518.6%
🔄 Creating fresh config for experiment 'FullVNC_DNg100_Stim' with paths template 'fly_robot'
✅ Created fresh config:
   Experiment: FullVNC_DNg100_Stim
   Version: debug
   Paths template: fly_robot
   Save dir: /Users/sakshaymahna/Documents/fly-cord-robots/data/simulation_output/FullVNC_DNg100_Stim/debug/run_id=closed_loop_s641_r0
Created 1 stimulus configurations
🔄 Creating fresh config for experiment 'FullVNC_DNg100_Stim' with paths template 'fly_robot'
✅ Created fresh config:
   Experiment: FullVNC_DNg100_Stim
   Version: debug
   Paths template: fly_robot
   Save dir: /Users/sakshaymahna/Documents/fly-cord-robots/data/simulation_output/FullVNC_DNg100_Stim/debug/run_id=closed_loop_s641_r1
Created 1 stimulus configurations
🔄 Creating fresh config for experiment 'FullVNC_DNg100_Stim' with paths template 'fly_robot'
✅ Created fresh config:
   Experiment: FullVNC_DNg100_Stim
   Version: debug
   Paths template: fly_robot
   Save dir: /Users/sakshaymahna/Documents/fly-cord-robots/data/simulation_output/FullVNC_DNg100_Stim/debug/run_id=closed_loop_s641_r2
Created 1 stimulus configurations
🔄 Creating fresh config for experiment 'FullVNC_DNg100_Stim' with paths template 'fly_robot'
✅ Created fresh config:
   Experiment: FullVNC_DNg100_Stim
   Version: debug
   Paths template: fly_robot
   Save dir: /Users/sakshaymahna/Documents/fly-cord-robots/data/simulation_output/FullVNC_DNg100_Stim/debug/run_id=closed_loop_s641_r3
Created 1 stimulus configurations
🔄 Creating fresh config for experiment 'FullVNC_DNg100_Stim' with paths template 'fly_robot'
✅ Created fresh config:
   Experiment: FullVNC_DNg100_Stim
   Version: debug
   Paths template: fly_robot
   Save dir: /Users/sakshaymahna/Documents/fly-cord-robots/data/simulation_output/FullVNC_DNg100_Stim/debug/run_id=closed_loop_s641_r4
Created 1 stimulus configurations
🔄 Creating fresh config for experiment 'FullVNC_DNg100_Stim' with paths template 'fly_robot'
✅ Created fresh config:
   Experiment: FullVNC_DNg100_Stim
   Version: debug
   Paths template: fly_robot
   Save dir: /Users/sakshaymahna/Documents/fly-cord-robots/data/simulation_output/FullVNC_DNg100_Stim/debug/run_id=closed_loop_s641_r5
Created 1 stimulus configurations
🔄 Creating fresh config for experiment 'FullVNC_DNg100_Stim' with paths template 'fly_robot'
✅ Created fresh config:
   Experiment: FullVNC_DNg100_Stim
   Version: debug
   Paths template: fly_robot
   Save dir: /Users/sakshaymahna/Documents/fly-cord-robots/data/simulation_output/FullVNC_DNg100_Stim/debug/run_id=closed_loop_s641_r6
Created 1 stimulus configurations
🔄 Creating fresh config for experiment 'FullVNC_DNg100_Stim' with paths template 'fly_robot'
✅ Created fresh config:
   Experiment: FullVNC_DNg100_Stim
   Version: debug
   Paths template: fly_robot
   Save dir: /Users/sakshaymahna/Documents/fly-cord-robots/data/simulation_output/FullVNC_DNg100_Stim/debug/run_id=closed_loop_s641_r7
Created 1 stimulus configurations
    iter  2: drive=  500.00  median n_active=   4015.0  err=760.7%
🔄 Creating fresh config for experiment 'FullVNC_DNg100_Stim' with paths template 'fly_robot'
✅ Created fresh config:
   Experiment: FullVNC_DNg100_Stim
   Version: debug
   Paths template: fly_robot
   Save dir: /Users/sakshaymahna/Documents/fly-cord-robots/data/simulation_output/FullVNC_DNg100_Stim/debug/run_id=closed_loop_s641_r0
Created 1 stimulus configurations
🔄 Creating fresh config for experiment 'FullVNC_DNg100_Stim' with paths template 'fly_robot'
✅ Created fresh config:
   Experiment: FullVNC_DNg100_Stim
   Version: debug
   Paths template: fly_robot
   Save dir: /Users/sakshaymahna/Documents/fly-cord-robots/data/simulation_output/FullVNC_DNg100_Stim/debug/run_id=closed_loop_s641_r1
Created 1 stimulus configurations
🔄 Creating fresh config for experiment 'FullVNC_DNg100_Stim' with paths template 'fly_robot'
✅ Created fresh config:
   Experiment: FullVNC_DNg100_Stim
   Version: debug
   Paths template: fly_robot
   Save dir: /Users/sakshaymahna/Documents/fly-cord-robots/data/simulation_output/FullVNC_DNg100_Stim/debug/run_id=closed_loop_s641_r2
Created 1 stimulus configurations
🔄 Creating fresh config for experiment 'FullVNC_DNg100_Stim' with paths template 'fly_robot'
✅ Created fresh config:
   Experiment: FullVNC_DNg100_Stim
   Version: debug
   Paths template: fly_robot
   Save dir: /Users/sakshaymahna/Documents/fly-cord-robots/data/simulation_output/FullVNC_DNg100_Stim/debug/run_id=closed_loop_s641_r3
Created 1 stimulus configurations
🔄 Creating fresh config for experiment 'FullVNC_DNg100_Stim' with paths template 'fly_robot'
✅ Created fresh config:
   Experiment: FullVNC_DNg100_Stim
   Version: debug
   Paths template: fly_robot
   Save dir: /Users/sakshaymahna/Documents/fly-cord-robots/data/simulation_output/FullVNC_DNg100_Stim/debug/run_id=closed_loop_s641_r4
Created 1 stimulus configurations
🔄 Creating fresh config for experiment 'FullVNC_DNg100_Stim' with paths template 'fly_robot'
✅ Created fresh config:
   Experiment: FullVNC_DNg100_Stim
   Version: debug
   Paths template: fly_robot
   Save dir: /Users/sakshaymahna/Documents/fly-cord-robots/data/simulation_output/FullVNC_DNg100_Stim/debug/run_id=closed_loop_s641_r5
Created 1 stimulus configurations
🔄 Creating fresh config for experiment 'FullVNC_DNg100_Stim' with paths template 'fly_robot'
✅ Created fresh config:
   Experiment: FullVNC_DNg100_Stim
   Version: debug
   Paths template: fly_robot
   Save dir: /Users/sakshaymahna/Documents/fly-cord-robots/data/simulation_output/FullVNC_DNg100_Stim/debug/run_id=closed_loop_s641_r6
Created 1 stimulus configurations
🔄 Creating fresh config for experiment 'FullVNC_DNg100_Stim' with paths template 'fly_robot'
✅ Created fresh config:
   Experiment: FullVNC_DNg100_Stim
   Version: debug
   Paths template: fly_robot
   Save dir: /Users/sakshaymahna/Documents/fly-cord-robots/data/simulation_output/FullVNC_DNg100_Stim/debug/run_id=closed_loop_s641_r7
Created 1 stimulus configurations
    iter  3: drive=  250.00  median n_active=     33.0  err= 92.9%
🔄 Creating fresh config for experiment 'FullVNC_DNg100_Stim' with paths template 'fly_robot'
✅ Created fresh config:
   Experiment: FullVNC_DNg100_Stim
   Version: debug
   Paths template: fly_robot
   Save dir: /Users/sakshaymahna/Documents/fly-cord-robots/data/simulation_output/FullVNC_DNg100_Stim/debug/run_id=closed_loop_s641_r0
Created 1 stimulus configurations
🔄 Creating fresh config for experiment 'FullVNC_DNg100_Stim' with paths template 'fly_robot'
✅ Created fresh config:
   Experiment: FullVNC_DNg100_Stim
   Version: debug
   Paths template: fly_robot
   Save dir: /Users/sakshaymahna/Documents/fly-cord-robots/data/simulation_output/FullVNC_DNg100_Stim/debug/run_id=closed_loop_s641_r1
Created 1 stimulus configurations
🔄 Creating fresh config for experiment 'FullVNC_DNg100_Stim' with paths template 'fly_robot'
✅ Created fresh config:
   Experiment: FullVNC_DNg100_Stim
   Version: debug
   Paths template: fly_robot
   Save dir: /Users/sakshaymahna/Documents/fly-cord-robots/data/simulation_output/FullVNC_DNg100_Stim/debug/run_id=closed_loop_s641_r2
Created 1 stimulus configurations
🔄 Creating fresh config for experiment 'FullVNC_DNg100_Stim' with paths template 'fly_robot'
✅ Created fresh config:
   Experiment: FullVNC_DNg100_Stim
   Version: debug
   Paths template: fly_robot
   Save dir: /Users/sakshaymahna/Documents/fly-cord-robots/data/simulation_output/FullVNC_DNg100_Stim/debug/run_id=closed_loop_s641_r3
Created 1 stimulus configurations
🔄 Creating fresh config for experiment 'FullVNC_DNg100_Stim' with paths template 'fly_robot'
✅ Created fresh config:
   Experiment: FullVNC_DNg100_Stim
   Version: debug
   Paths template: fly_robot
   Save dir: /Users/sakshaymahna/Documents/fly-cord-robots/data/simulation_output/FullVNC_DNg100_Stim/debug/run_id=closed_loop_s641_r4
Created 1 stimulus configurations
🔄 Creating fresh config for experiment 'FullVNC_DNg100_Stim' with paths template 'fly_robot'
✅ Created fresh config:
   Experiment: FullVNC_DNg100_Stim
   Version: debug
   Paths template: fly_robot
   Save dir: /Users/sakshaymahna/Documents/fly-cord-robots/data/simulation_output/FullVNC_DNg100_Stim/debug/run_id=closed_loop_s641_r5
Created 1 stimulus configurations
🔄 Creating fresh config for experiment 'FullVNC_DNg100_Stim' with paths template 'fly_robot'
✅ Created fresh config:
   Experiment: FullVNC_DNg100_Stim
   Version: debug
   Paths template: fly_robot
   Save dir: /Users/sakshaymahna/Documents/fly-cord-robots/data/simulation_output/FullVNC_DNg100_Stim/debug/run_id=closed_loop_s641_r6
Created 1 stimulus configurations
🔄 Creating fresh config for experiment 'FullVNC_DNg100_Stim' with paths template 'fly_robot'
✅ Created fresh config:
   Experiment: FullVNC_DNg100_Stim
   Version: debug
   Paths template: fly_robot
   Save dir: /Users/sakshaymahna/Documents/fly-cord-robots/data/simulation_output/FullVNC_DNg100_Stim/debug/run_id=closed_loop_s641_r7
Created 1 stimulus configurations
    iter  4: drive=  375.00  median n_active=    430.0  err=  7.8%
🔄 Creating fresh config for experiment 'FullVNC_DNg100_Stim' with paths template 'fly_robot'
✅ Created fresh config:
   Experiment: FullVNC_DNg100_Stim
   Version: debug
   Paths template: fly_robot
   Save dir: /Users/sakshaymahna/Documents/fly-cord-robots/data/simulation_output/FullVNC_DNg100_Stim/debug/run_id=closed_loop_s641_r0
Created 1 stimulus configurations
🔄 Creating fresh config for experiment 'FullVNC_DNg100_Stim' with paths template 'fly_robot'
✅ Created fresh config:
   Experiment: FullVNC_DNg100_Stim
   Version: debug
   Paths template: fly_robot
   Save dir: /Users/sakshaymahna/Documents/fly-cord-robots/data/simulation_output/FullVNC_DNg100_Stim/debug/run_id=closed_loop_s641_r1
Created 1 stimulus configurations
🔄 Creating fresh config for experiment 'FullVNC_DNg100_Stim' with paths template 'fly_robot'
✅ Created fresh config:
   Experiment: FullVNC_DNg100_Stim
   Version: debug
   Paths template: fly_robot
   Save dir: /Users/sakshaymahna/Documents/fly-cord-robots/data/simulation_output/FullVNC_DNg100_Stim/debug/run_id=closed_loop_s641_r2
Created 1 stimulus configurations
🔄 Creating fresh config for experiment 'FullVNC_DNg100_Stim' with paths template 'fly_robot'
✅ Created fresh config:
   Experiment: FullVNC_DNg100_Stim
   Version: debug
   Paths template: fly_robot
   Save dir: /Users/sakshaymahna/Documents/fly-cord-robots/data/simulation_output/FullVNC_DNg100_Stim/debug/run_id=closed_loop_s641_r3
Created 1 stimulus configurations
🔄 Creating fresh config for experiment 'FullVNC_DNg100_Stim' with paths template 'fly_robot'
✅ Created fresh config:
   Experiment: FullVNC_DNg100_Stim
   Version: debug
   Paths template: fly_robot
   Save dir: /Users/sakshaymahna/Documents/fly-cord-robots/data/simulation_output/FullVNC_DNg100_Stim/debug/run_id=closed_loop_s641_r4
Created 1 stimulus configurations
🔄 Creating fresh config for experiment 'FullVNC_DNg100_Stim' with paths template 'fly_robot'
✅ Created fresh config:
   Experiment: FullVNC_DNg100_Stim
   Version: debug
   Paths template: fly_robot
   Save dir: /Users/sakshaymahna/Documents/fly-cord-robots/data/simulation_output/FullVNC_DNg100_Stim/debug/run_id=closed_loop_s641_r5
Created 1 stimulus configurations
🔄 Creating fresh config for experiment 'FullVNC_DNg100_Stim' with paths template 'fly_robot'
✅ Created fresh config:
   Experiment: FullVNC_DNg100_Stim
   Version: debug
   Paths template: fly_robot
   Save dir: /Users/sakshaymahna/Documents/fly-cord-robots/data/simulation_output/FullVNC_DNg100_Stim/debug/run_id=closed_loop_s641_r6
Created 1 stimulus configurations
🔄 Creating fresh config for experiment 'FullVNC_DNg100_Stim' with paths template 'fly_robot'
✅ Created fresh config:
   Experiment: FullVNC_DNg100_Stim
   Version: debug
   Paths template: fly_robot
   Save dir: /Users/sakshaymahna/Documents/fly-cord-robots/data/simulation_output/FullVNC_DNg100_Stim/debug/run_id=closed_loop_s641_r7
Created 1 stimulus configurations
    iter  5: drive=  437.50  median n_active=   3991.5  err=755.6%
🔄 Creating fresh config for experiment 'FullVNC_DNg100_Stim' with paths template 'fly_robot'
✅ Created fresh config:
   Experiment: FullVNC_DNg100_Stim
   Version: debug
   Paths template: fly_robot
   Save dir: /Users/sakshaymahna/Documents/fly-cord-robots/data/simulation_output/FullVNC_DNg100_Stim/debug/run_id=closed_loop_s641_r0
Created 1 stimulus configurations
🔄 Creating fresh config for experiment 'FullVNC_DNg100_Stim' with paths template 'fly_robot'
✅ Created fresh config:
   Experiment: FullVNC_DNg100_Stim
   Version: debug
   Paths template: fly_robot
   Save dir: /Users/sakshaymahna/Documents/fly-cord-robots/data/simulation_output/FullVNC_DNg100_Stim/debug/run_id=closed_loop_s641_r1
Created 1 stimulus configurations
🔄 Creating fresh config for experiment 'FullVNC_DNg100_Stim' with paths template 'fly_robot'
✅ Created fresh config:
   Experiment: FullVNC_DNg100_Stim
   Version: debug
   Paths template: fly_robot
   Save dir: /Users/sakshaymahna/Documents/fly-cord-robots/data/simulation_output/FullVNC_DNg100_Stim/debug/run_id=closed_loop_s641_r2
Created 1 stimulus configurations
🔄 Creating fresh config for experiment 'FullVNC_DNg100_Stim' with paths template 'fly_robot'
✅ Created fresh config:
   Experiment: FullVNC_DNg100_Stim
   Version: debug
   Paths template: fly_robot
   Save dir: /Users/sakshaymahna/Documents/fly-cord-robots/data/simulation_output/FullVNC_DNg100_Stim/debug/run_id=closed_loop_s641_r3
Created 1 stimulus configurations
🔄 Creating fresh config for experiment 'FullVNC_DNg100_Stim' with paths template 'fly_robot'
✅ Created fresh config:
   Experiment: FullVNC_DNg100_Stim
   Version: debug
   Paths template: fly_robot
   Save dir: /Users/sakshaymahna/Documents/fly-cord-robots/data/simulation_output/FullVNC_DNg100_Stim/debug/run_id=closed_loop_s641_r4
Created 1 stimulus configurations
🔄 Creating fresh config for experiment 'FullVNC_DNg100_Stim' with paths template 'fly_robot'
✅ Created fresh config:
   Experiment: FullVNC_DNg100_Stim
   Version: debug
   Paths template: fly_robot
   Save dir: /Users/sakshaymahna/Documents/fly-cord-robots/data/simulation_output/FullVNC_DNg100_Stim/debug/run_id=closed_loop_s641_r5
Created 1 stimulus configurations
🔄 Creating fresh config for experiment 'FullVNC_DNg100_Stim' with paths template 'fly_robot'
✅ Created fresh config:
   Experiment: FullVNC_DNg100_Stim
   Version: debug
   Paths template: fly_robot
   Save dir: /Users/sakshaymahna/Documents/fly-cord-robots/data/simulation_output/FullVNC_DNg100_Stim/debug/run_id=closed_loop_s641_r6
Created 1 stimulus configurations
🔄 Creating fresh config for experiment 'FullVNC_DNg100_Stim' with paths template 'fly_robot'
✅ Created fresh config:
   Experiment: FullVNC_DNg100_Stim
   Version: debug
   Paths template: fly_robot
   Save dir: /Users/sakshaymahna/Documents/fly-cord-robots/data/simulation_output/FullVNC_DNg100_Stim/debug/run_id=closed_loop_s641_r7
Created 1 stimulus configurations
    iter  6: drive=  406.25  median n_active=    582.5  err= 24.9%
🔄 Creating fresh config for experiment 'FullVNC_DNg100_Stim' with paths template 'fly_robot'
✅ Created fresh config:
   Experiment: FullVNC_DNg100_Stim
   Version: debug
   Paths template: fly_robot
   Save dir: /Users/sakshaymahna/Documents/fly-cord-robots/data/simulation_output/FullVNC_DNg100_Stim/debug/run_id=closed_loop_s641_r0
Created 1 stimulus configurations
🔄 Creating fresh config for experiment 'FullVNC_DNg100_Stim' with paths template 'fly_robot'
✅ Created fresh config:
   Experiment: FullVNC_DNg100_Stim
   Version: debug
   Paths template: fly_robot
   Save dir: /Users/sakshaymahna/Documents/fly-cord-robots/data/simulation_output/FullVNC_DNg100_Stim/debug/run_id=closed_loop_s641_r1
Created 1 stimulus configurations
🔄 Creating fresh config for experiment 'FullVNC_DNg100_Stim' with paths template 'fly_robot'
✅ Created fresh config:
   Experiment: FullVNC_DNg100_Stim
   Version: debug
   Paths template: fly_robot
   Save dir: /Users/sakshaymahna/Documents/fly-cord-robots/data/simulation_output/FullVNC_DNg100_Stim/debug/run_id=closed_loop_s641_r2
Created 1 stimulus configurations
🔄 Creating fresh config for experiment 'FullVNC_DNg100_Stim' with paths template 'fly_robot'
✅ Created fresh config:
   Experiment: FullVNC_DNg100_Stim
   Version: debug
   Paths template: fly_robot
   Save dir: /Users/sakshaymahna/Documents/fly-cord-robots/data/simulation_output/FullVNC_DNg100_Stim/debug/run_id=closed_loop_s641_r3
Created 1 stimulus configurations
🔄 Creating fresh config for experiment 'FullVNC_DNg100_Stim' with paths template 'fly_robot'
✅ Created fresh config:
   Experiment: FullVNC_DNg100_Stim
   Version: debug
   Paths template: fly_robot
   Save dir: /Users/sakshaymahna/Documents/fly-cord-robots/data/simulation_output/FullVNC_DNg100_Stim/debug/run_id=closed_loop_s641_r4
Created 1 stimulus configurations
🔄 Creating fresh config for experiment 'FullVNC_DNg100_Stim' with paths template 'fly_robot'
✅ Created fresh config:
   Experiment: FullVNC_DNg100_Stim
   Version: debug
   Paths template: fly_robot
   Save dir: /Users/sakshaymahna/Documents/fly-cord-robots/data/simulation_output/FullVNC_DNg100_Stim/debug/run_id=closed_loop_s641_r5
Created 1 stimulus configurations
🔄 Creating fresh config for experiment 'FullVNC_DNg100_Stim' with paths template 'fly_robot'
✅ Created fresh config:
   Experiment: FullVNC_DNg100_Stim
   Version: debug
   Paths template: fly_robot
   Save dir: /Users/sakshaymahna/Documents/fly-cord-robots/data/simulation_output/FullVNC_DNg100_Stim/debug/run_id=closed_loop_s641_r6
Created 1 stimulus configurations
🔄 Creating fresh config for experiment 'FullVNC_DNg100_Stim' with paths template 'fly_robot'
✅ Created fresh config:
   Experiment: FullVNC_DNg100_Stim
   Version: debug
   Paths template: fly_robot
   Save dir: /Users/sakshaymahna/Documents/fly-cord-robots/data/simulation_output/FullVNC_DNg100_Stim/debug/run_id=closed_loop_s641_r7
Created 1 stimulus configurations
    iter  7: drive=  390.62  median n_active=    503.0  err=  7.8%
🔄 Creating fresh config for experiment 'FullVNC_DNg100_Stim' with paths template 'fly_robot'
✅ Created fresh config:
   Experiment: FullVNC_DNg100_Stim
   Version: debug
   Paths template: fly_robot
   Save dir: /Users/sakshaymahna/Documents/fly-cord-robots/data/simulation_output/FullVNC_DNg100_Stim/debug/run_id=closed_loop_s641_r0
Created 1 stimulus configurations
🔄 Creating fresh config for experiment 'FullVNC_DNg100_Stim' with paths template 'fly_robot'
✅ Created fresh config:
   Experiment: FullVNC_DNg100_Stim
   Version: debug
   Paths template: fly_robot
   Save dir: /Users/sakshaymahna/Documents/fly-cord-robots/data/simulation_output/FullVNC_DNg100_Stim/debug/run_id=closed_loop_s641_r1
Created 1 stimulus configurations
🔄 Creating fresh config for experiment 'FullVNC_DNg100_Stim' with paths template 'fly_robot'
✅ Created fresh config:
   Experiment: FullVNC_DNg100_Stim
   Version: debug
   Paths template: fly_robot
   Save dir: /Users/sakshaymahna/Documents/fly-cord-robots/data/simulation_output/FullVNC_DNg100_Stim/debug/run_id=closed_loop_s641_r2
Created 1 stimulus configurations
🔄 Creating fresh config for experiment 'FullVNC_DNg100_Stim' with paths template 'fly_robot'
✅ Created fresh config:
   Experiment: FullVNC_DNg100_Stim
   Version: debug
   Paths template: fly_robot
   Save dir: /Users/sakshaymahna/Documents/fly-cord-robots/data/simulation_output/FullVNC_DNg100_Stim/debug/run_id=closed_loop_s641_r3
Created 1 stimulus configurations
🔄 Creating fresh config for experiment 'FullVNC_DNg100_Stim' with paths template 'fly_robot'
✅ Created fresh config:
   Experiment: FullVNC_DNg100_Stim
   Version: debug
   Paths template: fly_robot
   Save dir: /Users/sakshaymahna/Documents/fly-cord-robots/data/simulation_output/FullVNC_DNg100_Stim/debug/run_id=closed_loop_s641_r4
Created 1 stimulus configurations
🔄 Creating fresh config for experiment 'FullVNC_DNg100_Stim' with paths template 'fly_robot'
✅ Created fresh config:
   Experiment: FullVNC_DNg100_Stim
   Version: debug
   Paths template: fly_robot
   Save dir: /Users/sakshaymahna/Documents/fly-cord-robots/data/simulation_output/FullVNC_DNg100_Stim/debug/run_id=closed_loop_s641_r5
Created 1 stimulus configurations
🔄 Creating fresh config for experiment 'FullVNC_DNg100_Stim' with paths template 'fly_robot'
✅ Created fresh config:
   Experiment: FullVNC_DNg100_Stim
   Version: debug
   Paths template: fly_robot
   Save dir: /Users/sakshaymahna/Documents/fly-cord-robots/data/simulation_output/FullVNC_DNg100_Stim/debug/run_id=closed_loop_s641_r6
Created 1 stimulus configurations
🔄 Creating fresh config for experiment 'FullVNC_DNg100_Stim' with paths template 'fly_robot'
✅ Created fresh config:
   Experiment: FullVNC_DNg100_Stim
   Version: debug
   Paths template: fly_robot
   Save dir: /Users/sakshaymahna/Documents/fly-cord-robots/data/simulation_output/FullVNC_DNg100_Stim/debug/run_id=closed_loop_s641_r7
Created 1 stimulus configurations
    iter  8: drive=  382.81  median n_active=    469.0  err=  0.5%
  matched drive = 382.81  median n_active = 469.0  converged = True
🔄 Creating fresh config for experiment 'FullVNC_DNg100_Stim' with paths template 'fly_robot'
✅ Created fresh config:
   Experiment: FullVNC_DNg100_Stim
   Version: debug
   Paths template: fly_robot
   Save dir: /Users/sakshaymahna/Documents/fly-cord-robots/data/simulation_output/FullVNC_DNg100_Stim/debug/run_id=closed_loop_s641_r0
Created 1 stimulus configurations
🔄 Creating fresh config for experiment 'FullVNC_DNg100_Stim' with paths template 'fly_robot'
✅ Created fresh config:
   Experiment: FullVNC_DNg100_Stim
   Version: debug
   Paths template: fly_robot
   Save dir: /Users/sakshaymahna/Documents/fly-cord-robots/data/simulation_output/FullVNC_DNg100_Stim/debug/run_id=closed_loop_s641_r1
Created 1 stimulus configurations
🔄 Creating fresh config for experiment 'FullVNC_DNg100_Stim' with paths template 'fly_robot'
✅ Created fresh config:
   Experiment: FullVNC_DNg100_Stim
   Version: debug
   Paths template: fly_robot
   Save dir: /Users/sakshaymahna/Documents/fly-cord-robots/data/simulation_output/FullVNC_DNg100_Stim/debug/run_id=closed_loop_s641_r2
Created 1 stimulus configurations
🔄 Creating fresh config for experiment 'FullVNC_DNg100_Stim' with paths template 'fly_robot'
✅ Created fresh config:
   Experiment: FullVNC_DNg100_Stim
   Version: debug
   Paths template: fly_robot
   Save dir: /Users/sakshaymahna/Documents/fly-cord-robots/data/simulation_output/FullVNC_DNg100_Stim/debug/run_id=closed_loop_s641_r3
Created 1 stimulus configurations
🔄 Creating fresh config for experiment 'FullVNC_DNg100_Stim' with paths template 'fly_robot'
✅ Created fresh config:
   Experiment: FullVNC_DNg100_Stim
   Version: debug
   Paths template: fly_robot
   Save dir: /Users/sakshaymahna/Documents/fly-cord-robots/data/simulation_output/FullVNC_DNg100_Stim/debug/run_id=closed_loop_s641_r4
Created 1 stimulus configurations
🔄 Creating fresh config for experiment 'FullVNC_DNg100_Stim' with paths template 'fly_robot'
✅ Created fresh config:
   Experiment: FullVNC_DNg100_Stim
   Version: debug
   Paths template: fly_robot
   Save dir: /Users/sakshaymahna/Documents/fly-cord-robots/data/simulation_output/FullVNC_DNg100_Stim/debug/run_id=closed_loop_s641_r5
Created 1 stimulus configurations
🔄 Creating fresh config for experiment 'FullVNC_DNg100_Stim' with paths template 'fly_robot'
✅ Created fresh config:
   Experiment: FullVNC_DNg100_Stim
   Version: debug
   Paths template: fly_robot
   Save dir: /Users/sakshaymahna/Documents/fly-cord-robots/data/simulation_output/FullVNC_DNg100_Stim/debug/run_id=closed_loop_s641_r6
Created 1 stimulus configurations
🔄 Creating fresh config for experiment 'FullVNC_DNg100_Stim' with paths template 'fly_robot'
✅ Created fresh config:
   Experiment: FullVNC_DNg100_Stim
   Version: debug
   Paths template: fly_robot
   Save dir: /Users/sakshaymahna/Documents/fly-cord-robots/data/simulation_output/FullVNC_DNg100_Stim/debug/run_id=closed_loop_s641_r7
Created 1 stimulus configurations
  per-replicate n_active at matched drive: {0: 515, 1: 399, 2: 4178, 3: 367, 4: 460, 5: 3801, 6: 426, 7: 478}
  eligible after the unchanged stability filter: 6/8 -> [0, 1, 3, 4, 6, 7]
🔄 Creating fresh config for experiment 'FullVNC_DNg100_Stim' with paths template 'fly_robot'
✅ Created fresh config:
   Experiment: FullVNC_DNg100_Stim
   Version: debug
   Paths template: fly_robot
   Save dir: /Users/sakshaymahna/Documents/fly-cord-robots/data/simulation_output/FullVNC_DNg100_Stim/debug/run_id=closed_loop_s641_r0
Created 1 stimulus configurations
🔄 Creating fresh config for experiment 'FullVNC_DNg100_Stim' with paths template 'fly_robot'
✅ Created fresh config:
   Experiment: FullVNC_DNg100_Stim
   Version: debug
   Paths template: fly_robot
   Save dir: /Users/sakshaymahna/Documents/fly-cord-robots/data/simulation_output/FullVNC_DNg100_Stim/debug/run_id=closed_loop_s641_r1
Created 1 stimulus configurations
🔄 Creating fresh config for experiment 'FullVNC_DNg100_Stim' with paths template 'fly_robot'
✅ Created fresh config:
   Experiment: FullVNC_DNg100_Stim
   Version: debug
   Paths template: fly_robot
   Save dir: /Users/sakshaymahna/Documents/fly-cord-robots/data/simulation_output/FullVNC_DNg100_Stim/debug/run_id=closed_loop_s641_r3
Created 1 stimulus configurations
🔄 Creating fresh config for experiment 'FullVNC_DNg100_Stim' with paths template 'fly_robot'
✅ Created fresh config:
   Experiment: FullVNC_DNg100_Stim
   Version: debug
   Paths template: fly_robot
   Save dir: /Users/sakshaymahna/Documents/fly-cord-robots/data/simulation_output/FullVNC_DNg100_Stim/debug/run_id=closed_loop_s641_r4
Created 1 stimulus configurations
🔄 Creating fresh config for experiment 'FullVNC_DNg100_Stim' with paths template 'fly_robot'
✅ Created fresh config:
   Experiment: FullVNC_DNg100_Stim
   Version: debug
   Paths template: fly_robot
   Save dir: /Users/sakshaymahna/Documents/fly-cord-robots/data/simulation_output/FullVNC_DNg100_Stim/debug/run_id=closed_loop_s641_r6
Created 1 stimulus configurations
🔄 Creating fresh config for experiment 'FullVNC_DNg100_Stim' with paths template 'fly_robot'
✅ Created fresh config:
   Experiment: FullVNC_DNg100_Stim
   Version: debug
   Paths template: fly_robot
   Save dir: /Users/sakshaymahna/Documents/fly-cord-robots/data/simulation_output/FullVNC_DNg100_Stim/debug/run_id=closed_loop_s641_r7
Created 1 stimulus configurations
  n_rhythmic per eligible replicate: {0: 6, 1: 3, 3: 4, 4: 3, 6: 4, 7: 6}
  median n_rhythmic = 4.0 (need >= 2)
  VERDICT: PASSES — train from this matched drive

=== C1 ===
🔄 Creating fresh config for experiment 'FullVNC_DNg100_Stim' with paths template 'fly_robot'
✅ Created fresh config:
   Experiment: FullVNC_DNg100_Stim
   Version: debug
   Paths template: fly_robot
   Save dir: /Users/sakshaymahna/Documents/fly-cord-robots/data/simulation_output/FullVNC_DNg100_Stim/debug/run_id=closed_loop_s641_r0
Created 1 stimulus configurations
🔄 Creating fresh config for experiment 'FullVNC_DNg100_Stim' with paths template 'fly_robot'
✅ Created fresh config:
   Experiment: FullVNC_DNg100_Stim
   Version: debug
   Paths template: fly_robot
   Save dir: /Users/sakshaymahna/Documents/fly-cord-robots/data/simulation_output/FullVNC_DNg100_Stim/debug/run_id=closed_loop_s641_r1
Created 1 stimulus configurations
🔄 Creating fresh config for experiment 'FullVNC_DNg100_Stim' with paths template 'fly_robot'
✅ Created fresh config:
   Experiment: FullVNC_DNg100_Stim
   Version: debug
   Paths template: fly_robot
   Save dir: /Users/sakshaymahna/Documents/fly-cord-robots/data/simulation_output/FullVNC_DNg100_Stim/debug/run_id=closed_loop_s641_r2
Created 1 stimulus configurations
🔄 Creating fresh config for experiment 'FullVNC_DNg100_Stim' with paths template 'fly_robot'
✅ Created fresh config:
   Experiment: FullVNC_DNg100_Stim
   Version: debug
   Paths template: fly_robot
   Save dir: /Users/sakshaymahna/Documents/fly-cord-robots/data/simulation_output/FullVNC_DNg100_Stim/debug/run_id=closed_loop_s641_r3
Created 1 stimulus configurations
🔄 Creating fresh config for experiment 'FullVNC_DNg100_Stim' with paths template 'fly_robot'
✅ Created fresh config:
   Experiment: FullVNC_DNg100_Stim
   Version: debug
   Paths template: fly_robot
   Save dir: /Users/sakshaymahna/Documents/fly-cord-robots/data/simulation_output/FullVNC_DNg100_Stim/debug/run_id=closed_loop_s641_r4
Created 1 stimulus configurations
🔄 Creating fresh config for experiment 'FullVNC_DNg100_Stim' with paths template 'fly_robot'
✅ Created fresh config:
   Experiment: FullVNC_DNg100_Stim
   Version: debug
   Paths template: fly_robot
   Save dir: /Users/sakshaymahna/Documents/fly-cord-robots/data/simulation_output/FullVNC_DNg100_Stim/debug/run_id=closed_loop_s641_r5
Created 1 stimulus configurations
🔄 Creating fresh config for experiment 'FullVNC_DNg100_Stim' with paths template 'fly_robot'
✅ Created fresh config:
   Experiment: FullVNC_DNg100_Stim
   Version: debug
   Paths template: fly_robot
   Save dir: /Users/sakshaymahna/Documents/fly-cord-robots/data/simulation_output/FullVNC_DNg100_Stim/debug/run_id=closed_loop_s641_r6
Created 1 stimulus configurations
🔄 Creating fresh config for experiment 'FullVNC_DNg100_Stim' with paths template 'fly_robot'
✅ Created fresh config:
   Experiment: FullVNC_DNg100_Stim
   Version: debug
   Paths template: fly_robot
   Save dir: /Users/sakshaymahna/Documents/fly-cord-robots/data/simulation_output/FullVNC_DNg100_Stim/debug/run_id=closed_loop_s641_r7
Created 1 stimulus configurations
    iter  1: drive= 1000.00  median n_active=   6837.0  err=1365.6%
🔄 Creating fresh config for experiment 'FullVNC_DNg100_Stim' with paths template 'fly_robot'
✅ Created fresh config:
   Experiment: FullVNC_DNg100_Stim
   Version: debug
   Paths template: fly_robot
   Save dir: /Users/sakshaymahna/Documents/fly-cord-robots/data/simulation_output/FullVNC_DNg100_Stim/debug/run_id=closed_loop_s641_r0
Created 1 stimulus configurations
🔄 Creating fresh config for experiment 'FullVNC_DNg100_Stim' with paths template 'fly_robot'
✅ Created fresh config:
   Experiment: FullVNC_DNg100_Stim
   Version: debug
   Paths template: fly_robot
   Save dir: /Users/sakshaymahna/Documents/fly-cord-robots/data/simulation_output/FullVNC_DNg100_Stim/debug/run_id=closed_loop_s641_r1
Created 1 stimulus configurations
🔄 Creating fresh config for experiment 'FullVNC_DNg100_Stim' with paths template 'fly_robot'
✅ Created fresh config:
   Experiment: FullVNC_DNg100_Stim
   Version: debug
   Paths template: fly_robot
   Save dir: /Users/sakshaymahna/Documents/fly-cord-robots/data/simulation_output/FullVNC_DNg100_Stim/debug/run_id=closed_loop_s641_r2
Created 1 stimulus configurations
🔄 Creating fresh config for experiment 'FullVNC_DNg100_Stim' with paths template 'fly_robot'
✅ Created fresh config:
   Experiment: FullVNC_DNg100_Stim
   Version: debug
   Paths template: fly_robot
   Save dir: /Users/sakshaymahna/Documents/fly-cord-robots/data/simulation_output/FullVNC_DNg100_Stim/debug/run_id=closed_loop_s641_r3
Created 1 stimulus configurations
🔄 Creating fresh config for experiment 'FullVNC_DNg100_Stim' with paths template 'fly_robot'
✅ Created fresh config:
   Experiment: FullVNC_DNg100_Stim
   Version: debug
   Paths template: fly_robot
   Save dir: /Users/sakshaymahna/Documents/fly-cord-robots/data/simulation_output/FullVNC_DNg100_Stim/debug/run_id=closed_loop_s641_r4
Created 1 stimulus configurations
🔄 Creating fresh config for experiment 'FullVNC_DNg100_Stim' with paths template 'fly_robot'
✅ Created fresh config:
   Experiment: FullVNC_DNg100_Stim
   Version: debug
   Paths template: fly_robot
   Save dir: /Users/sakshaymahna/Documents/fly-cord-robots/data/simulation_output/FullVNC_DNg100_Stim/debug/run_id=closed_loop_s641_r5
Created 1 stimulus configurations
🔄 Creating fresh config for experiment 'FullVNC_DNg100_Stim' with paths template 'fly_robot'
✅ Created fresh config:
   Experiment: FullVNC_DNg100_Stim
   Version: debug
   Paths template: fly_robot
   Save dir: /Users/sakshaymahna/Documents/fly-cord-robots/data/simulation_output/FullVNC_DNg100_Stim/debug/run_id=closed_loop_s641_r6
Created 1 stimulus configurations
🔄 Creating fresh config for experiment 'FullVNC_DNg100_Stim' with paths template 'fly_robot'
✅ Created fresh config:
   Experiment: FullVNC_DNg100_Stim
   Version: debug
   Paths template: fly_robot
   Save dir: /Users/sakshaymahna/Documents/fly-cord-robots/data/simulation_output/FullVNC_DNg100_Stim/debug/run_id=closed_loop_s641_r7
Created 1 stimulus configurations
    iter  2: drive=  500.00  median n_active=   6745.0  err=1345.9%
🔄 Creating fresh config for experiment 'FullVNC_DNg100_Stim' with paths template 'fly_robot'
✅ Created fresh config:
   Experiment: FullVNC_DNg100_Stim
   Version: debug
   Paths template: fly_robot
   Save dir: /Users/sakshaymahna/Documents/fly-cord-robots/data/simulation_output/FullVNC_DNg100_Stim/debug/run_id=closed_loop_s641_r0
Created 1 stimulus configurations
🔄 Creating fresh config for experiment 'FullVNC_DNg100_Stim' with paths template 'fly_robot'
✅ Created fresh config:
   Experiment: FullVNC_DNg100_Stim
   Version: debug
   Paths template: fly_robot
   Save dir: /Users/sakshaymahna/Documents/fly-cord-robots/data/simulation_output/FullVNC_DNg100_Stim/debug/run_id=closed_loop_s641_r1
Created 1 stimulus configurations
🔄 Creating fresh config for experiment 'FullVNC_DNg100_Stim' with paths template 'fly_robot'
✅ Created fresh config:
   Experiment: FullVNC_DNg100_Stim
   Version: debug
   Paths template: fly_robot
   Save dir: /Users/sakshaymahna/Documents/fly-cord-robots/data/simulation_output/FullVNC_DNg100_Stim/debug/run_id=closed_loop_s641_r2
Created 1 stimulus configurations
🔄 Creating fresh config for experiment 'FullVNC_DNg100_Stim' with paths template 'fly_robot'
✅ Created fresh config:
   Experiment: FullVNC_DNg100_Stim
   Version: debug
   Paths template: fly_robot
   Save dir: /Users/sakshaymahna/Documents/fly-cord-robots/data/simulation_output/FullVNC_DNg100_Stim/debug/run_id=closed_loop_s641_r3
Created 1 stimulus configurations
🔄 Creating fresh config for experiment 'FullVNC_DNg100_Stim' with paths template 'fly_robot'
✅ Created fresh config:
   Experiment: FullVNC_DNg100_Stim
   Version: debug
   Paths template: fly_robot
   Save dir: /Users/sakshaymahna/Documents/fly-cord-robots/data/simulation_output/FullVNC_DNg100_Stim/debug/run_id=closed_loop_s641_r4
Created 1 stimulus configurations
🔄 Creating fresh config for experiment 'FullVNC_DNg100_Stim' with paths template 'fly_robot'
✅ Created fresh config:
   Experiment: FullVNC_DNg100_Stim
   Version: debug
   Paths template: fly_robot
   Save dir: /Users/sakshaymahna/Documents/fly-cord-robots/data/simulation_output/FullVNC_DNg100_Stim/debug/run_id=closed_loop_s641_r5
Created 1 stimulus configurations
🔄 Creating fresh config for experiment 'FullVNC_DNg100_Stim' with paths template 'fly_robot'
✅ Created fresh config:
   Experiment: FullVNC_DNg100_Stim
   Version: debug
   Paths template: fly_robot
   Save dir: /Users/sakshaymahna/Documents/fly-cord-robots/data/simulation_output/FullVNC_DNg100_Stim/debug/run_id=closed_loop_s641_r6
Created 1 stimulus configurations
🔄 Creating fresh config for experiment 'FullVNC_DNg100_Stim' with paths template 'fly_robot'
✅ Created fresh config:
   Experiment: FullVNC_DNg100_Stim
   Version: debug
   Paths template: fly_robot
   Save dir: /Users/sakshaymahna/Documents/fly-cord-robots/data/simulation_output/FullVNC_DNg100_Stim/debug/run_id=closed_loop_s641_r7
Created 1 stimulus configurations
    iter  3: drive=  250.00  median n_active=     42.5  err= 90.9%
🔄 Creating fresh config for experiment 'FullVNC_DNg100_Stim' with paths template 'fly_robot'
✅ Created fresh config:
   Experiment: FullVNC_DNg100_Stim
   Version: debug
   Paths template: fly_robot
   Save dir: /Users/sakshaymahna/Documents/fly-cord-robots/data/simulation_output/FullVNC_DNg100_Stim/debug/run_id=closed_loop_s641_r0
Created 1 stimulus configurations
🔄 Creating fresh config for experiment 'FullVNC_DNg100_Stim' with paths template 'fly_robot'
✅ Created fresh config:
   Experiment: FullVNC_DNg100_Stim
   Version: debug
   Paths template: fly_robot
   Save dir: /Users/sakshaymahna/Documents/fly-cord-robots/data/simulation_output/FullVNC_DNg100_Stim/debug/run_id=closed_loop_s641_r1
Created 1 stimulus configurations
🔄 Creating fresh config for experiment 'FullVNC_DNg100_Stim' with paths template 'fly_robot'
✅ Created fresh config:
   Experiment: FullVNC_DNg100_Stim
   Version: debug
   Paths template: fly_robot
   Save dir: /Users/sakshaymahna/Documents/fly-cord-robots/data/simulation_output/FullVNC_DNg100_Stim/debug/run_id=closed_loop_s641_r2
Created 1 stimulus configurations
🔄 Creating fresh config for experiment 'FullVNC_DNg100_Stim' with paths template 'fly_robot'
✅ Created fresh config:
   Experiment: FullVNC_DNg100_Stim
   Version: debug
   Paths template: fly_robot
   Save dir: /Users/sakshaymahna/Documents/fly-cord-robots/data/simulation_output/FullVNC_DNg100_Stim/debug/run_id=closed_loop_s641_r3
Created 1 stimulus configurations
🔄 Creating fresh config for experiment 'FullVNC_DNg100_Stim' with paths template 'fly_robot'
✅ Created fresh config:
   Experiment: FullVNC_DNg100_Stim
   Version: debug
   Paths template: fly_robot
   Save dir: /Users/sakshaymahna/Documents/fly-cord-robots/data/simulation_output/FullVNC_DNg100_Stim/debug/run_id=closed_loop_s641_r4
Created 1 stimulus configurations
🔄 Creating fresh config for experiment 'FullVNC_DNg100_Stim' with paths template 'fly_robot'
✅ Created fresh config:
   Experiment: FullVNC_DNg100_Stim
   Version: debug
   Paths template: fly_robot
   Save dir: /Users/sakshaymahna/Documents/fly-cord-robots/data/simulation_output/FullVNC_DNg100_Stim/debug/run_id=closed_loop_s641_r5
Created 1 stimulus configurations
🔄 Creating fresh config for experiment 'FullVNC_DNg100_Stim' with paths template 'fly_robot'
✅ Created fresh config:
   Experiment: FullVNC_DNg100_Stim
   Version: debug
   Paths template: fly_robot
   Save dir: /Users/sakshaymahna/Documents/fly-cord-robots/data/simulation_output/FullVNC_DNg100_Stim/debug/run_id=closed_loop_s641_r6
Created 1 stimulus configurations
🔄 Creating fresh config for experiment 'FullVNC_DNg100_Stim' with paths template 'fly_robot'
✅ Created fresh config:
   Experiment: FullVNC_DNg100_Stim
   Version: debug
   Paths template: fly_robot
   Save dir: /Users/sakshaymahna/Documents/fly-cord-robots/data/simulation_output/FullVNC_DNg100_Stim/debug/run_id=closed_loop_s641_r7
Created 1 stimulus configurations
    iter  4: drive=  375.00  median n_active=   6764.5  err=1350.1%
🔄 Creating fresh config for experiment 'FullVNC_DNg100_Stim' with paths template 'fly_robot'
✅ Created fresh config:
   Experiment: FullVNC_DNg100_Stim
   Version: debug
   Paths template: fly_robot
   Save dir: /Users/sakshaymahna/Documents/fly-cord-robots/data/simulation_output/FullVNC_DNg100_Stim/debug/run_id=closed_loop_s641_r0
Created 1 stimulus configurations
🔄 Creating fresh config for experiment 'FullVNC_DNg100_Stim' with paths template 'fly_robot'
✅ Created fresh config:
   Experiment: FullVNC_DNg100_Stim
   Version: debug
   Paths template: fly_robot
   Save dir: /Users/sakshaymahna/Documents/fly-cord-robots/data/simulation_output/FullVNC_DNg100_Stim/debug/run_id=closed_loop_s641_r1
Created 1 stimulus configurations
🔄 Creating fresh config for experiment 'FullVNC_DNg100_Stim' with paths template 'fly_robot'
✅ Created fresh config:
   Experiment: FullVNC_DNg100_Stim
   Version: debug
   Paths template: fly_robot
   Save dir: /Users/sakshaymahna/Documents/fly-cord-robots/data/simulation_output/FullVNC_DNg100_Stim/debug/run_id=closed_loop_s641_r2
Created 1 stimulus configurations
🔄 Creating fresh config for experiment 'FullVNC_DNg100_Stim' with paths template 'fly_robot'
✅ Created fresh config:
   Experiment: FullVNC_DNg100_Stim
   Version: debug
   Paths template: fly_robot
   Save dir: /Users/sakshaymahna/Documents/fly-cord-robots/data/simulation_output/FullVNC_DNg100_Stim/debug/run_id=closed_loop_s641_r3
Created 1 stimulus configurations
🔄 Creating fresh config for experiment 'FullVNC_DNg100_Stim' with paths template 'fly_robot'
✅ Created fresh config:
   Experiment: FullVNC_DNg100_Stim
   Version: debug
   Paths template: fly_robot
   Save dir: /Users/sakshaymahna/Documents/fly-cord-robots/data/simulation_output/FullVNC_DNg100_Stim/debug/run_id=closed_loop_s641_r4
Created 1 stimulus configurations
🔄 Creating fresh config for experiment 'FullVNC_DNg100_Stim' with paths template 'fly_robot'
✅ Created fresh config:
   Experiment: FullVNC_DNg100_Stim
   Version: debug
   Paths template: fly_robot
   Save dir: /Users/sakshaymahna/Documents/fly-cord-robots/data/simulation_output/FullVNC_DNg100_Stim/debug/run_id=closed_loop_s641_r5
Created 1 stimulus configurations
🔄 Creating fresh config for experiment 'FullVNC_DNg100_Stim' with paths template 'fly_robot'
✅ Created fresh config:
   Experiment: FullVNC_DNg100_Stim
   Version: debug
   Paths template: fly_robot
   Save dir: /Users/sakshaymahna/Documents/fly-cord-robots/data/simulation_output/FullVNC_DNg100_Stim/debug/run_id=closed_loop_s641_r6
Created 1 stimulus configurations
🔄 Creating fresh config for experiment 'FullVNC_DNg100_Stim' with paths template 'fly_robot'
✅ Created fresh config:
   Experiment: FullVNC_DNg100_Stim
   Version: debug
   Paths template: fly_robot
   Save dir: /Users/sakshaymahna/Documents/fly-cord-robots/data/simulation_output/FullVNC_DNg100_Stim/debug/run_id=closed_loop_s641_r7
Created 1 stimulus configurations
    iter  5: drive=  312.50  median n_active=   3496.0  err=649.4%
🔄 Creating fresh config for experiment 'FullVNC_DNg100_Stim' with paths template 'fly_robot'
✅ Created fresh config:
   Experiment: FullVNC_DNg100_Stim
   Version: debug
   Paths template: fly_robot
   Save dir: /Users/sakshaymahna/Documents/fly-cord-robots/data/simulation_output/FullVNC_DNg100_Stim/debug/run_id=closed_loop_s641_r0
Created 1 stimulus configurations
🔄 Creating fresh config for experiment 'FullVNC_DNg100_Stim' with paths template 'fly_robot'
✅ Created fresh config:
   Experiment: FullVNC_DNg100_Stim
   Version: debug
   Paths template: fly_robot
   Save dir: /Users/sakshaymahna/Documents/fly-cord-robots/data/simulation_output/FullVNC_DNg100_Stim/debug/run_id=closed_loop_s641_r1
Created 1 stimulus configurations
🔄 Creating fresh config for experiment 'FullVNC_DNg100_Stim' with paths template 'fly_robot'
✅ Created fresh config:
   Experiment: FullVNC_DNg100_Stim
   Version: debug
   Paths template: fly_robot
   Save dir: /Users/sakshaymahna/Documents/fly-cord-robots/data/simulation_output/FullVNC_DNg100_Stim/debug/run_id=closed_loop_s641_r2
Created 1 stimulus configurations
🔄 Creating fresh config for experiment 'FullVNC_DNg100_Stim' with paths template 'fly_robot'
✅ Created fresh config:
   Experiment: FullVNC_DNg100_Stim
   Version: debug
   Paths template: fly_robot
   Save dir: /Users/sakshaymahna/Documents/fly-cord-robots/data/simulation_output/FullVNC_DNg100_Stim/debug/run_id=closed_loop_s641_r3
Created 1 stimulus configurations
🔄 Creating fresh config for experiment 'FullVNC_DNg100_Stim' with paths template 'fly_robot'
✅ Created fresh config:
   Experiment: FullVNC_DNg100_Stim
   Version: debug
   Paths template: fly_robot
   Save dir: /Users/sakshaymahna/Documents/fly-cord-robots/data/simulation_output/FullVNC_DNg100_Stim/debug/run_id=closed_loop_s641_r4
Created 1 stimulus configurations
🔄 Creating fresh config for experiment 'FullVNC_DNg100_Stim' with paths template 'fly_robot'
✅ Created fresh config:
   Experiment: FullVNC_DNg100_Stim
   Version: debug
   Paths template: fly_robot
   Save dir: /Users/sakshaymahna/Documents/fly-cord-robots/data/simulation_output/FullVNC_DNg100_Stim/debug/run_id=closed_loop_s641_r5
Created 1 stimulus configurations
🔄 Creating fresh config for experiment 'FullVNC_DNg100_Stim' with paths template 'fly_robot'
✅ Created fresh config:
   Experiment: FullVNC_DNg100_Stim
   Version: debug
   Paths template: fly_robot
   Save dir: /Users/sakshaymahna/Documents/fly-cord-robots/data/simulation_output/FullVNC_DNg100_Stim/debug/run_id=closed_loop_s641_r6
Created 1 stimulus configurations
🔄 Creating fresh config for experiment 'FullVNC_DNg100_Stim' with paths template 'fly_robot'
✅ Created fresh config:
   Experiment: FullVNC_DNg100_Stim
   Version: debug
   Paths template: fly_robot
   Save dir: /Users/sakshaymahna/Documents/fly-cord-robots/data/simulation_output/FullVNC_DNg100_Stim/debug/run_id=closed_loop_s641_r7
Created 1 stimulus configurations
    iter  6: drive=  281.25  median n_active=    107.0  err= 77.1%
🔄 Creating fresh config for experiment 'FullVNC_DNg100_Stim' with paths template 'fly_robot'
✅ Created fresh config:
   Experiment: FullVNC_DNg100_Stim
   Version: debug
   Paths template: fly_robot
   Save dir: /Users/sakshaymahna/Documents/fly-cord-robots/data/simulation_output/FullVNC_DNg100_Stim/debug/run_id=closed_loop_s641_r0
Created 1 stimulus configurations
🔄 Creating fresh config for experiment 'FullVNC_DNg100_Stim' with paths template 'fly_robot'
✅ Created fresh config:
   Experiment: FullVNC_DNg100_Stim
   Version: debug
   Paths template: fly_robot
   Save dir: /Users/sakshaymahna/Documents/fly-cord-robots/data/simulation_output/FullVNC_DNg100_Stim/debug/run_id=closed_loop_s641_r1
Created 1 stimulus configurations
🔄 Creating fresh config for experiment 'FullVNC_DNg100_Stim' with paths template 'fly_robot'
✅ Created fresh config:
   Experiment: FullVNC_DNg100_Stim
   Version: debug
   Paths template: fly_robot
   Save dir: /Users/sakshaymahna/Documents/fly-cord-robots/data/simulation_output/FullVNC_DNg100_Stim/debug/run_id=closed_loop_s641_r2
Created 1 stimulus configurations
🔄 Creating fresh config for experiment 'FullVNC_DNg100_Stim' with paths template 'fly_robot'
✅ Created fresh config:
   Experiment: FullVNC_DNg100_Stim
   Version: debug
   Paths template: fly_robot
   Save dir: /Users/sakshaymahna/Documents/fly-cord-robots/data/simulation_output/FullVNC_DNg100_Stim/debug/run_id=closed_loop_s641_r3
Created 1 stimulus configurations
🔄 Creating fresh config for experiment 'FullVNC_DNg100_Stim' with paths template 'fly_robot'
✅ Created fresh config:
   Experiment: FullVNC_DNg100_Stim
   Version: debug
   Paths template: fly_robot
   Save dir: /Users/sakshaymahna/Documents/fly-cord-robots/data/simulation_output/FullVNC_DNg100_Stim/debug/run_id=closed_loop_s641_r4
Created 1 stimulus configurations
🔄 Creating fresh config for experiment 'FullVNC_DNg100_Stim' with paths template 'fly_robot'
✅ Created fresh config:
   Experiment: FullVNC_DNg100_Stim
   Version: debug
   Paths template: fly_robot
   Save dir: /Users/sakshaymahna/Documents/fly-cord-robots/data/simulation_output/FullVNC_DNg100_Stim/debug/run_id=closed_loop_s641_r5
Created 1 stimulus configurations
🔄 Creating fresh config for experiment 'FullVNC_DNg100_Stim' with paths template 'fly_robot'
✅ Created fresh config:
   Experiment: FullVNC_DNg100_Stim
   Version: debug
   Paths template: fly_robot
   Save dir: /Users/sakshaymahna/Documents/fly-cord-robots/data/simulation_output/FullVNC_DNg100_Stim/debug/run_id=closed_loop_s641_r6
Created 1 stimulus configurations
🔄 Creating fresh config for experiment 'FullVNC_DNg100_Stim' with paths template 'fly_robot'
✅ Created fresh config:
   Experiment: FullVNC_DNg100_Stim
   Version: debug
   Paths template: fly_robot
   Save dir: /Users/sakshaymahna/Documents/fly-cord-robots/data/simulation_output/FullVNC_DNg100_Stim/debug/run_id=closed_loop_s641_r7
Created 1 stimulus configurations
    iter  7: drive=  296.88  median n_active=    167.5  err= 64.1%
🔄 Creating fresh config for experiment 'FullVNC_DNg100_Stim' with paths template 'fly_robot'
✅ Created fresh config:
   Experiment: FullVNC_DNg100_Stim
   Version: debug
   Paths template: fly_robot
   Save dir: /Users/sakshaymahna/Documents/fly-cord-robots/data/simulation_output/FullVNC_DNg100_Stim/debug/run_id=closed_loop_s641_r0
Created 1 stimulus configurations
🔄 Creating fresh config for experiment 'FullVNC_DNg100_Stim' with paths template 'fly_robot'
✅ Created fresh config:
   Experiment: FullVNC_DNg100_Stim
   Version: debug
   Paths template: fly_robot
   Save dir: /Users/sakshaymahna/Documents/fly-cord-robots/data/simulation_output/FullVNC_DNg100_Stim/debug/run_id=closed_loop_s641_r1
Created 1 stimulus configurations
🔄 Creating fresh config for experiment 'FullVNC_DNg100_Stim' with paths template 'fly_robot'
✅ Created fresh config:
   Experiment: FullVNC_DNg100_Stim
   Version: debug
   Paths template: fly_robot
   Save dir: /Users/sakshaymahna/Documents/fly-cord-robots/data/simulation_output/FullVNC_DNg100_Stim/debug/run_id=closed_loop_s641_r2
Created 1 stimulus configurations
🔄 Creating fresh config for experiment 'FullVNC_DNg100_Stim' with paths template 'fly_robot'
✅ Created fresh config:
   Experiment: FullVNC_DNg100_Stim
   Version: debug
   Paths template: fly_robot
   Save dir: /Users/sakshaymahna/Documents/fly-cord-robots/data/simulation_output/FullVNC_DNg100_Stim/debug/run_id=closed_loop_s641_r3
Created 1 stimulus configurations
🔄 Creating fresh config for experiment 'FullVNC_DNg100_Stim' with paths template 'fly_robot'
✅ Created fresh config:
   Experiment: FullVNC_DNg100_Stim
   Version: debug
   Paths template: fly_robot
   Save dir: /Users/sakshaymahna/Documents/fly-cord-robots/data/simulation_output/FullVNC_DNg100_Stim/debug/run_id=closed_loop_s641_r4
Created 1 stimulus configurations
🔄 Creating fresh config for experiment 'FullVNC_DNg100_Stim' with paths template 'fly_robot'
✅ Created fresh config:
   Experiment: FullVNC_DNg100_Stim
   Version: debug
   Paths template: fly_robot
   Save dir: /Users/sakshaymahna/Documents/fly-cord-robots/data/simulation_output/FullVNC_DNg100_Stim/debug/run_id=closed_loop_s641_r5
Created 1 stimulus configurations
🔄 Creating fresh config for experiment 'FullVNC_DNg100_Stim' with paths template 'fly_robot'
✅ Created fresh config:
   Experiment: FullVNC_DNg100_Stim
   Version: debug
   Paths template: fly_robot
   Save dir: /Users/sakshaymahna/Documents/fly-cord-robots/data/simulation_output/FullVNC_DNg100_Stim/debug/run_id=closed_loop_s641_r6
Created 1 stimulus configurations
🔄 Creating fresh config for experiment 'FullVNC_DNg100_Stim' with paths template 'fly_robot'
✅ Created fresh config:
   Experiment: FullVNC_DNg100_Stim
   Version: debug
   Paths template: fly_robot
   Save dir: /Users/sakshaymahna/Documents/fly-cord-robots/data/simulation_output/FullVNC_DNg100_Stim/debug/run_id=closed_loop_s641_r7
Created 1 stimulus configurations
    iter  8: drive=  304.69  median n_active=    205.5  err= 55.9%
🔄 Creating fresh config for experiment 'FullVNC_DNg100_Stim' with paths template 'fly_robot'
✅ Created fresh config:
   Experiment: FullVNC_DNg100_Stim
   Version: debug
   Paths template: fly_robot
   Save dir: /Users/sakshaymahna/Documents/fly-cord-robots/data/simulation_output/FullVNC_DNg100_Stim/debug/run_id=closed_loop_s641_r0
Created 1 stimulus configurations
🔄 Creating fresh config for experiment 'FullVNC_DNg100_Stim' with paths template 'fly_robot'
✅ Created fresh config:
   Experiment: FullVNC_DNg100_Stim
   Version: debug
   Paths template: fly_robot
   Save dir: /Users/sakshaymahna/Documents/fly-cord-robots/data/simulation_output/FullVNC_DNg100_Stim/debug/run_id=closed_loop_s641_r1
Created 1 stimulus configurations
🔄 Creating fresh config for experiment 'FullVNC_DNg100_Stim' with paths template 'fly_robot'
✅ Created fresh config:
   Experiment: FullVNC_DNg100_Stim
   Version: debug
   Paths template: fly_robot
   Save dir: /Users/sakshaymahna/Documents/fly-cord-robots/data/simulation_output/FullVNC_DNg100_Stim/debug/run_id=closed_loop_s641_r2
Created 1 stimulus configurations
🔄 Creating fresh config for experiment 'FullVNC_DNg100_Stim' with paths template 'fly_robot'
✅ Created fresh config:
   Experiment: FullVNC_DNg100_Stim
   Version: debug
   Paths template: fly_robot
   Save dir: /Users/sakshaymahna/Documents/fly-cord-robots/data/simulation_output/FullVNC_DNg100_Stim/debug/run_id=closed_loop_s641_r3
Created 1 stimulus configurations
🔄 Creating fresh config for experiment 'FullVNC_DNg100_Stim' with paths template 'fly_robot'
✅ Created fresh config:
   Experiment: FullVNC_DNg100_Stim
   Version: debug
   Paths template: fly_robot
   Save dir: /Users/sakshaymahna/Documents/fly-cord-robots/data/simulation_output/FullVNC_DNg100_Stim/debug/run_id=closed_loop_s641_r4
Created 1 stimulus configurations
🔄 Creating fresh config for experiment 'FullVNC_DNg100_Stim' with paths template 'fly_robot'
✅ Created fresh config:
   Experiment: FullVNC_DNg100_Stim
   Version: debug
   Paths template: fly_robot
   Save dir: /Users/sakshaymahna/Documents/fly-cord-robots/data/simulation_output/FullVNC_DNg100_Stim/debug/run_id=closed_loop_s641_r5
Created 1 stimulus configurations
🔄 Creating fresh config for experiment 'FullVNC_DNg100_Stim' with paths template 'fly_robot'
✅ Created fresh config:
   Experiment: FullVNC_DNg100_Stim
   Version: debug
   Paths template: fly_robot
   Save dir: /Users/sakshaymahna/Documents/fly-cord-robots/data/simulation_output/FullVNC_DNg100_Stim/debug/run_id=closed_loop_s641_r6
Created 1 stimulus configurations
🔄 Creating fresh config for experiment 'FullVNC_DNg100_Stim' with paths template 'fly_robot'
✅ Created fresh config:
   Experiment: FullVNC_DNg100_Stim
   Version: debug
   Paths template: fly_robot
   Save dir: /Users/sakshaymahna/Documents/fly-cord-robots/data/simulation_output/FullVNC_DNg100_Stim/debug/run_id=closed_loop_s641_r7
Created 1 stimulus configurations
    iter  9: drive=  308.59  median n_active=    231.5  err= 50.4%
🔄 Creating fresh config for experiment 'FullVNC_DNg100_Stim' with paths template 'fly_robot'
✅ Created fresh config:
   Experiment: FullVNC_DNg100_Stim
   Version: debug
   Paths template: fly_robot
   Save dir: /Users/sakshaymahna/Documents/fly-cord-robots/data/simulation_output/FullVNC_DNg100_Stim/debug/run_id=closed_loop_s641_r0
Created 1 stimulus configurations
🔄 Creating fresh config for experiment 'FullVNC_DNg100_Stim' with paths template 'fly_robot'
✅ Created fresh config:
   Experiment: FullVNC_DNg100_Stim
   Version: debug
   Paths template: fly_robot
   Save dir: /Users/sakshaymahna/Documents/fly-cord-robots/data/simulation_output/FullVNC_DNg100_Stim/debug/run_id=closed_loop_s641_r1
Created 1 stimulus configurations
🔄 Creating fresh config for experiment 'FullVNC_DNg100_Stim' with paths template 'fly_robot'
✅ Created fresh config:
   Experiment: FullVNC_DNg100_Stim
   Version: debug
   Paths template: fly_robot
   Save dir: /Users/sakshaymahna/Documents/fly-cord-robots/data/simulation_output/FullVNC_DNg100_Stim/debug/run_id=closed_loop_s641_r2
Created 1 stimulus configurations
🔄 Creating fresh config for experiment 'FullVNC_DNg100_Stim' with paths template 'fly_robot'
✅ Created fresh config:
   Experiment: FullVNC_DNg100_Stim
   Version: debug
   Paths template: fly_robot
   Save dir: /Users/sakshaymahna/Documents/fly-cord-robots/data/simulation_output/FullVNC_DNg100_Stim/debug/run_id=closed_loop_s641_r3
Created 1 stimulus configurations
🔄 Creating fresh config for experiment 'FullVNC_DNg100_Stim' with paths template 'fly_robot'
✅ Created fresh config:
   Experiment: FullVNC_DNg100_Stim
   Version: debug
   Paths template: fly_robot
   Save dir: /Users/sakshaymahna/Documents/fly-cord-robots/data/simulation_output/FullVNC_DNg100_Stim/debug/run_id=closed_loop_s641_r4
Created 1 stimulus configurations
🔄 Creating fresh config for experiment 'FullVNC_DNg100_Stim' with paths template 'fly_robot'
✅ Created fresh config:
   Experiment: FullVNC_DNg100_Stim
   Version: debug
   Paths template: fly_robot
   Save dir: /Users/sakshaymahna/Documents/fly-cord-robots/data/simulation_output/FullVNC_DNg100_Stim/debug/run_id=closed_loop_s641_r5
Created 1 stimulus configurations
🔄 Creating fresh config for experiment 'FullVNC_DNg100_Stim' with paths template 'fly_robot'
✅ Created fresh config:
   Experiment: FullVNC_DNg100_Stim
   Version: debug
   Paths template: fly_robot
   Save dir: /Users/sakshaymahna/Documents/fly-cord-robots/data/simulation_output/FullVNC_DNg100_Stim/debug/run_id=closed_loop_s641_r6
Created 1 stimulus configurations
🔄 Creating fresh config for experiment 'FullVNC_DNg100_Stim' with paths template 'fly_robot'
✅ Created fresh config:
   Experiment: FullVNC_DNg100_Stim
   Version: debug
   Paths template: fly_robot
   Save dir: /Users/sakshaymahna/Documents/fly-cord-robots/data/simulation_output/FullVNC_DNg100_Stim/debug/run_id=closed_loop_s641_r7
Created 1 stimulus configurations
    iter 10: drive=  310.55  median n_active=    248.0  err= 46.8%
🔄 Creating fresh config for experiment 'FullVNC_DNg100_Stim' with paths template 'fly_robot'
✅ Created fresh config:
   Experiment: FullVNC_DNg100_Stim
   Version: debug
   Paths template: fly_robot
   Save dir: /Users/sakshaymahna/Documents/fly-cord-robots/data/simulation_output/FullVNC_DNg100_Stim/debug/run_id=closed_loop_s641_r0
Created 1 stimulus configurations
🔄 Creating fresh config for experiment 'FullVNC_DNg100_Stim' with paths template 'fly_robot'
✅ Created fresh config:
   Experiment: FullVNC_DNg100_Stim
   Version: debug
   Paths template: fly_robot
   Save dir: /Users/sakshaymahna/Documents/fly-cord-robots/data/simulation_output/FullVNC_DNg100_Stim/debug/run_id=closed_loop_s641_r1
Created 1 stimulus configurations
🔄 Creating fresh config for experiment 'FullVNC_DNg100_Stim' with paths template 'fly_robot'
✅ Created fresh config:
   Experiment: FullVNC_DNg100_Stim
   Version: debug
   Paths template: fly_robot
   Save dir: /Users/sakshaymahna/Documents/fly-cord-robots/data/simulation_output/FullVNC_DNg100_Stim/debug/run_id=closed_loop_s641_r2
Created 1 stimulus configurations
🔄 Creating fresh config for experiment 'FullVNC_DNg100_Stim' with paths template 'fly_robot'
✅ Created fresh config:
   Experiment: FullVNC_DNg100_Stim
   Version: debug
   Paths template: fly_robot
   Save dir: /Users/sakshaymahna/Documents/fly-cord-robots/data/simulation_output/FullVNC_DNg100_Stim/debug/run_id=closed_loop_s641_r3
Created 1 stimulus configurations
🔄 Creating fresh config for experiment 'FullVNC_DNg100_Stim' with paths template 'fly_robot'
✅ Created fresh config:
   Experiment: FullVNC_DNg100_Stim
   Version: debug
   Paths template: fly_robot
   Save dir: /Users/sakshaymahna/Documents/fly-cord-robots/data/simulation_output/FullVNC_DNg100_Stim/debug/run_id=closed_loop_s641_r4
Created 1 stimulus configurations
🔄 Creating fresh config for experiment 'FullVNC_DNg100_Stim' with paths template 'fly_robot'
✅ Created fresh config:
   Experiment: FullVNC_DNg100_Stim
   Version: debug
   Paths template: fly_robot
   Save dir: /Users/sakshaymahna/Documents/fly-cord-robots/data/simulation_output/FullVNC_DNg100_Stim/debug/run_id=closed_loop_s641_r5
Created 1 stimulus configurations
🔄 Creating fresh config for experiment 'FullVNC_DNg100_Stim' with paths template 'fly_robot'
✅ Created fresh config:
   Experiment: FullVNC_DNg100_Stim
   Version: debug
   Paths template: fly_robot
   Save dir: /Users/sakshaymahna/Documents/fly-cord-robots/data/simulation_output/FullVNC_DNg100_Stim/debug/run_id=closed_loop_s641_r6
Created 1 stimulus configurations
🔄 Creating fresh config for experiment 'FullVNC_DNg100_Stim' with paths template 'fly_robot'
✅ Created fresh config:
   Experiment: FullVNC_DNg100_Stim
   Version: debug
   Paths template: fly_robot
   Save dir: /Users/sakshaymahna/Documents/fly-cord-robots/data/simulation_output/FullVNC_DNg100_Stim/debug/run_id=closed_loop_s641_r7
Created 1 stimulus configurations
    iter 11: drive=  311.52  median n_active=    255.5  err= 45.2%
🔄 Creating fresh config for experiment 'FullVNC_DNg100_Stim' with paths template 'fly_robot'
✅ Created fresh config:
   Experiment: FullVNC_DNg100_Stim
   Version: debug
   Paths template: fly_robot
   Save dir: /Users/sakshaymahna/Documents/fly-cord-robots/data/simulation_output/FullVNC_DNg100_Stim/debug/run_id=closed_loop_s641_r0
Created 1 stimulus configurations
🔄 Creating fresh config for experiment 'FullVNC_DNg100_Stim' with paths template 'fly_robot'
✅ Created fresh config:
   Experiment: FullVNC_DNg100_Stim
   Version: debug
   Paths template: fly_robot
   Save dir: /Users/sakshaymahna/Documents/fly-cord-robots/data/simulation_output/FullVNC_DNg100_Stim/debug/run_id=closed_loop_s641_r1
Created 1 stimulus configurations
🔄 Creating fresh config for experiment 'FullVNC_DNg100_Stim' with paths template 'fly_robot'
✅ Created fresh config:
   Experiment: FullVNC_DNg100_Stim
   Version: debug
   Paths template: fly_robot
   Save dir: /Users/sakshaymahna/Documents/fly-cord-robots/data/simulation_output/FullVNC_DNg100_Stim/debug/run_id=closed_loop_s641_r2
Created 1 stimulus configurations
🔄 Creating fresh config for experiment 'FullVNC_DNg100_Stim' with paths template 'fly_robot'
✅ Created fresh config:
   Experiment: FullVNC_DNg100_Stim
   Version: debug
   Paths template: fly_robot
   Save dir: /Users/sakshaymahna/Documents/fly-cord-robots/data/simulation_output/FullVNC_DNg100_Stim/debug/run_id=closed_loop_s641_r3
Created 1 stimulus configurations
🔄 Creating fresh config for experiment 'FullVNC_DNg100_Stim' with paths template 'fly_robot'
✅ Created fresh config:
   Experiment: FullVNC_DNg100_Stim
   Version: debug
   Paths template: fly_robot
   Save dir: /Users/sakshaymahna/Documents/fly-cord-robots/data/simulation_output/FullVNC_DNg100_Stim/debug/run_id=closed_loop_s641_r4
Created 1 stimulus configurations
🔄 Creating fresh config for experiment 'FullVNC_DNg100_Stim' with paths template 'fly_robot'
✅ Created fresh config:
   Experiment: FullVNC_DNg100_Stim
   Version: debug
   Paths template: fly_robot
   Save dir: /Users/sakshaymahna/Documents/fly-cord-robots/data/simulation_output/FullVNC_DNg100_Stim/debug/run_id=closed_loop_s641_r5
Created 1 stimulus configurations
🔄 Creating fresh config for experiment 'FullVNC_DNg100_Stim' with paths template 'fly_robot'
✅ Created fresh config:
   Experiment: FullVNC_DNg100_Stim
   Version: debug
   Paths template: fly_robot
   Save dir: /Users/sakshaymahna/Documents/fly-cord-robots/data/simulation_output/FullVNC_DNg100_Stim/debug/run_id=closed_loop_s641_r6
Created 1 stimulus configurations
🔄 Creating fresh config for experiment 'FullVNC_DNg100_Stim' with paths template 'fly_robot'
✅ Created fresh config:
   Experiment: FullVNC_DNg100_Stim
   Version: debug
   Paths template: fly_robot
   Save dir: /Users/sakshaymahna/Documents/fly-cord-robots/data/simulation_output/FullVNC_DNg100_Stim/debug/run_id=closed_loop_s641_r7
Created 1 stimulus configurations
    iter 12: drive=  312.01  median n_active=   3495.0  err=649.2%
  matched drive = 311.52  median n_active = 255.5  converged = False
  VERDICT: FAILS reachability — cannot be activity-matched

=== C2 ===
🔄 Creating fresh config for experiment 'FullVNC_DNg100_Stim' with paths template 'fly_robot'
✅ Created fresh config:
   Experiment: FullVNC_DNg100_Stim
   Version: debug
   Paths template: fly_robot
   Save dir: /Users/sakshaymahna/Documents/fly-cord-robots/data/simulation_output/FullVNC_DNg100_Stim/debug/run_id=closed_loop_s641_r0
Created 1 stimulus configurations
🔄 Creating fresh config for experiment 'FullVNC_DNg100_Stim' with paths template 'fly_robot'
✅ Created fresh config:
   Experiment: FullVNC_DNg100_Stim
   Version: debug
   Paths template: fly_robot
   Save dir: /Users/sakshaymahna/Documents/fly-cord-robots/data/simulation_output/FullVNC_DNg100_Stim/debug/run_id=closed_loop_s641_r1
Created 1 stimulus configurations
🔄 Creating fresh config for experiment 'FullVNC_DNg100_Stim' with paths template 'fly_robot'
✅ Created fresh config:
   Experiment: FullVNC_DNg100_Stim
   Version: debug
   Paths template: fly_robot
   Save dir: /Users/sakshaymahna/Documents/fly-cord-robots/data/simulation_output/FullVNC_DNg100_Stim/debug/run_id=closed_loop_s641_r2
Created 1 stimulus configurations
🔄 Creating fresh config for experiment 'FullVNC_DNg100_Stim' with paths template 'fly_robot'
✅ Created fresh config:
   Experiment: FullVNC_DNg100_Stim
   Version: debug
   Paths template: fly_robot
   Save dir: /Users/sakshaymahna/Documents/fly-cord-robots/data/simulation_output/FullVNC_DNg100_Stim/debug/run_id=closed_loop_s641_r3
Created 1 stimulus configurations
🔄 Creating fresh config for experiment 'FullVNC_DNg100_Stim' with paths template 'fly_robot'
✅ Created fresh config:
   Experiment: FullVNC_DNg100_Stim
   Version: debug
   Paths template: fly_robot
   Save dir: /Users/sakshaymahna/Documents/fly-cord-robots/data/simulation_output/FullVNC_DNg100_Stim/debug/run_id=closed_loop_s641_r4
Created 1 stimulus configurations
🔄 Creating fresh config for experiment 'FullVNC_DNg100_Stim' with paths template 'fly_robot'
✅ Created fresh config:
   Experiment: FullVNC_DNg100_Stim
   Version: debug
   Paths template: fly_robot
   Save dir: /Users/sakshaymahna/Documents/fly-cord-robots/data/simulation_output/FullVNC_DNg100_Stim/debug/run_id=closed_loop_s641_r5
Created 1 stimulus configurations
🔄 Creating fresh config for experiment 'FullVNC_DNg100_Stim' with paths template 'fly_robot'
✅ Created fresh config:
   Experiment: FullVNC_DNg100_Stim
   Version: debug
   Paths template: fly_robot
   Save dir: /Users/sakshaymahna/Documents/fly-cord-robots/data/simulation_output/FullVNC_DNg100_Stim/debug/run_id=closed_loop_s641_r6
Created 1 stimulus configurations
🔄 Creating fresh config for experiment 'FullVNC_DNg100_Stim' with paths template 'fly_robot'
✅ Created fresh config:
   Experiment: FullVNC_DNg100_Stim
   Version: debug
   Paths template: fly_robot
   Save dir: /Users/sakshaymahna/Documents/fly-cord-robots/data/simulation_output/FullVNC_DNg100_Stim/debug/run_id=closed_loop_s641_r7
Created 1 stimulus configurations
    iter  1: drive= 1000.00  median n_active=  13636.5  err=2823.2%
🔄 Creating fresh config for experiment 'FullVNC_DNg100_Stim' with paths template 'fly_robot'
✅ Created fresh config:
   Experiment: FullVNC_DNg100_Stim
   Version: debug
   Paths template: fly_robot
   Save dir: /Users/sakshaymahna/Documents/fly-cord-robots/data/simulation_output/FullVNC_DNg100_Stim/debug/run_id=closed_loop_s641_r0
Created 1 stimulus configurations
🔄 Creating fresh config for experiment 'FullVNC_DNg100_Stim' with paths template 'fly_robot'
✅ Created fresh config:
   Experiment: FullVNC_DNg100_Stim
   Version: debug
   Paths template: fly_robot
   Save dir: /Users/sakshaymahna/Documents/fly-cord-robots/data/simulation_output/FullVNC_DNg100_Stim/debug/run_id=closed_loop_s641_r1
Created 1 stimulus configurations
🔄 Creating fresh config for experiment 'FullVNC_DNg100_Stim' with paths template 'fly_robot'
✅ Created fresh config:
   Experiment: FullVNC_DNg100_Stim
   Version: debug
   Paths template: fly_robot
   Save dir: /Users/sakshaymahna/Documents/fly-cord-robots/data/simulation_output/FullVNC_DNg100_Stim/debug/run_id=closed_loop_s641_r2
Created 1 stimulus configurations
🔄 Creating fresh config for experiment 'FullVNC_DNg100_Stim' with paths template 'fly_robot'
✅ Created fresh config:
   Experiment: FullVNC_DNg100_Stim
   Version: debug
   Paths template: fly_robot
   Save dir: /Users/sakshaymahna/Documents/fly-cord-robots/data/simulation_output/FullVNC_DNg100_Stim/debug/run_id=closed_loop_s641_r3
Created 1 stimulus configurations
🔄 Creating fresh config for experiment 'FullVNC_DNg100_Stim' with paths template 'fly_robot'
✅ Created fresh config:
   Experiment: FullVNC_DNg100_Stim
   Version: debug
   Paths template: fly_robot
   Save dir: /Users/sakshaymahna/Documents/fly-cord-robots/data/simulation_output/FullVNC_DNg100_Stim/debug/run_id=closed_loop_s641_r4
Created 1 stimulus configurations
🔄 Creating fresh config for experiment 'FullVNC_DNg100_Stim' with paths template 'fly_robot'
✅ Created fresh config:
   Experiment: FullVNC_DNg100_Stim
   Version: debug
   Paths template: fly_robot
   Save dir: /Users/sakshaymahna/Documents/fly-cord-robots/data/simulation_output/FullVNC_DNg100_Stim/debug/run_id=closed_loop_s641_r5
Created 1 stimulus configurations
🔄 Creating fresh config for experiment 'FullVNC_DNg100_Stim' with paths template 'fly_robot'
✅ Created fresh config:
   Experiment: FullVNC_DNg100_Stim
   Version: debug
   Paths template: fly_robot
   Save dir: /Users/sakshaymahna/Documents/fly-cord-robots/data/simulation_output/FullVNC_DNg100_Stim/debug/run_id=closed_loop_s641_r6
Created 1 stimulus configurations
🔄 Creating fresh config for experiment 'FullVNC_DNg100_Stim' with paths template 'fly_robot'
✅ Created fresh config:
   Experiment: FullVNC_DNg100_Stim
   Version: debug
   Paths template: fly_robot
   Save dir: /Users/sakshaymahna/Documents/fly-cord-robots/data/simulation_output/FullVNC_DNg100_Stim/debug/run_id=closed_loop_s641_r7
Created 1 stimulus configurations
    iter  2: drive=  500.00  median n_active=  13654.0  err=2826.9%
🔄 Creating fresh config for experiment 'FullVNC_DNg100_Stim' with paths template 'fly_robot'
✅ Created fresh config:
   Experiment: FullVNC_DNg100_Stim
   Version: debug
   Paths template: fly_robot
   Save dir: /Users/sakshaymahna/Documents/fly-cord-robots/data/simulation_output/FullVNC_DNg100_Stim/debug/run_id=closed_loop_s641_r0
Created 1 stimulus configurations
🔄 Creating fresh config for experiment 'FullVNC_DNg100_Stim' with paths template 'fly_robot'
✅ Created fresh config:
   Experiment: FullVNC_DNg100_Stim
   Version: debug
   Paths template: fly_robot
   Save dir: /Users/sakshaymahna/Documents/fly-cord-robots/data/simulation_output/FullVNC_DNg100_Stim/debug/run_id=closed_loop_s641_r1
Created 1 stimulus configurations
🔄 Creating fresh config for experiment 'FullVNC_DNg100_Stim' with paths template 'fly_robot'
✅ Created fresh config:
   Experiment: FullVNC_DNg100_Stim
   Version: debug
   Paths template: fly_robot
   Save dir: /Users/sakshaymahna/Documents/fly-cord-robots/data/simulation_output/FullVNC_DNg100_Stim/debug/run_id=closed_loop_s641_r2
Created 1 stimulus configurations
🔄 Creating fresh config for experiment 'FullVNC_DNg100_Stim' with paths template 'fly_robot'
✅ Created fresh config:
   Experiment: FullVNC_DNg100_Stim
   Version: debug
   Paths template: fly_robot
   Save dir: /Users/sakshaymahna/Documents/fly-cord-robots/data/simulation_output/FullVNC_DNg100_Stim/debug/run_id=closed_loop_s641_r3
Created 1 stimulus configurations
🔄 Creating fresh config for experiment 'FullVNC_DNg100_Stim' with paths template 'fly_robot'
✅ Created fresh config:
   Experiment: FullVNC_DNg100_Stim
   Version: debug
   Paths template: fly_robot
   Save dir: /Users/sakshaymahna/Documents/fly-cord-robots/data/simulation_output/FullVNC_DNg100_Stim/debug/run_id=closed_loop_s641_r4
Created 1 stimulus configurations
🔄 Creating fresh config for experiment 'FullVNC_DNg100_Stim' with paths template 'fly_robot'
✅ Created fresh config:
   Experiment: FullVNC_DNg100_Stim
   Version: debug
   Paths template: fly_robot
   Save dir: /Users/sakshaymahna/Documents/fly-cord-robots/data/simulation_output/FullVNC_DNg100_Stim/debug/run_id=closed_loop_s641_r5
Created 1 stimulus configurations
🔄 Creating fresh config for experiment 'FullVNC_DNg100_Stim' with paths template 'fly_robot'
✅ Created fresh config:
   Experiment: FullVNC_DNg100_Stim
   Version: debug
   Paths template: fly_robot
   Save dir: /Users/sakshaymahna/Documents/fly-cord-robots/data/simulation_output/FullVNC_DNg100_Stim/debug/run_id=closed_loop_s641_r6
Created 1 stimulus configurations
🔄 Creating fresh config for experiment 'FullVNC_DNg100_Stim' with paths template 'fly_robot'
✅ Created fresh config:
   Experiment: FullVNC_DNg100_Stim
   Version: debug
   Paths template: fly_robot
   Save dir: /Users/sakshaymahna/Documents/fly-cord-robots/data/simulation_output/FullVNC_DNg100_Stim/debug/run_id=closed_loop_s641_r7
Created 1 stimulus configurations
    iter  3: drive=  250.00  median n_active=  13591.5  err=2813.5%
🔄 Creating fresh config for experiment 'FullVNC_DNg100_Stim' with paths template 'fly_robot'
✅ Created fresh config:
   Experiment: FullVNC_DNg100_Stim
   Version: debug
   Paths template: fly_robot
   Save dir: /Users/sakshaymahna/Documents/fly-cord-robots/data/simulation_output/FullVNC_DNg100_Stim/debug/run_id=closed_loop_s641_r0
Created 1 stimulus configurations
🔄 Creating fresh config for experiment 'FullVNC_DNg100_Stim' with paths template 'fly_robot'
✅ Created fresh config:
   Experiment: FullVNC_DNg100_Stim
   Version: debug
   Paths template: fly_robot
   Save dir: /Users/sakshaymahna/Documents/fly-cord-robots/data/simulation_output/FullVNC_DNg100_Stim/debug/run_id=closed_loop_s641_r1
Created 1 stimulus configurations
🔄 Creating fresh config for experiment 'FullVNC_DNg100_Stim' with paths template 'fly_robot'
✅ Created fresh config:
   Experiment: FullVNC_DNg100_Stim
   Version: debug
   Paths template: fly_robot
   Save dir: /Users/sakshaymahna/Documents/fly-cord-robots/data/simulation_output/FullVNC_DNg100_Stim/debug/run_id=closed_loop_s641_r2
Created 1 stimulus configurations
🔄 Creating fresh config for experiment 'FullVNC_DNg100_Stim' with paths template 'fly_robot'
✅ Created fresh config:
   Experiment: FullVNC_DNg100_Stim
   Version: debug
   Paths template: fly_robot
   Save dir: /Users/sakshaymahna/Documents/fly-cord-robots/data/simulation_output/FullVNC_DNg100_Stim/debug/run_id=closed_loop_s641_r3
Created 1 stimulus configurations
🔄 Creating fresh config for experiment 'FullVNC_DNg100_Stim' with paths template 'fly_robot'
✅ Created fresh config:
   Experiment: FullVNC_DNg100_Stim
   Version: debug
   Paths template: fly_robot
   Save dir: /Users/sakshaymahna/Documents/fly-cord-robots/data/simulation_output/FullVNC_DNg100_Stim/debug/run_id=closed_loop_s641_r4
Created 1 stimulus configurations
🔄 Creating fresh config for experiment 'FullVNC_DNg100_Stim' with paths template 'fly_robot'
✅ Created fresh config:
   Experiment: FullVNC_DNg100_Stim
   Version: debug
   Paths template: fly_robot
   Save dir: /Users/sakshaymahna/Documents/fly-cord-robots/data/simulation_output/FullVNC_DNg100_Stim/debug/run_id=closed_loop_s641_r5
Created 1 stimulus configurations
🔄 Creating fresh config for experiment 'FullVNC_DNg100_Stim' with paths template 'fly_robot'
✅ Created fresh config:
   Experiment: FullVNC_DNg100_Stim
   Version: debug
   Paths template: fly_robot
   Save dir: /Users/sakshaymahna/Documents/fly-cord-robots/data/simulation_output/FullVNC_DNg100_Stim/debug/run_id=closed_loop_s641_r6
Created 1 stimulus configurations
🔄 Creating fresh config for experiment 'FullVNC_DNg100_Stim' with paths template 'fly_robot'
✅ Created fresh config:
   Experiment: FullVNC_DNg100_Stim
   Version: debug
   Paths template: fly_robot
   Save dir: /Users/sakshaymahna/Documents/fly-cord-robots/data/simulation_output/FullVNC_DNg100_Stim/debug/run_id=closed_loop_s641_r7
Created 1 stimulus configurations
    iter  4: drive=  125.00  median n_active=      2.0  err= 99.6%
🔄 Creating fresh config for experiment 'FullVNC_DNg100_Stim' with paths template 'fly_robot'
✅ Created fresh config:
   Experiment: FullVNC_DNg100_Stim
   Version: debug
   Paths template: fly_robot
   Save dir: /Users/sakshaymahna/Documents/fly-cord-robots/data/simulation_output/FullVNC_DNg100_Stim/debug/run_id=closed_loop_s641_r0
Created 1 stimulus configurations
🔄 Creating fresh config for experiment 'FullVNC_DNg100_Stim' with paths template 'fly_robot'
✅ Created fresh config:
   Experiment: FullVNC_DNg100_Stim
   Version: debug
   Paths template: fly_robot
   Save dir: /Users/sakshaymahna/Documents/fly-cord-robots/data/simulation_output/FullVNC_DNg100_Stim/debug/run_id=closed_loop_s641_r1
Created 1 stimulus configurations
🔄 Creating fresh config for experiment 'FullVNC_DNg100_Stim' with paths template 'fly_robot'
✅ Created fresh config:
   Experiment: FullVNC_DNg100_Stim
   Version: debug
   Paths template: fly_robot
   Save dir: /Users/sakshaymahna/Documents/fly-cord-robots/data/simulation_output/FullVNC_DNg100_Stim/debug/run_id=closed_loop_s641_r2
Created 1 stimulus configurations
🔄 Creating fresh config for experiment 'FullVNC_DNg100_Stim' with paths template 'fly_robot'
✅ Created fresh config:
   Experiment: FullVNC_DNg100_Stim
   Version: debug
   Paths template: fly_robot
   Save dir: /Users/sakshaymahna/Documents/fly-cord-robots/data/simulation_output/FullVNC_DNg100_Stim/debug/run_id=closed_loop_s641_r3
Created 1 stimulus configurations
🔄 Creating fresh config for experiment 'FullVNC_DNg100_Stim' with paths template 'fly_robot'
✅ Created fresh config:
   Experiment: FullVNC_DNg100_Stim
   Version: debug
   Paths template: fly_robot
   Save dir: /Users/sakshaymahna/Documents/fly-cord-robots/data/simulation_output/FullVNC_DNg100_Stim/debug/run_id=closed_loop_s641_r4
Created 1 stimulus configurations
🔄 Creating fresh config for experiment 'FullVNC_DNg100_Stim' with paths template 'fly_robot'
✅ Created fresh config:
   Experiment: FullVNC_DNg100_Stim
   Version: debug
   Paths template: fly_robot
   Save dir: /Users/sakshaymahna/Documents/fly-cord-robots/data/simulation_output/FullVNC_DNg100_Stim/debug/run_id=closed_loop_s641_r5
Created 1 stimulus configurations
🔄 Creating fresh config for experiment 'FullVNC_DNg100_Stim' with paths template 'fly_robot'
✅ Created fresh config:
   Experiment: FullVNC_DNg100_Stim
   Version: debug
   Paths template: fly_robot
   Save dir: /Users/sakshaymahna/Documents/fly-cord-robots/data/simulation_output/FullVNC_DNg100_Stim/debug/run_id=closed_loop_s641_r6
Created 1 stimulus configurations
🔄 Creating fresh config for experiment 'FullVNC_DNg100_Stim' with paths template 'fly_robot'
✅ Created fresh config:
   Experiment: FullVNC_DNg100_Stim
   Version: debug
   Paths template: fly_robot
   Save dir: /Users/sakshaymahna/Documents/fly-cord-robots/data/simulation_output/FullVNC_DNg100_Stim/debug/run_id=closed_loop_s641_r7
Created 1 stimulus configurations
    iter  5: drive=  187.50  median n_active=      3.0  err= 99.4%
🔄 Creating fresh config for experiment 'FullVNC_DNg100_Stim' with paths template 'fly_robot'
✅ Created fresh config:
   Experiment: FullVNC_DNg100_Stim
   Version: debug
   Paths template: fly_robot
   Save dir: /Users/sakshaymahna/Documents/fly-cord-robots/data/simulation_output/FullVNC_DNg100_Stim/debug/run_id=closed_loop_s641_r0
Created 1 stimulus configurations
🔄 Creating fresh config for experiment 'FullVNC_DNg100_Stim' with paths template 'fly_robot'
✅ Created fresh config:
   Experiment: FullVNC_DNg100_Stim
   Version: debug
   Paths template: fly_robot
   Save dir: /Users/sakshaymahna/Documents/fly-cord-robots/data/simulation_output/FullVNC_DNg100_Stim/debug/run_id=closed_loop_s641_r1
Created 1 stimulus configurations
🔄 Creating fresh config for experiment 'FullVNC_DNg100_Stim' with paths template 'fly_robot'
✅ Created fresh config:
   Experiment: FullVNC_DNg100_Stim
   Version: debug
   Paths template: fly_robot
   Save dir: /Users/sakshaymahna/Documents/fly-cord-robots/data/simulation_output/FullVNC_DNg100_Stim/debug/run_id=closed_loop_s641_r2
Created 1 stimulus configurations
🔄 Creating fresh config for experiment 'FullVNC_DNg100_Stim' with paths template 'fly_robot'
✅ Created fresh config:
   Experiment: FullVNC_DNg100_Stim
   Version: debug
   Paths template: fly_robot
   Save dir: /Users/sakshaymahna/Documents/fly-cord-robots/data/simulation_output/FullVNC_DNg100_Stim/debug/run_id=closed_loop_s641_r3
Created 1 stimulus configurations
🔄 Creating fresh config for experiment 'FullVNC_DNg100_Stim' with paths template 'fly_robot'
✅ Created fresh config:
   Experiment: FullVNC_DNg100_Stim
   Version: debug
   Paths template: fly_robot
   Save dir: /Users/sakshaymahna/Documents/fly-cord-robots/data/simulation_output/FullVNC_DNg100_Stim/debug/run_id=closed_loop_s641_r4
Created 1 stimulus configurations
🔄 Creating fresh config for experiment 'FullVNC_DNg100_Stim' with paths template 'fly_robot'
✅ Created fresh config:
   Experiment: FullVNC_DNg100_Stim
   Version: debug
   Paths template: fly_robot
   Save dir: /Users/sakshaymahna/Documents/fly-cord-robots/data/simulation_output/FullVNC_DNg100_Stim/debug/run_id=closed_loop_s641_r5
Created 1 stimulus configurations
🔄 Creating fresh config for experiment 'FullVNC_DNg100_Stim' with paths template 'fly_robot'
✅ Created fresh config:
   Experiment: FullVNC_DNg100_Stim
   Version: debug
   Paths template: fly_robot
   Save dir: /Users/sakshaymahna/Documents/fly-cord-robots/data/simulation_output/FullVNC_DNg100_Stim/debug/run_id=closed_loop_s641_r6
Created 1 stimulus configurations
🔄 Creating fresh config for experiment 'FullVNC_DNg100_Stim' with paths template 'fly_robot'
✅ Created fresh config:
   Experiment: FullVNC_DNg100_Stim
   Version: debug
   Paths template: fly_robot
   Save dir: /Users/sakshaymahna/Documents/fly-cord-robots/data/simulation_output/FullVNC_DNg100_Stim/debug/run_id=closed_loop_s641_r7
Created 1 stimulus configurations
    iter  6: drive=  218.75  median n_active=   6758.0  err=1348.7%
🔄 Creating fresh config for experiment 'FullVNC_DNg100_Stim' with paths template 'fly_robot'
✅ Created fresh config:
   Experiment: FullVNC_DNg100_Stim
   Version: debug
   Paths template: fly_robot
   Save dir: /Users/sakshaymahna/Documents/fly-cord-robots/data/simulation_output/FullVNC_DNg100_Stim/debug/run_id=closed_loop_s641_r0
Created 1 stimulus configurations
🔄 Creating fresh config for experiment 'FullVNC_DNg100_Stim' with paths template 'fly_robot'
✅ Created fresh config:
   Experiment: FullVNC_DNg100_Stim
   Version: debug
   Paths template: fly_robot
   Save dir: /Users/sakshaymahna/Documents/fly-cord-robots/data/simulation_output/FullVNC_DNg100_Stim/debug/run_id=closed_loop_s641_r1
Created 1 stimulus configurations
🔄 Creating fresh config for experiment 'FullVNC_DNg100_Stim' with paths template 'fly_robot'
✅ Created fresh config:
   Experiment: FullVNC_DNg100_Stim
   Version: debug
   Paths template: fly_robot
   Save dir: /Users/sakshaymahna/Documents/fly-cord-robots/data/simulation_output/FullVNC_DNg100_Stim/debug/run_id=closed_loop_s641_r2
Created 1 stimulus configurations
🔄 Creating fresh config for experiment 'FullVNC_DNg100_Stim' with paths template 'fly_robot'
✅ Created fresh config:
   Experiment: FullVNC_DNg100_Stim
   Version: debug
   Paths template: fly_robot
   Save dir: /Users/sakshaymahna/Documents/fly-cord-robots/data/simulation_output/FullVNC_DNg100_Stim/debug/run_id=closed_loop_s641_r3
Created 1 stimulus configurations
🔄 Creating fresh config for experiment 'FullVNC_DNg100_Stim' with paths template 'fly_robot'
✅ Created fresh config:
   Experiment: FullVNC_DNg100_Stim
   Version: debug
   Paths template: fly_robot
   Save dir: /Users/sakshaymahna/Documents/fly-cord-robots/data/simulation_output/FullVNC_DNg100_Stim/debug/run_id=closed_loop_s641_r4
Created 1 stimulus configurations
🔄 Creating fresh config for experiment 'FullVNC_DNg100_Stim' with paths template 'fly_robot'
✅ Created fresh config:
   Experiment: FullVNC_DNg100_Stim
   Version: debug
   Paths template: fly_robot
   Save dir: /Users/sakshaymahna/Documents/fly-cord-robots/data/simulation_output/FullVNC_DNg100_Stim/debug/run_id=closed_loop_s641_r5
Created 1 stimulus configurations
🔄 Creating fresh config for experiment 'FullVNC_DNg100_Stim' with paths template 'fly_robot'
✅ Created fresh config:
   Experiment: FullVNC_DNg100_Stim
   Version: debug
   Paths template: fly_robot
   Save dir: /Users/sakshaymahna/Documents/fly-cord-robots/data/simulation_output/FullVNC_DNg100_Stim/debug/run_id=closed_loop_s641_r6
Created 1 stimulus configurations
🔄 Creating fresh config for experiment 'FullVNC_DNg100_Stim' with paths template 'fly_robot'
✅ Created fresh config:
   Experiment: FullVNC_DNg100_Stim
   Version: debug
   Paths template: fly_robot
   Save dir: /Users/sakshaymahna/Documents/fly-cord-robots/data/simulation_output/FullVNC_DNg100_Stim/debug/run_id=closed_loop_s641_r7
Created 1 stimulus configurations
    iter  7: drive=  203.12  median n_active=      5.5  err= 98.8%
🔄 Creating fresh config for experiment 'FullVNC_DNg100_Stim' with paths template 'fly_robot'
✅ Created fresh config:
   Experiment: FullVNC_DNg100_Stim
   Version: debug
   Paths template: fly_robot
   Save dir: /Users/sakshaymahna/Documents/fly-cord-robots/data/simulation_output/FullVNC_DNg100_Stim/debug/run_id=closed_loop_s641_r0
Created 1 stimulus configurations
🔄 Creating fresh config for experiment 'FullVNC_DNg100_Stim' with paths template 'fly_robot'
✅ Created fresh config:
   Experiment: FullVNC_DNg100_Stim
   Version: debug
   Paths template: fly_robot
   Save dir: /Users/sakshaymahna/Documents/fly-cord-robots/data/simulation_output/FullVNC_DNg100_Stim/debug/run_id=closed_loop_s641_r1
Created 1 stimulus configurations
🔄 Creating fresh config for experiment 'FullVNC_DNg100_Stim' with paths template 'fly_robot'
✅ Created fresh config:
   Experiment: FullVNC_DNg100_Stim
   Version: debug
   Paths template: fly_robot
   Save dir: /Users/sakshaymahna/Documents/fly-cord-robots/data/simulation_output/FullVNC_DNg100_Stim/debug/run_id=closed_loop_s641_r2
Created 1 stimulus configurations
🔄 Creating fresh config for experiment 'FullVNC_DNg100_Stim' with paths template 'fly_robot'
✅ Created fresh config:
   Experiment: FullVNC_DNg100_Stim
   Version: debug
   Paths template: fly_robot
   Save dir: /Users/sakshaymahna/Documents/fly-cord-robots/data/simulation_output/FullVNC_DNg100_Stim/debug/run_id=closed_loop_s641_r3
Created 1 stimulus configurations
🔄 Creating fresh config for experiment 'FullVNC_DNg100_Stim' with paths template 'fly_robot'
✅ Created fresh config:
   Experiment: FullVNC_DNg100_Stim
   Version: debug
   Paths template: fly_robot
   Save dir: /Users/sakshaymahna/Documents/fly-cord-robots/data/simulation_output/FullVNC_DNg100_Stim/debug/run_id=closed_loop_s641_r4
Created 1 stimulus configurations
🔄 Creating fresh config for experiment 'FullVNC_DNg100_Stim' with paths template 'fly_robot'
✅ Created fresh config:
   Experiment: FullVNC_DNg100_Stim
   Version: debug
   Paths template: fly_robot
   Save dir: /Users/sakshaymahna/Documents/fly-cord-robots/data/simulation_output/FullVNC_DNg100_Stim/debug/run_id=closed_loop_s641_r5
Created 1 stimulus configurations
🔄 Creating fresh config for experiment 'FullVNC_DNg100_Stim' with paths template 'fly_robot'
✅ Created fresh config:
   Experiment: FullVNC_DNg100_Stim
   Version: debug
   Paths template: fly_robot
   Save dir: /Users/sakshaymahna/Documents/fly-cord-robots/data/simulation_output/FullVNC_DNg100_Stim/debug/run_id=closed_loop_s641_r6
Created 1 stimulus configurations
🔄 Creating fresh config for experiment 'FullVNC_DNg100_Stim' with paths template 'fly_robot'
✅ Created fresh config:
   Experiment: FullVNC_DNg100_Stim
   Version: debug
   Paths template: fly_robot
   Save dir: /Users/sakshaymahna/Documents/fly-cord-robots/data/simulation_output/FullVNC_DNg100_Stim/debug/run_id=closed_loop_s641_r7
Created 1 stimulus configurations
    iter  8: drive=  210.94  median n_active=      9.5  err= 98.0%
🔄 Creating fresh config for experiment 'FullVNC_DNg100_Stim' with paths template 'fly_robot'
✅ Created fresh config:
   Experiment: FullVNC_DNg100_Stim
   Version: debug
   Paths template: fly_robot
   Save dir: /Users/sakshaymahna/Documents/fly-cord-robots/data/simulation_output/FullVNC_DNg100_Stim/debug/run_id=closed_loop_s641_r0
Created 1 stimulus configurations
🔄 Creating fresh config for experiment 'FullVNC_DNg100_Stim' with paths template 'fly_robot'
✅ Created fresh config:
   Experiment: FullVNC_DNg100_Stim
   Version: debug
   Paths template: fly_robot
   Save dir: /Users/sakshaymahna/Documents/fly-cord-robots/data/simulation_output/FullVNC_DNg100_Stim/debug/run_id=closed_loop_s641_r1
Created 1 stimulus configurations
🔄 Creating fresh config for experiment 'FullVNC_DNg100_Stim' with paths template 'fly_robot'
✅ Created fresh config:
   Experiment: FullVNC_DNg100_Stim
   Version: debug
   Paths template: fly_robot
   Save dir: /Users/sakshaymahna/Documents/fly-cord-robots/data/simulation_output/FullVNC_DNg100_Stim/debug/run_id=closed_loop_s641_r2
Created 1 stimulus configurations
🔄 Creating fresh config for experiment 'FullVNC_DNg100_Stim' with paths template 'fly_robot'
✅ Created fresh config:
   Experiment: FullVNC_DNg100_Stim
   Version: debug
   Paths template: fly_robot
   Save dir: /Users/sakshaymahna/Documents/fly-cord-robots/data/simulation_output/FullVNC_DNg100_Stim/debug/run_id=closed_loop_s641_r3
Created 1 stimulus configurations
🔄 Creating fresh config for experiment 'FullVNC_DNg100_Stim' with paths template 'fly_robot'
✅ Created fresh config:
   Experiment: FullVNC_DNg100_Stim
   Version: debug
   Paths template: fly_robot
   Save dir: /Users/sakshaymahna/Documents/fly-cord-robots/data/simulation_output/FullVNC_DNg100_Stim/debug/run_id=closed_loop_s641_r4
Created 1 stimulus configurations
🔄 Creating fresh config for experiment 'FullVNC_DNg100_Stim' with paths template 'fly_robot'
✅ Created fresh config:
   Experiment: FullVNC_DNg100_Stim
   Version: debug
   Paths template: fly_robot
   Save dir: /Users/sakshaymahna/Documents/fly-cord-robots/data/simulation_output/FullVNC_DNg100_Stim/debug/run_id=closed_loop_s641_r5
Created 1 stimulus configurations
🔄 Creating fresh config for experiment 'FullVNC_DNg100_Stim' with paths template 'fly_robot'
✅ Created fresh config:
   Experiment: FullVNC_DNg100_Stim
   Version: debug
   Paths template: fly_robot
   Save dir: /Users/sakshaymahna/Documents/fly-cord-robots/data/simulation_output/FullVNC_DNg100_Stim/debug/run_id=closed_loop_s641_r6
Created 1 stimulus configurations
🔄 Creating fresh config for experiment 'FullVNC_DNg100_Stim' with paths template 'fly_robot'
✅ Created fresh config:
   Experiment: FullVNC_DNg100_Stim
   Version: debug
   Paths template: fly_robot
   Save dir: /Users/sakshaymahna/Documents/fly-cord-robots/data/simulation_output/FullVNC_DNg100_Stim/debug/run_id=closed_loop_s641_r7
Created 1 stimulus configurations
    iter  9: drive=  214.84  median n_active=   6801.5  err=1358.0%
🔄 Creating fresh config for experiment 'FullVNC_DNg100_Stim' with paths template 'fly_robot'
✅ Created fresh config:
   Experiment: FullVNC_DNg100_Stim
   Version: debug
   Paths template: fly_robot
   Save dir: /Users/sakshaymahna/Documents/fly-cord-robots/data/simulation_output/FullVNC_DNg100_Stim/debug/run_id=closed_loop_s641_r0
Created 1 stimulus configurations
🔄 Creating fresh config for experiment 'FullVNC_DNg100_Stim' with paths template 'fly_robot'
✅ Created fresh config:
   Experiment: FullVNC_DNg100_Stim
   Version: debug
   Paths template: fly_robot
   Save dir: /Users/sakshaymahna/Documents/fly-cord-robots/data/simulation_output/FullVNC_DNg100_Stim/debug/run_id=closed_loop_s641_r1
Created 1 stimulus configurations
🔄 Creating fresh config for experiment 'FullVNC_DNg100_Stim' with paths template 'fly_robot'
✅ Created fresh config:
   Experiment: FullVNC_DNg100_Stim
   Version: debug
   Paths template: fly_robot
   Save dir: /Users/sakshaymahna/Documents/fly-cord-robots/data/simulation_output/FullVNC_DNg100_Stim/debug/run_id=closed_loop_s641_r2
Created 1 stimulus configurations
🔄 Creating fresh config for experiment 'FullVNC_DNg100_Stim' with paths template 'fly_robot'
✅ Created fresh config:
   Experiment: FullVNC_DNg100_Stim
   Version: debug
   Paths template: fly_robot
   Save dir: /Users/sakshaymahna/Documents/fly-cord-robots/data/simulation_output/FullVNC_DNg100_Stim/debug/run_id=closed_loop_s641_r3
Created 1 stimulus configurations
🔄 Creating fresh config for experiment 'FullVNC_DNg100_Stim' with paths template 'fly_robot'
✅ Created fresh config:
   Experiment: FullVNC_DNg100_Stim
   Version: debug
   Paths template: fly_robot
   Save dir: /Users/sakshaymahna/Documents/fly-cord-robots/data/simulation_output/FullVNC_DNg100_Stim/debug/run_id=closed_loop_s641_r4
Created 1 stimulus configurations
🔄 Creating fresh config for experiment 'FullVNC_DNg100_Stim' with paths template 'fly_robot'
✅ Created fresh config:
   Experiment: FullVNC_DNg100_Stim
   Version: debug
   Paths template: fly_robot
   Save dir: /Users/sakshaymahna/Documents/fly-cord-robots/data/simulation_output/FullVNC_DNg100_Stim/debug/run_id=closed_loop_s641_r5
Created 1 stimulus configurations
🔄 Creating fresh config for experiment 'FullVNC_DNg100_Stim' with paths template 'fly_robot'
✅ Created fresh config:
   Experiment: FullVNC_DNg100_Stim
   Version: debug
   Paths template: fly_robot
   Save dir: /Users/sakshaymahna/Documents/fly-cord-robots/data/simulation_output/FullVNC_DNg100_Stim/debug/run_id=closed_loop_s641_r6
Created 1 stimulus configurations
🔄 Creating fresh config for experiment 'FullVNC_DNg100_Stim' with paths template 'fly_robot'
✅ Created fresh config:
   Experiment: FullVNC_DNg100_Stim
   Version: debug
   Paths template: fly_robot
   Save dir: /Users/sakshaymahna/Documents/fly-cord-robots/data/simulation_output/FullVNC_DNg100_Stim/debug/run_id=closed_loop_s641_r7
Created 1 stimulus configurations
    iter 10: drive=  212.89  median n_active=     12.0  err= 97.4%
🔄 Creating fresh config for experiment 'FullVNC_DNg100_Stim' with paths template 'fly_robot'
✅ Created fresh config:
   Experiment: FullVNC_DNg100_Stim
   Version: debug
   Paths template: fly_robot
   Save dir: /Users/sakshaymahna/Documents/fly-cord-robots/data/simulation_output/FullVNC_DNg100_Stim/debug/run_id=closed_loop_s641_r0
Created 1 stimulus configurations
🔄 Creating fresh config for experiment 'FullVNC_DNg100_Stim' with paths template 'fly_robot'
✅ Created fresh config:
   Experiment: FullVNC_DNg100_Stim
   Version: debug
   Paths template: fly_robot
   Save dir: /Users/sakshaymahna/Documents/fly-cord-robots/data/simulation_output/FullVNC_DNg100_Stim/debug/run_id=closed_loop_s641_r1
Created 1 stimulus configurations
🔄 Creating fresh config for experiment 'FullVNC_DNg100_Stim' with paths template 'fly_robot'
✅ Created fresh config:
   Experiment: FullVNC_DNg100_Stim
   Version: debug
   Paths template: fly_robot
   Save dir: /Users/sakshaymahna/Documents/fly-cord-robots/data/simulation_output/FullVNC_DNg100_Stim/debug/run_id=closed_loop_s641_r2
Created 1 stimulus configurations
🔄 Creating fresh config for experiment 'FullVNC_DNg100_Stim' with paths template 'fly_robot'
✅ Created fresh config:
   Experiment: FullVNC_DNg100_Stim
   Version: debug
   Paths template: fly_robot
   Save dir: /Users/sakshaymahna/Documents/fly-cord-robots/data/simulation_output/FullVNC_DNg100_Stim/debug/run_id=closed_loop_s641_r3
Created 1 stimulus configurations
🔄 Creating fresh config for experiment 'FullVNC_DNg100_Stim' with paths template 'fly_robot'
✅ Created fresh config:
   Experiment: FullVNC_DNg100_Stim
   Version: debug
   Paths template: fly_robot
   Save dir: /Users/sakshaymahna/Documents/fly-cord-robots/data/simulation_output/FullVNC_DNg100_Stim/debug/run_id=closed_loop_s641_r4
Created 1 stimulus configurations
🔄 Creating fresh config for experiment 'FullVNC_DNg100_Stim' with paths template 'fly_robot'
✅ Created fresh config:
   Experiment: FullVNC_DNg100_Stim
   Version: debug
   Paths template: fly_robot
   Save dir: /Users/sakshaymahna/Documents/fly-cord-robots/data/simulation_output/FullVNC_DNg100_Stim/debug/run_id=closed_loop_s641_r5
Created 1 stimulus configurations
🔄 Creating fresh config for experiment 'FullVNC_DNg100_Stim' with paths template 'fly_robot'
✅ Created fresh config:
   Experiment: FullVNC_DNg100_Stim
   Version: debug
   Paths template: fly_robot
   Save dir: /Users/sakshaymahna/Documents/fly-cord-robots/data/simulation_output/FullVNC_DNg100_Stim/debug/run_id=closed_loop_s641_r6
Created 1 stimulus configurations
🔄 Creating fresh config for experiment 'FullVNC_DNg100_Stim' with paths template 'fly_robot'
✅ Created fresh config:
   Experiment: FullVNC_DNg100_Stim
   Version: debug
   Paths template: fly_robot
   Save dir: /Users/sakshaymahna/Documents/fly-cord-robots/data/simulation_output/FullVNC_DNg100_Stim/debug/run_id=closed_loop_s641_r7
Created 1 stimulus configurations
    iter 11: drive=  213.87  median n_active=   6822.0  err=1362.4%
🔄 Creating fresh config for experiment 'FullVNC_DNg100_Stim' with paths template 'fly_robot'
✅ Created fresh config:
   Experiment: FullVNC_DNg100_Stim
   Version: debug
   Paths template: fly_robot
   Save dir: /Users/sakshaymahna/Documents/fly-cord-robots/data/simulation_output/FullVNC_DNg100_Stim/debug/run_id=closed_loop_s641_r0
Created 1 stimulus configurations
🔄 Creating fresh config for experiment 'FullVNC_DNg100_Stim' with paths template 'fly_robot'
✅ Created fresh config:
   Experiment: FullVNC_DNg100_Stim
   Version: debug
   Paths template: fly_robot
   Save dir: /Users/sakshaymahna/Documents/fly-cord-robots/data/simulation_output/FullVNC_DNg100_Stim/debug/run_id=closed_loop_s641_r1
Created 1 stimulus configurations
🔄 Creating fresh config for experiment 'FullVNC_DNg100_Stim' with paths template 'fly_robot'
✅ Created fresh config:
   Experiment: FullVNC_DNg100_Stim
   Version: debug
   Paths template: fly_robot
   Save dir: /Users/sakshaymahna/Documents/fly-cord-robots/data/simulation_output/FullVNC_DNg100_Stim/debug/run_id=closed_loop_s641_r2
Created 1 stimulus configurations
🔄 Creating fresh config for experiment 'FullVNC_DNg100_Stim' with paths template 'fly_robot'
✅ Created fresh config:
   Experiment: FullVNC_DNg100_Stim
   Version: debug
   Paths template: fly_robot
   Save dir: /Users/sakshaymahna/Documents/fly-cord-robots/data/simulation_output/FullVNC_DNg100_Stim/debug/run_id=closed_loop_s641_r3
Created 1 stimulus configurations
🔄 Creating fresh config for experiment 'FullVNC_DNg100_Stim' with paths template 'fly_robot'
✅ Created fresh config:
   Experiment: FullVNC_DNg100_Stim
   Version: debug
   Paths template: fly_robot
   Save dir: /Users/sakshaymahna/Documents/fly-cord-robots/data/simulation_output/FullVNC_DNg100_Stim/debug/run_id=closed_loop_s641_r4
Created 1 stimulus configurations
🔄 Creating fresh config for experiment 'FullVNC_DNg100_Stim' with paths template 'fly_robot'
✅ Created fresh config:
   Experiment: FullVNC_DNg100_Stim
   Version: debug
   Paths template: fly_robot
   Save dir: /Users/sakshaymahna/Documents/fly-cord-robots/data/simulation_output/FullVNC_DNg100_Stim/debug/run_id=closed_loop_s641_r5
Created 1 stimulus configurations
🔄 Creating fresh config for experiment 'FullVNC_DNg100_Stim' with paths template 'fly_robot'
✅ Created fresh config:
   Experiment: FullVNC_DNg100_Stim
   Version: debug
   Paths template: fly_robot
   Save dir: /Users/sakshaymahna/Documents/fly-cord-robots/data/simulation_output/FullVNC_DNg100_Stim/debug/run_id=closed_loop_s641_r6
Created 1 stimulus configurations
🔄 Creating fresh config for experiment 'FullVNC_DNg100_Stim' with paths template 'fly_robot'
✅ Created fresh config:
   Experiment: FullVNC_DNg100_Stim
   Version: debug
   Paths template: fly_robot
   Save dir: /Users/sakshaymahna/Documents/fly-cord-robots/data/simulation_output/FullVNC_DNg100_Stim/debug/run_id=closed_loop_s641_r7
Created 1 stimulus configurations
    iter 12: drive=  213.38  median n_active=     16.0  err= 96.6%
  matched drive = 213.38  median n_active = 16.0  converged = False
  VERDICT: FAILS reachability — cannot be activity-matched

=== SUMMARY ===
  real  drive=  382.81  PASSES — train from this matched drive
  C1    drive=  311.52  FAILS reachability — cannot be activity-matched
  C2    drive=  213.38  FAILS reachability — cannot be activity-matched

wrote media/trained_adapter/drive_matching.json
