=== real / pilot ===
reward config hash: 88f681a4ab03d6d88fe4180b7ee03d07be3e165801c2439afb5c44bef9a93647
running sign test (blocking gate)...
  sign test [kinematic]: ball centre [ 0.16  0.   -1.64], w_y=-1 drags top surface v_x=-3.00 (backward)
  sign test [forward]: pitch=-0.95 rad/s -> progress=+1.000
  sign test [backward]: pitch=+0.95 rad/s -> progress=-1.000
  sign test PASSED

resolving eligible replicates from adapter-off baselines (filter: n_active <= 1500, condition=real)...
  filter excluded 2 of 8: rep 2 (n_active=4176), rep 5 (n_active=3794)
  eligible pool: [0, 1, 3, 4, 6, 7]

gen    0  best=+0.2296 med=+0.0350  sigma=0.479  sat=0.31  161s
gen    1  best=+0.2396 med=+0.1260  sigma=0.462  sat=0.06  127s
gen    2  best=+0.2957 med=+0.0688  sigma=0.451  sat=0.03  94s
gen    3  best=+0.2467 med=+0.0833  sigma=0.445  sat=0.38  139s
gen    4  best=+0.2752 med=+0.0246  sigma=0.440  sat=0.28  108s
gen    5  best=+0.2805 med=+0.0463  sigma=0.434  sat=0.12  131s
gen    6  best=+0.2940 med=-1.4753  sigma=0.433  sat=0.38  159s
gen    7  best=+0.2935 med=+0.0465  sigma=0.434  sat=0.09  126s
gen    8  best=+0.2483 med=-0.8707  sigma=0.433  sat=0.47  166s
gen    9  best=+0.2923 med=+0.1461  sigma=0.435  sat=0.12  126s
gen   10  best=+0.2724 med=+0.1841  sigma=0.433  sat=0.22  125s
gen   11  best=+0.2624 med=+0.1469  sigma=0.433  sat=0.12  103s
gen   12  best=+0.2041 med=-0.8310  sigma=0.432  sat=0.31  156s
🔄 Creating fresh config for experiment 'FullVNC_DNg100_Stim' with paths template 'fly_robot'
✅ Created fresh config:
   Experiment: FullVNC_DNg100_Stim
   Version: debug
   Paths template: fly_robot
   Save dir: /Users/sakshaymahna/Documents/fly-cord-robots/data/simulation_output/FullVNC_DNg100_Stim/debug/run_id=closed_loop_s641_r0
Created 1 stimulus configurations
🔄 Creating fresh config for experiment 'FullVNC_DNg100_Stim' with paths template 'fly_robot'
✅ Created fresh config:
   Experiment: FullVNC_DNg100_Stim
   Version: debug
   Paths template: fly_robot
   Save dir: /Users/sakshaymahna/Documents/fly-cord-robots/data/simulation_output/FullVNC_DNg100_Stim/debug/run_id=closed_loop_s641_r6
Created 1 stimulus configurations
🔄 Creating fresh config for experiment 'FullVNC_DNg100_Stim' with paths template 'fly_robot'
✅ Created fresh config:
   Experiment: FullVNC_DNg100_Stim
   Version: debug
   Paths template: fly_robot
   Save dir: /Users/sakshaymahna/Documents/fly-cord-robots/data/simulation_output/FullVNC_DNg100_Stim/debug/run_id=closed_loop_s641_r1
Created 1 stimulus configurations
🔄 Creating fresh config for experiment 'FullVNC_DNg100_Stim' with paths template 'fly_robot'
✅ Created fresh config:
   Experiment: FullVNC_DNg100_Stim
   Version: debug
   Paths template: fly_robot
   Save dir: /Users/sakshaymahna/Documents/fly-cord-robots/data/simulation_output/FullVNC_DNg100_Stim/debug/run_id=closed_loop_s641_r3
Created 1 stimulus configurations
🔄 Creating fresh config for experiment 'FullVNC_DNg100_Stim' with paths template 'fly_robot'
✅ Created fresh config:
   Experiment: FullVNC_DNg100_Stim
   Version: debug
   Paths template: fly_robot
   Save dir: /Users/sakshaymahna/Documents/fly-cord-robots/data/simulation_output/FullVNC_DNg100_Stim/debug/run_id=closed_loop_s641_r7
Created 1 stimulus configurations
🔄 Creating fresh config for experiment 'FullVNC_DNg100_Stim' with paths template 'fly_robot'
✅ Created fresh config:
   Experiment: FullVNC_DNg100_Stim
   Version: debug
   Paths template: fly_robot
   Save dir: /Users/sakshaymahna/Documents/fly-cord-robots/data/simulation_output/FullVNC_DNg100_Stim/debug/run_id=closed_loop_s641_r6
Created 1 stimulus configurations
🔄 Creating fresh config for experiment 'FullVNC_DNg100_Stim' with paths template 'fly_robot'
✅ Created fresh config:
   Experiment: FullVNC_DNg100_Stim
   Version: debug
   Paths template: fly_robot
   Save dir: /Users/sakshaymahna/Documents/fly-cord-robots/data/simulation_output/FullVNC_DNg100_Stim/debug/run_id=closed_loop_s641_r0
Created 1 stimulus configurations
🔄 Creating fresh config for experiment 'FullVNC_DNg100_Stim' with paths template 'fly_robot'
✅ Created fresh config:
   Experiment: FullVNC_DNg100_Stim
   Version: debug
   Paths template: fly_robot
   Save dir: /Users/sakshaymahna/Documents/fly-cord-robots/data/simulation_output/FullVNC_DNg100_Stim/debug/run_id=closed_loop_s641_r3
Created 1 stimulus configurations
🔄 Creating fresh config for experiment 'FullVNC_DNg100_Stim' with paths template 'fly_robot'
✅ Created fresh config:
   Experiment: FullVNC_DNg100_Stim
   Version: debug
   Paths template: fly_robot
   Save dir: /Users/sakshaymahna/Documents/fly-cord-robots/data/simulation_output/FullVNC_DNg100_Stim/debug/run_id=closed_loop_s641_r6
Created 1 stimulus configurations
🔄 Creating fresh config for experiment 'FullVNC_DNg100_Stim' with paths template 'fly_robot'
✅ Created fresh config:
   Experiment: FullVNC_DNg100_Stim
   Version: debug
   Paths template: fly_robot
   Save dir: /Users/sakshaymahna/Documents/fly-cord-robots/data/simulation_output/FullVNC_DNg100_Stim/debug/run_id=closed_loop_s641_r0
Created 1 stimulus configurations
🔄 Creating fresh config for experiment 'FullVNC_DNg100_Stim' with paths template 'fly_robot'
✅ Created fresh config:
   Experiment: FullVNC_DNg100_Stim
   Version: debug
   Paths template: fly_robot
   Save dir: /Users/sakshaymahna/Documents/fly-cord-robots/data/simulation_output/FullVNC_DNg100_Stim/debug/run_id=closed_loop_s641_r7
Created 1 stimulus configurations
🔄 Creating fresh config for experiment 'FullVNC_DNg100_Stim' with paths template 'fly_robot'
✅ Created fresh config:
   Experiment: FullVNC_DNg100_Stim
   Version: debug
   Paths template: fly_robot
   Save dir: /Users/sakshaymahna/Documents/fly-cord-robots/data/simulation_output/FullVNC_DNg100_Stim/debug/run_id=closed_loop_s641_r1
Created 1 stimulus configurations
🔄 Creating fresh config for experiment 'FullVNC_DNg100_Stim' with paths template 'fly_robot'
✅ Created fresh config:
   Experiment: FullVNC_DNg100_Stim
   Version: debug
   Paths template: fly_robot
   Save dir: /Users/sakshaymahna/Documents/fly-cord-robots/data/simulation_output/FullVNC_DNg100_Stim/debug/run_id=closed_loop_s641_r3
Created 1 stimulus configurations
🔄 Creating fresh config for experiment 'FullVNC_DNg100_Stim' with paths template 'fly_robot'
✅ Created fresh config:
   Experiment: FullVNC_DNg100_Stim
   Version: debug
   Paths template: fly_robot
   Save dir: /Users/sakshaymahna/Documents/fly-cord-robots/data/simulation_output/FullVNC_DNg100_Stim/debug/run_id=closed_loop_s641_r0
Created 1 stimulus configurations
🔄 Creating fresh config for experiment 'FullVNC_DNg100_Stim' with paths template 'fly_robot'
✅ Created fresh config:
   Experiment: FullVNC_DNg100_Stim
   Version: debug
   Paths template: fly_robot
   Save dir: /Users/sakshaymahna/Documents/fly-cord-robots/data/simulation_output/FullVNC_DNg100_Stim/debug/run_id=closed_loop_s641_r1
Created 1 stimulus configurations
🔄 Creating fresh config for experiment 'FullVNC_DNg100_Stim' with paths template 'fly_robot'
✅ Created fresh config:
   Experiment: FullVNC_DNg100_Stim
   Version: debug
   Paths template: fly_robot
   Save dir: /Users/sakshaymahna/Documents/fly-cord-robots/data/simulation_output/FullVNC_DNg100_Stim/debug/run_id=closed_loop_s641_r7
Created 1 stimulus configurations
🔄 Creating fresh config for experiment 'FullVNC_DNg100_Stim' with paths template 'fly_robot'
✅ Created fresh config:
   Experiment: FullVNC_DNg100_Stim
   Version: debug
   Paths template: fly_robot
   Save dir: /Users/sakshaymahna/Documents/fly-cord-robots/data/simulation_output/FullVNC_DNg100_Stim/debug/run_id=closed_loop_s641_r0
Created 1 stimulus configurations
🔄 Creating fresh config for experiment 'FullVNC_DNg100_Stim' with paths template 'fly_robot'
✅ Created fresh config:
   Experiment: FullVNC_DNg100_Stim
   Version: debug
   Paths template: fly_robot
   Save dir: /Users/sakshaymahna/Documents/fly-cord-robots/data/simulation_output/FullVNC_DNg100_Stim/debug/run_id=closed_loop_s641_r6
Created 1 stimulus configurations
🔄 Creating fresh config for experiment 'FullVNC_DNg100_Stim' with paths template 'fly_robot'
✅ Created fresh config:
   Experiment: FullVNC_DNg100_Stim
   Version: debug
   Paths template: fly_robot
   Save dir: /Users/sakshaymahna/Documents/fly-cord-robots/data/simulation_output/FullVNC_DNg100_Stim/debug/run_id=closed_loop_s641_r7
Created 1 stimulus configurations
🔄 Creating fresh config for experiment 'FullVNC_DNg100_Stim' with paths template 'fly_robot'
✅ Created fresh config:
   Experiment: FullVNC_DNg100_Stim
   Version: debug
   Paths template: fly_robot
   Save dir: /Users/sakshaymahna/Documents/fly-cord-robots/data/simulation_output/FullVNC_DNg100_Stim/debug/run_id=closed_loop_s641_r3
Created 1 stimulus configurations
🔄 Creating fresh config for experiment 'FullVNC_DNg100_Stim' with paths template 'fly_robot'
✅ Created fresh config:
   Experiment: FullVNC_DNg100_Stim
   Version: debug
   Paths template: fly_robot
   Save dir: /Users/sakshaymahna/Documents/fly-cord-robots/data/simulation_output/FullVNC_DNg100_Stim/debug/run_id=closed_loop_s641_r1
Created 1 stimulus configurations
🔄 Creating fresh config for experiment 'FullVNC_DNg100_Stim' with paths template 'fly_robot'
✅ Created fresh config:
   Experiment: FullVNC_DNg100_Stim
   Version: debug
   Paths template: fly_robot
   Save dir: /Users/sakshaymahna/Documents/fly-cord-robots/data/simulation_output/FullVNC_DNg100_Stim/debug/run_id=closed_loop_s641_r7
Created 1 stimulus configurations🔄 Creating fresh config for experiment 'FullVNC_DNg100_Stim' with paths template 'fly_robot'
✅ Created fresh config:
   Experiment: FullVNC_DNg100_Stim
   Version: debug
   Paths template: fly_robot
   Save dir: /Users/sakshaymahna/Documents/fly-cord-robots/data/simulation_output/FullVNC_DNg100_Stim/debug/run_id=closed_loop_s641_r0
Created 1 stimulus configurations
🔄 Creating fresh config for experiment 'FullVNC_DNg100_Stim' with paths template 'fly_robot'
✅ Created fresh config:
   Experiment: FullVNC_DNg100_Stim
   Version: debug
   Paths template: fly_robot
   Save dir: /Users/sakshaymahna/Documents/fly-cord-robots/data/simulation_output/FullVNC_DNg100_Stim/debug/run_id=closed_loop_s641_r6
Created 1 stimulus configurations
🔄 Creating fresh config for experiment 'FullVNC_DNg100_Stim' with paths template 'fly_robot'
✅ Created fresh config:
   Experiment: FullVNC_DNg100_Stim
   Version: debug
   Paths template: fly_robot
   Save dir: /Users/sakshaymahna/Documents/fly-cord-robots/data/simulation_output/FullVNC_DNg100_Stim/debug/run_id=closed_loop_s641_r1
Created 1 stimulus configurations
🔄 Creating fresh config for experiment 'FullVNC_DNg100_Stim' with paths template 'fly_robot'
✅ Created fresh config:
   Experiment: FullVNC_DNg100_Stim
   Version: debug
   Paths template: fly_robot
   Save dir: /Users/sakshaymahna/Documents/fly-cord-robots/data/simulation_output/FullVNC_DNg100_Stim/debug/run_id=closed_loop_s641_r3
Created 1 stimulus configurations
🔄 Creating fresh config for experiment 'FullVNC_DNg100_Stim' with paths template 'fly_robot'
✅ Created fresh config:
   Experiment: FullVNC_DNg100_Stim
   Version: debug
   Paths template: fly_robot
   Save dir: /Users/sakshaymahna/Documents/fly-cord-robots/data/simulation_output/FullVNC_DNg100_Stim/debug/run_id=closed_loop_s641_r7
Created 1 stimulus configurations
🔄 Creating fresh config for experiment 'FullVNC_DNg100_Stim' with paths template 'fly_robot'
✅ Created fresh config:
   Experiment: FullVNC_DNg100_Stim
   Version: debug
   Paths template: fly_robot
   Save dir: /Users/sakshaymahna/Documents/fly-cord-robots/data/simulation_output/FullVNC_DNg100_Stim/debug/run_id=closed_loop_s641_r6
Created 1 stimulus configurations
🔄 Creating fresh config for experiment 'FullVNC_DNg100_Stim' with paths template 'fly_robot'
✅ Created fresh config:
   Experiment: FullVNC_DNg100_Stim
   Version: debug
   Paths template: fly_robot
   Save dir: /Users/sakshaymahna/Documents/fly-cord-robots/data/simulation_output/FullVNC_DNg100_Stim/debug/run_id=closed_loop_s641_r0
Created 1 stimulus configurations
🔄 Creating fresh config for experiment 'FullVNC_DNg100_Stim' with paths template 'fly_robot'
✅ Created fresh config:
   Experiment: FullVNC_DNg100_Stim
   Version: debug
   Paths template: fly_robot
   Save dir: /Users/sakshaymahna/Documents/fly-cord-robots/data/simulation_output/FullVNC_DNg100_Stim/debug/run_id=closed_loop_s641_r3
Created 1 stimulus configurations
🔄 Creating fresh config for experiment 'FullVNC_DNg100_Stim' with paths template 'fly_robot'
✅ Created fresh config:
   Experiment: FullVNC_DNg100_Stim
   Version: debug
   Paths template: fly_robot
   Save dir: /Users/sakshaymahna/Documents/fly-cord-robots/data/simulation_output/FullVNC_DNg100_Stim/debug/run_id=closed_loop_s641_r6
Created 1 stimulus configurations
🔄 Creating fresh config for experiment 'FullVNC_DNg100_Stim' with paths template 'fly_robot'
✅ Created fresh config:
   Experiment: FullVNC_DNg100_Stim
   Version: debug
   Paths template: fly_robot
   Save dir: /Users/sakshaymahna/Documents/fly-cord-robots/data/simulation_output/FullVNC_DNg100_Stim/debug/run_id=closed_loop_s641_r0
Created 1 stimulus configurations
🔄 Creating fresh config for experiment 'FullVNC_DNg100_Stim' with paths template 'fly_robot'
✅ Created fresh config:
   Experiment: FullVNC_DNg100_Stim
   Version: debug
   Paths template: fly_robot
   Save dir: /Users/sakshaymahna/Documents/fly-cord-robots/data/simulation_output/FullVNC_DNg100_Stim/debug/run_id=closed_loop_s641_r7
Created 1 stimulus configurations
🔄 Creating fresh config for experiment 'FullVNC_DNg100_Stim' with paths template 'fly_robot'
✅ Created fresh config:
   Experiment: FullVNC_DNg100_Stim
   Version: debug
   Paths template: fly_robot
   Save dir: /Users/sakshaymahna/Documents/fly-cord-robots/data/simulation_output/FullVNC_DNg100_Stim/debug/run_id=closed_loop_s641_r1
Created 1 stimulus configurations
🔄 Creating fresh config for experiment 'FullVNC_DNg100_Stim' with paths template 'fly_robot'
✅ Created fresh config:
   Experiment: FullVNC_DNg100_Stim
   Version: debug
   Paths template: fly_robot
   Save dir: /Users/sakshaymahna/Documents/fly-cord-robots/data/simulation_output/FullVNC_DNg100_Stim/debug/run_id=closed_loop_s641_r3
Created 1 stimulus configurations
🔄 Creating fresh config for experiment 'FullVNC_DNg100_Stim' with paths template 'fly_robot'
✅ Created fresh config:
   Experiment: FullVNC_DNg100_Stim
   Version: debug
   Paths template: fly_robot
   Save dir: /Users/sakshaymahna/Documents/fly-cord-robots/data/simulation_output/FullVNC_DNg100_Stim/debug/run_id=closed_loop_s641_r0
Created 1 stimulus configurations
🔄 Creating fresh config for experiment 'FullVNC_DNg100_Stim' with paths template 'fly_robot'
✅ Created fresh config:
   Experiment: FullVNC_DNg100_Stim
   Version: debug
   Paths template: fly_robot
   Save dir: /Users/sakshaymahna/Documents/fly-cord-robots/data/simulation_output/FullVNC_DNg100_Stim/debug/run_id=closed_loop_s641_r1
Created 1 stimulus configurations
🔄 Creating fresh config for experiment 'FullVNC_DNg100_Stim' with paths template 'fly_robot'
✅ Created fresh config:
   Experiment: FullVNC_DNg100_Stim
   Version: debug
   Paths template: fly_robot
   Save dir: /Users/sakshaymahna/Documents/fly-cord-robots/data/simulation_output/FullVNC_DNg100_Stim/debug/run_id=closed_loop_s641_r7
Created 1 stimulus configurations
🔄 Creating fresh config for experiment 'FullVNC_DNg100_Stim' with paths template 'fly_robot'
✅ Created fresh config:
   Experiment: FullVNC_DNg100_Stim
   Version: debug
   Paths template: fly_robot
   Save dir: /Users/sakshaymahna/Documents/fly-cord-robots/data/simulation_output/FullVNC_DNg100_Stim/debug/run_id=closed_loop_s641_r0
Created 1 stimulus configurations
🔄 Creating fresh config for experiment 'FullVNC_DNg100_Stim' with paths template 'fly_robot'
✅ Created fresh config:
   Experiment: FullVNC_DNg100_Stim
   Version: debug
   Paths template: fly_robot
   Save dir: /Users/sakshaymahna/Documents/fly-cord-robots/data/simulation_output/FullVNC_DNg100_Stim/debug/run_id=closed_loop_s641_r6
Created 1 stimulus configurations
🔄 Creating fresh config for experiment 'FullVNC_DNg100_Stim' with paths template 'fly_robot'
✅ Created fresh config:
   Experiment: FullVNC_DNg100_Stim
   Version: debug
   Paths template: fly_robot
   Save dir: /Users/sakshaymahna/Documents/fly-cord-robots/data/simulation_output/FullVNC_DNg100_Stim/debug/run_id=closed_loop_s641_r7
Created 1 stimulus configurations
🔄 Creating fresh config for experiment 'FullVNC_DNg100_Stim' with paths template 'fly_robot'
✅ Created fresh config:
   Experiment: FullVNC_DNg100_Stim
   Version: debug
   Paths template: fly_robot
   Save dir: /Users/sakshaymahna/Documents/fly-cord-robots/data/simulation_output/FullVNC_DNg100_Stim/debug/run_id=closed_loop_s641_r3
Created 1 stimulus configurations
🔄 Creating fresh config for experiment 'FullVNC_DNg100_Stim' with paths template 'fly_robot'
✅ Created fresh config:
   Experiment: FullVNC_DNg100_Stim
   Version: debug
   Paths template: fly_robot
   Save dir: /Users/sakshaymahna/Documents/fly-cord-robots/data/simulation_output/FullVNC_DNg100_Stim/debug/run_id=closed_loop_s641_r1
Created 1 stimulus configurations
🔄 Creating fresh config for experiment 'FullVNC_DNg100_Stim' with paths template 'fly_robot'
✅ Created fresh config:
   Experiment: FullVNC_DNg100_Stim
   Version: debug
   Paths template: fly_robot
   Save dir: /Users/sakshaymahna/Documents/fly-cord-robots/data/simulation_output/FullVNC_DNg100_Stim/debug/run_id=closed_loop_s641_r7
Created 1 stimulus configurations🔄 Creating fresh config for experiment 'FullVNC_DNg100_Stim' with paths template 'fly_robot'
✅ Created fresh config:
   Experiment: FullVNC_DNg100_Stim
   Version: debug
   Paths template: fly_robot
   Save dir: /Users/sakshaymahna/Documents/fly-cord-robots/data/simulation_output/FullVNC_DNg100_Stim/debug/run_id=closed_loop_s641_r0
Created 1 stimulus configurations
🔄 Creating fresh config for experiment 'FullVNC_DNg100_Stim' with paths template 'fly_robot'
✅ Created fresh config:
   Experiment: FullVNC_DNg100_Stim
   Version: debug
   Paths template: fly_robot
   Save dir: /Users/sakshaymahna/Documents/fly-cord-robots/data/simulation_output/FullVNC_DNg100_Stim/debug/run_id=closed_loop_s641_r6
Created 1 stimulus configurations
🔄 Creating fresh config for experiment 'FullVNC_DNg100_Stim' with paths template 'fly_robot'
✅ Created fresh config:
   Experiment: FullVNC_DNg100_Stim
   Version: debug
   Paths template: fly_robot
   Save dir: /Users/sakshaymahna/Documents/fly-cord-robots/data/simulation_output/FullVNC_DNg100_Stim/debug/run_id=closed_loop_s641_r1
Created 1 stimulus configurations
🔄 Creating fresh config for experiment 'FullVNC_DNg100_Stim' with paths template 'fly_robot'
✅ Created fresh config:
   Experiment: FullVNC_DNg100_Stim
   Version: debug
   Paths template: fly_robot
   Save dir: /Users/sakshaymahna/Documents/fly-cord-robots/data/simulation_output/FullVNC_DNg100_Stim/debug/run_id=closed_loop_s641_r3
Created 1 stimulus configurations
🔄 Creating fresh config for experiment 'FullVNC_DNg100_Stim' with paths template 'fly_robot'
✅ Created fresh config:
   Experiment: FullVNC_DNg100_Stim
   Version: debug
   Paths template: fly_robot
   Save dir: /Users/sakshaymahna/Documents/fly-cord-robots/data/simulation_output/FullVNC_DNg100_Stim/debug/run_id=closed_loop_s641_r7
Created 1 stimulus configurations
🔄 Creating fresh config for experiment 'FullVNC_DNg100_Stim' with paths template 'fly_robot'
✅ Created fresh config:
   Experiment: FullVNC_DNg100_Stim
   Version: debug
   Paths template: fly_robot
   Save dir: /Users/sakshaymahna/Documents/fly-cord-robots/data/simulation_output/FullVNC_DNg100_Stim/debug/run_id=closed_loop_s641_r6
Created 1 stimulus configurations
🔄 Creating fresh config for experiment 'FullVNC_DNg100_Stim' with paths template 'fly_robot'
✅ Created fresh config:
   Experiment: FullVNC_DNg100_Stim
   Version: debug
   Paths template: fly_robot
   Save dir: /Users/sakshaymahna/Documents/fly-cord-robots/data/simulation_output/FullVNC_DNg100_Stim/debug/run_id=closed_loop_s641_r0
Created 1 stimulus configurations
🔄 Creating fresh config for experiment 'FullVNC_DNg100_Stim' with paths template 'fly_robot'
✅ Created fresh config:
   Experiment: FullVNC_DNg100_Stim
   Version: debug
   Paths template: fly_robot
   Save dir: /Users/sakshaymahna/Documents/fly-cord-robots/data/simulation_output/FullVNC_DNg100_Stim/debug/run_id=closed_loop_s641_r3
Created 1 stimulus configurations
🔄 Creating fresh config for experiment 'FullVNC_DNg100_Stim' with paths template 'fly_robot'
✅ Created fresh config:
   Experiment: FullVNC_DNg100_Stim
   Version: debug
   Paths template: fly_robot
   Save dir: /Users/sakshaymahna/Documents/fly-cord-robots/data/simulation_output/FullVNC_DNg100_Stim/debug/run_id=closed_loop_s641_r6
Created 1 stimulus configurations
🔄 Creating fresh config for experiment 'FullVNC_DNg100_Stim' with paths template 'fly_robot'
✅ Created fresh config:
   Experiment: FullVNC_DNg100_Stim
   Version: debug
   Paths template: fly_robot
   Save dir: /Users/sakshaymahna/Documents/fly-cord-robots/data/simulation_output/FullVNC_DNg100_Stim/debug/run_id=closed_loop_s641_r0
Created 1 stimulus configurations
🔄 Creating fresh config for experiment 'FullVNC_DNg100_Stim' with paths template 'fly_robot'
✅ Created fresh config:
   Experiment: FullVNC_DNg100_Stim
   Version: debug
   Paths template: fly_robot
   Save dir: /Users/sakshaymahna/Documents/fly-cord-robots/data/simulation_output/FullVNC_DNg100_Stim/debug/run_id=closed_loop_s641_r7
Created 1 stimulus configurations
🔄 Creating fresh config for experiment 'FullVNC_DNg100_Stim' with paths template 'fly_robot'
✅ Created fresh config:
   Experiment: FullVNC_DNg100_Stim
   Version: debug
   Paths template: fly_robot
   Save dir: /Users/sakshaymahna/Documents/fly-cord-robots/data/simulation_output/FullVNC_DNg100_Stim/debug/run_id=closed_loop_s641_r1
Created 1 stimulus configurations
🔄 Creating fresh config for experiment 'FullVNC_DNg100_Stim' with paths template 'fly_robot'
✅ Created fresh config:
   Experiment: FullVNC_DNg100_Stim
   Version: debug
   Paths template: fly_robot
   Save dir: /Users/sakshaymahna/Documents/fly-cord-robots/data/simulation_output/FullVNC_DNg100_Stim/debug/run_id=closed_loop_s641_r3
Created 1 stimulus configurations
🔄 Creating fresh config for experiment 'FullVNC_DNg100_Stim' with paths template 'fly_robot'
✅ Created fresh config:
   Experiment: FullVNC_DNg100_Stim
   Version: debug
   Paths template: fly_robot
   Save dir: /Users/sakshaymahna/Documents/fly-cord-robots/data/simulation_output/FullVNC_DNg100_Stim/debug/run_id=closed_loop_s641_r0
Created 1 stimulus configurations
🔄 Creating fresh config for experiment 'FullVNC_DNg100_Stim' with paths template 'fly_robot'
✅ Created fresh config:
   Experiment: FullVNC_DNg100_Stim
   Version: debug
   Paths template: fly_robot
   Save dir: /Users/sakshaymahna/Documents/fly-cord-robots/data/simulation_output/FullVNC_DNg100_Stim/debug/run_id=closed_loop_s641_r1
Created 1 stimulus configurations
🔄 Creating fresh config for experiment 'FullVNC_DNg100_Stim' with paths template 'fly_robot'
✅ Created fresh config:
   Experiment: FullVNC_DNg100_Stim
   Version: debug
   Paths template: fly_robot
   Save dir: /Users/sakshaymahna/Documents/fly-cord-robots/data/simulation_output/FullVNC_DNg100_Stim/debug/run_id=closed_loop_s641_r7
Created 1 stimulus configurations
🔄 Creating fresh config for experiment 'FullVNC_DNg100_Stim' with paths template 'fly_robot'
✅ Created fresh config:
   Experiment: FullVNC_DNg100_Stim
   Version: debug
   Paths template: fly_robot
   Save dir: /Users/sakshaymahna/Documents/fly-cord-robots/data/simulation_output/FullVNC_DNg100_Stim/debug/run_id=closed_loop_s641_r0
Created 1 stimulus configurations
🔄 Creating fresh config for experiment 'FullVNC_DNg100_Stim' with paths template 'fly_robot'
✅ Created fresh config:
   Experiment: FullVNC_DNg100_Stim
   Version: debug
   Paths template: fly_robot
   Save dir: /Users/sakshaymahna/Documents/fly-cord-robots/data/simulation_output/FullVNC_DNg100_Stim/debug/run_id=closed_loop_s641_r6
Created 1 stimulus configurations
🔄 Creating fresh config for experiment 'FullVNC_DNg100_Stim' with paths template 'fly_robot'
✅ Created fresh config:
   Experiment: FullVNC_DNg100_Stim
   Version: debug
   Paths template: fly_robot
   Save dir: /Users/sakshaymahna/Documents/fly-cord-robots/data/simulation_output/FullVNC_DNg100_Stim/debug/run_id=closed_loop_s641_r7
Created 1 stimulus configurations
🔄 Creating fresh config for experiment 'FullVNC_DNg100_Stim' with paths template 'fly_robot'
✅ Created fresh config:
   Experiment: FullVNC_DNg100_Stim
   Version: debug
   Paths template: fly_robot
   Save dir: /Users/sakshaymahna/Documents/fly-cord-robots/data/simulation_output/FullVNC_DNg100_Stim/debug/run_id=closed_loop_s641_r3
Created 1 stimulus configurations
🔄 Creating fresh config for experiment 'FullVNC_DNg100_Stim' with paths template 'fly_robot'
✅ Created fresh config:
   Experiment: FullVNC_DNg100_Stim
   Version: debug
   Paths template: fly_robot
   Save dir: /Users/sakshaymahna/Documents/fly-cord-robots/data/simulation_output/FullVNC_DNg100_Stim/debug/run_id=closed_loop_s641_r1
Created 1 stimulus configurations
🔄 Creating fresh config for experiment 'FullVNC_DNg100_Stim' with paths template 'fly_robot'
✅ Created fresh config:
   Experiment: FullVNC_DNg100_Stim
   Version: debug
   Paths template: fly_robot
   Save dir: /Users/sakshaymahna/Documents/fly-cord-robots/data/simulation_output/FullVNC_DNg100_Stim/debug/run_id=closed_loop_s641_r7
Created 1 stimulus configurations🔄 Creating fresh config for experiment 'FullVNC_DNg100_Stim' with paths template 'fly_robot'
✅ Created fresh config:
   Experiment: FullVNC_DNg100_Stim
   Version: debug
   Paths template: fly_robot
   Save dir: /Users/sakshaymahna/Documents/fly-cord-robots/data/simulation_output/FullVNC_DNg100_Stim/debug/run_id=closed_loop_s641_r0
Created 1 stimulus configurations
🔄 Creating fresh config for experiment 'FullVNC_DNg100_Stim' with paths template 'fly_robot'
✅ Created fresh config:
   Experiment: FullVNC_DNg100_Stim
   Version: debug
   Paths template: fly_robot
   Save dir: /Users/sakshaymahna/Documents/fly-cord-robots/data/simulation_output/FullVNC_DNg100_Stim/debug/run_id=closed_loop_s641_r6
Created 1 stimulus configurations
🔄 Creating fresh config for experiment 'FullVNC_DNg100_Stim' with paths template 'fly_robot'
✅ Created fresh config:
   Experiment: FullVNC_DNg100_Stim
   Version: debug
   Paths template: fly_robot
   Save dir: /Users/sakshaymahna/Documents/fly-cord-robots/data/simulation_output/FullVNC_DNg100_Stim/debug/run_id=closed_loop_s641_r1
Created 1 stimulus configurations
🔄 Creating fresh config for experiment 'FullVNC_DNg100_Stim' with paths template 'fly_robot'
✅ Created fresh config:
   Experiment: FullVNC_DNg100_Stim
   Version: debug
   Paths template: fly_robot
   Save dir: /Users/sakshaymahna/Documents/fly-cord-robots/data/simulation_output/FullVNC_DNg100_Stim/debug/run_id=closed_loop_s641_r3
Created 1 stimulus configurations
🔄 Creating fresh config for experiment 'FullVNC_DNg100_Stim' with paths template 'fly_robot'
✅ Created fresh config:
   Experiment: FullVNC_DNg100_Stim
   Version: debug
   Paths template: fly_robot
   Save dir: /Users/sakshaymahna/Documents/fly-cord-robots/data/simulation_output/FullVNC_DNg100_Stim/debug/run_id=closed_loop_s641_r7
Created 1 stimulus configurations
🔄 Creating fresh config for experiment 'FullVNC_DNg100_Stim' with paths template 'fly_robot'
✅ Created fresh config:
   Experiment: FullVNC_DNg100_Stim
   Version: debug
   Paths template: fly_robot
   Save dir: /Users/sakshaymahna/Documents/fly-cord-robots/data/simulation_output/FullVNC_DNg100_Stim/debug/run_id=closed_loop_s641_r6
Created 1 stimulus configurations
🔄 Creating fresh config for experiment 'FullVNC_DNg100_Stim' with paths template 'fly_robot'
✅ Created fresh config:
   Experiment: FullVNC_DNg100_Stim
   Version: debug
   Paths template: fly_robot
   Save dir: /Users/sakshaymahna/Documents/fly-cord-robots/data/simulation_output/FullVNC_DNg100_Stim/debug/run_id=closed_loop_s641_r0
Created 1 stimulus configurations
🔄 Creating fresh config for experiment 'FullVNC_DNg100_Stim' with paths template 'fly_robot'
✅ Created fresh config:
   Experiment: FullVNC_DNg100_Stim
   Version: debug
   Paths template: fly_robot
   Save dir: /Users/sakshaymahna/Documents/fly-cord-robots/data/simulation_output/FullVNC_DNg100_Stim/debug/run_id=closed_loop_s641_r3
Created 1 stimulus configurations
🔄 Creating fresh config for experiment 'FullVNC_DNg100_Stim' with paths template 'fly_robot'
✅ Created fresh config:
   Experiment: FullVNC_DNg100_Stim
   Version: debug
   Paths template: fly_robot
   Save dir: /Users/sakshaymahna/Documents/fly-cord-robots/data/simulation_output/FullVNC_DNg100_Stim/debug/run_id=closed_loop_s641_r6
Created 1 stimulus configurations
🔄 Creating fresh config for experiment 'FullVNC_DNg100_Stim' with paths template 'fly_robot'
✅ Created fresh config:
   Experiment: FullVNC_DNg100_Stim
   Version: debug
   Paths template: fly_robot
   Save dir: /Users/sakshaymahna/Documents/fly-cord-robots/data/simulation_output/FullVNC_DNg100_Stim/debug/run_id=closed_loop_s641_r0
Created 1 stimulus configurations
🔄 Creating fresh config for experiment 'FullVNC_DNg100_Stim' with paths template 'fly_robot'
✅ Created fresh config:
   Experiment: FullVNC_DNg100_Stim
   Version: debug
   Paths template: fly_robot
   Save dir: /Users/sakshaymahna/Documents/fly-cord-robots/data/simulation_output/FullVNC_DNg100_Stim/debug/run_id=closed_loop_s641_r7
Created 1 stimulus configurations
🔄 Creating fresh config for experiment 'FullVNC_DNg100_Stim' with paths template 'fly_robot'
✅ Created fresh config:
   Experiment: FullVNC_DNg100_Stim
   Version: debug
   Paths template: fly_robot
   Save dir: /Users/sakshaymahna/Documents/fly-cord-robots/data/simulation_output/FullVNC_DNg100_Stim/debug/run_id=closed_loop_s641_r1
Created 1 stimulus configurations
🔄 Creating fresh config for experiment 'FullVNC_DNg100_Stim' with paths template 'fly_robot'
✅ Created fresh config:
   Experiment: FullVNC_DNg100_Stim
   Version: debug
   Paths template: fly_robot
   Save dir: /Users/sakshaymahna/Documents/fly-cord-robots/data/simulation_output/FullVNC_DNg100_Stim/debug/run_id=closed_loop_s641_r3
Created 1 stimulus configurations
🔄 Creating fresh config for experiment 'FullVNC_DNg100_Stim' with paths template 'fly_robot'
✅ Created fresh config:
   Experiment: FullVNC_DNg100_Stim
   Version: debug
   Paths template: fly_robot
   Save dir: /Users/sakshaymahna/Documents/fly-cord-robots/data/simulation_output/FullVNC_DNg100_Stim/debug/run_id=closed_loop_s641_r0
Created 1 stimulus configurations
🔄 Creating fresh config for experiment 'FullVNC_DNg100_Stim' with paths template 'fly_robot'
✅ Created fresh config:
   Experiment: FullVNC_DNg100_Stim
   Version: debug
   Paths template: fly_robot
   Save dir: /Users/sakshaymahna/Documents/fly-cord-robots/data/simulation_output/FullVNC_DNg100_Stim/debug/run_id=closed_loop_s641_r1
Created 1 stimulus configurations
🔄 Creating fresh config for experiment 'FullVNC_DNg100_Stim' with paths template 'fly_robot'
✅ Created fresh config:
   Experiment: FullVNC_DNg100_Stim
   Version: debug
   Paths template: fly_robot
   Save dir: /Users/sakshaymahna/Documents/fly-cord-robots/data/simulation_output/FullVNC_DNg100_Stim/debug/run_id=closed_loop_s641_r7
Created 1 stimulus configurations
🔄 Creating fresh config for experiment 'FullVNC_DNg100_Stim' with paths template 'fly_robot'
✅ Created fresh config:
   Experiment: FullVNC_DNg100_Stim
   Version: debug
   Paths template: fly_robot
   Save dir: /Users/sakshaymahna/Documents/fly-cord-robots/data/simulation_output/FullVNC_DNg100_Stim/debug/run_id=closed_loop_s641_r0
Created 1 stimulus configurations
🔄 Creating fresh config for experiment 'FullVNC_DNg100_Stim' with paths template 'fly_robot'
✅ Created fresh config:
   Experiment: FullVNC_DNg100_Stim
   Version: debug
   Paths template: fly_robot
   Save dir: /Users/sakshaymahna/Documents/fly-cord-robots/data/simulation_output/FullVNC_DNg100_Stim/debug/run_id=closed_loop_s641_r6
Created 1 stimulus configurations
🔄 Creating fresh config for experiment 'FullVNC_DNg100_Stim' with paths template 'fly_robot'
✅ Created fresh config:
   Experiment: FullVNC_DNg100_Stim
   Version: debug
   Paths template: fly_robot
   Save dir: /Users/sakshaymahna/Documents/fly-cord-robots/data/simulation_output/FullVNC_DNg100_Stim/debug/run_id=closed_loop_s641_r7
Created 1 stimulus configurations
🔄 Creating fresh config for experiment 'FullVNC_DNg100_Stim' with paths template 'fly_robot'
✅ Created fresh config:
   Experiment: FullVNC_DNg100_Stim
   Version: debug
   Paths template: fly_robot
   Save dir: /Users/sakshaymahna/Documents/fly-cord-robots/data/simulation_output/FullVNC_DNg100_Stim/debug/run_id=closed_loop_s641_r3
Created 1 stimulus configurations
🔄 Creating fresh config for experiment 'FullVNC_DNg100_Stim' with paths template 'fly_robot'
✅ Created fresh config:
   Experiment: FullVNC_DNg100_Stim
   Version: debug
   Paths template: fly_robot
   Save dir: /Users/sakshaymahna/Documents/fly-cord-robots/data/simulation_output/FullVNC_DNg100_Stim/debug/run_id=closed_loop_s641_r1
Created 1 stimulus configurations
🔄 Creating fresh config for experiment 'FullVNC_DNg100_Stim' with paths template 'fly_robot'
✅ Created fresh config:
   Experiment: FullVNC_DNg100_Stim
   Version: debug
   Paths template: fly_robot
   Save dir: /Users/sakshaymahna/Documents/fly-cord-robots/data/simulation_output/FullVNC_DNg100_Stim/debug/run_id=closed_loop_s641_r7
Created 1 stimulus configurations🔄 Creating fresh config for experiment 'FullVNC_DNg100_Stim' with paths template 'fly_robot'
✅ Created fresh config:
   Experiment: FullVNC_DNg100_Stim
   Version: debug
   Paths template: fly_robot
   Save dir: /Users/sakshaymahna/Documents/fly-cord-robots/data/simulation_output/FullVNC_DNg100_Stim/debug/run_id=closed_loop_s641_r0
Created 1 stimulus configurations
🔄 Creating fresh config for experiment 'FullVNC_DNg100_Stim' with paths template 'fly_robot'
✅ Created fresh config:
   Experiment: FullVNC_DNg100_Stim
   Version: debug
   Paths template: fly_robot
   Save dir: /Users/sakshaymahna/Documents/fly-cord-robots/data/simulation_output/FullVNC_DNg100_Stim/debug/run_id=closed_loop_s641_r6
Created 1 stimulus configurations
🔄 Creating fresh config for experiment 'FullVNC_DNg100_Stim' with paths template 'fly_robot'
✅ Created fresh config:
   Experiment: FullVNC_DNg100_Stim
   Version: debug
   Paths template: fly_robot
   Save dir: /Users/sakshaymahna/Documents/fly-cord-robots/data/simulation_output/FullVNC_DNg100_Stim/debug/run_id=closed_loop_s641_r1
Created 1 stimulus configurations
🔄 Creating fresh config for experiment 'FullVNC_DNg100_Stim' with paths template 'fly_robot'
✅ Created fresh config:
   Experiment: FullVNC_DNg100_Stim
   Version: debug
   Paths template: fly_robot
   Save dir: /Users/sakshaymahna/Documents/fly-cord-robots/data/simulation_output/FullVNC_DNg100_Stim/debug/run_id=closed_loop_s641_r3
Created 1 stimulus configurations
🔄 Creating fresh config for experiment 'FullVNC_DNg100_Stim' with paths template 'fly_robot'
✅ Created fresh config:
   Experiment: FullVNC_DNg100_Stim
   Version: debug
   Paths template: fly_robot
   Save dir: /Users/sakshaymahna/Documents/fly-cord-robots/data/simulation_output/FullVNC_DNg100_Stim/debug/run_id=closed_loop_s641_r7
Created 1 stimulus configurations
🔄 Creating fresh config for experiment 'FullVNC_DNg100_Stim' with paths template 'fly_robot'
✅ Created fresh config:
   Experiment: FullVNC_DNg100_Stim
   Version: debug
   Paths template: fly_robot
   Save dir: /Users/sakshaymahna/Documents/fly-cord-robots/data/simulation_output/FullVNC_DNg100_Stim/debug/run_id=closed_loop_s641_r6
Created 1 stimulus configurations
🔄 Creating fresh config for experiment 'FullVNC_DNg100_Stim' with paths template 'fly_robot'
✅ Created fresh config:
   Experiment: FullVNC_DNg100_Stim
   Version: debug
   Paths template: fly_robot
   Save dir: /Users/sakshaymahna/Documents/fly-cord-robots/data/simulation_output/FullVNC_DNg100_Stim/debug/run_id=closed_loop_s641_r0
Created 1 stimulus configurations
🔄 Creating fresh config for experiment 'FullVNC_DNg100_Stim' with paths template 'fly_robot'
✅ Created fresh config:
   Experiment: FullVNC_DNg100_Stim
   Version: debug
   Paths template: fly_robot
   Save dir: /Users/sakshaymahna/Documents/fly-cord-robots/data/simulation_output/FullVNC_DNg100_Stim/debug/run_id=closed_loop_s641_r3
Created 1 stimulus configurations
🔄 Creating fresh config for experiment 'FullVNC_DNg100_Stim' with paths template 'fly_robot'
✅ Created fresh config:
   Experiment: FullVNC_DNg100_Stim
   Version: debug
   Paths template: fly_robot
   Save dir: /Users/sakshaymahna/Documents/fly-cord-robots/data/simulation_output/FullVNC_DNg100_Stim/debug/run_id=closed_loop_s641_r6
Created 1 stimulus configurations
🔄 Creating fresh config for experiment 'FullVNC_DNg100_Stim' with paths template 'fly_robot'
✅ Created fresh config:
   Experiment: FullVNC_DNg100_Stim
   Version: debug
   Paths template: fly_robot
   Save dir: /Users/sakshaymahna/Documents/fly-cord-robots/data/simulation_output/FullVNC_DNg100_Stim/debug/run_id=closed_loop_s641_r0
Created 1 stimulus configurations
🔄 Creating fresh config for experiment 'FullVNC_DNg100_Stim' with paths template 'fly_robot'
✅ Created fresh config:
   Experiment: FullVNC_DNg100_Stim
   Version: debug
   Paths template: fly_robot
   Save dir: /Users/sakshaymahna/Documents/fly-cord-robots/data/simulation_output/FullVNC_DNg100_Stim/debug/run_id=closed_loop_s641_r7
Created 1 stimulus configurations
🔄 Creating fresh config for experiment 'FullVNC_DNg100_Stim' with paths template 'fly_robot'
✅ Created fresh config:
   Experiment: FullVNC_DNg100_Stim
   Version: debug
   Paths template: fly_robot
   Save dir: /Users/sakshaymahna/Documents/fly-cord-robots/data/simulation_output/FullVNC_DNg100_Stim/debug/run_id=closed_loop_s641_r1
Created 1 stimulus configurations
🔄 Creating fresh config for experiment 'FullVNC_DNg100_Stim' with paths template 'fly_robot'
✅ Created fresh config:
   Experiment: FullVNC_DNg100_Stim
   Version: debug
   Paths template: fly_robot
   Save dir: /Users/sakshaymahna/Documents/fly-cord-robots/data/simulation_output/FullVNC_DNg100_Stim/debug/run_id=closed_loop_s641_r3
Created 1 stimulus configurations
🔄 Creating fresh config for experiment 'FullVNC_DNg100_Stim' with paths template 'fly_robot'
✅ Created fresh config:
   Experiment: FullVNC_DNg100_Stim
   Version: debug
   Paths template: fly_robot
   Save dir: /Users/sakshaymahna/Documents/fly-cord-robots/data/simulation_output/FullVNC_DNg100_Stim/debug/run_id=closed_loop_s641_r0
Created 1 stimulus configurations
🔄 Creating fresh config for experiment 'FullVNC_DNg100_Stim' with paths template 'fly_robot'
✅ Created fresh config:
   Experiment: FullVNC_DNg100_Stim
   Version: debug
   Paths template: fly_robot
   Save dir: /Users/sakshaymahna/Documents/fly-cord-robots/data/simulation_output/FullVNC_DNg100_Stim/debug/run_id=closed_loop_s641_r1
Created 1 stimulus configurations
🔄 Creating fresh config for experiment 'FullVNC_DNg100_Stim' with paths template 'fly_robot'
✅ Created fresh config:
   Experiment: FullVNC_DNg100_Stim
   Version: debug
   Paths template: fly_robot
   Save dir: /Users/sakshaymahna/Documents/fly-cord-robots/data/simulation_output/FullVNC_DNg100_Stim/debug/run_id=closed_loop_s641_r7
Created 1 stimulus configurations
🔄 Creating fresh config for experiment 'FullVNC_DNg100_Stim' with paths template 'fly_robot'
✅ Created fresh config:
   Experiment: FullVNC_DNg100_Stim
   Version: debug
   Paths template: fly_robot
   Save dir: /Users/sakshaymahna/Documents/fly-cord-robots/data/simulation_output/FullVNC_DNg100_Stim/debug/run_id=closed_loop_s641_r0
Created 1 stimulus configurations
🔄 Creating fresh config for experiment 'FullVNC_DNg100_Stim' with paths template 'fly_robot'
✅ Created fresh config:
   Experiment: FullVNC_DNg100_Stim
   Version: debug
   Paths template: fly_robot
   Save dir: /Users/sakshaymahna/Documents/fly-cord-robots/data/simulation_output/FullVNC_DNg100_Stim/debug/run_id=closed_loop_s641_r6
Created 1 stimulus configurations
🔄 Creating fresh config for experiment 'FullVNC_DNg100_Stim' with paths template 'fly_robot'
✅ Created fresh config:
   Experiment: FullVNC_DNg100_Stim
   Version: debug
   Paths template: fly_robot
   Save dir: /Users/sakshaymahna/Documents/fly-cord-robots/data/simulation_output/FullVNC_DNg100_Stim/debug/run_id=closed_loop_s641_r7
Created 1 stimulus configurations
🔄 Creating fresh config for experiment 'FullVNC_DNg100_Stim' with paths template 'fly_robot'
✅ Created fresh config:
   Experiment: FullVNC_DNg100_Stim
   Version: debug
   Paths template: fly_robot
   Save dir: /Users/sakshaymahna/Documents/fly-cord-robots/data/simulation_output/FullVNC_DNg100_Stim/debug/run_id=closed_loop_s641_r3
Created 1 stimulus configurations
🔄 Creating fresh config for experiment 'FullVNC_DNg100_Stim' with paths template 'fly_robot'
✅ Created fresh config:
   Experiment: FullVNC_DNg100_Stim
   Version: debug
   Paths template: fly_robot
   Save dir: /Users/sakshaymahna/Documents/fly-cord-robots/data/simulation_output/FullVNC_DNg100_Stim/debug/run_id=closed_loop_s641_r1
Created 1 stimulus configurations
🔄 Creating fresh config for experiment 'FullVNC_DNg100_Stim' with paths template 'fly_robot'
✅ Created fresh config:
   Experiment: FullVNC_DNg100_Stim
   Version: debug
   Paths template: fly_robot
   Save dir: /Users/sakshaymahna/Documents/fly-cord-robots/data/simulation_output/FullVNC_DNg100_Stim/debug/run_id=closed_loop_s641_r7
Created 1 stimulus configurations🔄 Creating fresh config for experiment 'FullVNC_DNg100_Stim' with paths template 'fly_robot'
✅ Created fresh config:
   Experiment: FullVNC_DNg100_Stim
   Version: debug
   Paths template: fly_robot
   Save dir: /Users/sakshaymahna/Documents/fly-cord-robots/data/simulation_output/FullVNC_DNg100_Stim/debug/run_id=closed_loop_s641_r0
Created 1 stimulus configurations
🔄 Creating fresh config for experiment 'FullVNC_DNg100_Stim' with paths template 'fly_robot'
✅ Created fresh config:
   Experiment: FullVNC_DNg100_Stim
   Version: debug
   Paths template: fly_robot
   Save dir: /Users/sakshaymahna/Documents/fly-cord-robots/data/simulation_output/FullVNC_DNg100_Stim/debug/run_id=closed_loop_s641_r6
Created 1 stimulus configurations
🔄 Creating fresh config for experiment 'FullVNC_DNg100_Stim' with paths template 'fly_robot'
✅ Created fresh config:
   Experiment: FullVNC_DNg100_Stim
   Version: debug
   Paths template: fly_robot
   Save dir: /Users/sakshaymahna/Documents/fly-cord-robots/data/simulation_output/FullVNC_DNg100_Stim/debug/run_id=closed_loop_s641_r1
Created 1 stimulus configurations
🔄 Creating fresh config for experiment 'FullVNC_DNg100_Stim' with paths template 'fly_robot'
✅ Created fresh config:
   Experiment: FullVNC_DNg100_Stim
   Version: debug
   Paths template: fly_robot
   Save dir: /Users/sakshaymahna/Documents/fly-cord-robots/data/simulation_output/FullVNC_DNg100_Stim/debug/run_id=closed_loop_s641_r3
Created 1 stimulus configurations
🔄 Creating fresh config for experiment 'FullVNC_DNg100_Stim' with paths template 'fly_robot'
✅ Created fresh config:
   Experiment: FullVNC_DNg100_Stim
   Version: debug
   Paths template: fly_robot
   Save dir: /Users/sakshaymahna/Documents/fly-cord-robots/data/simulation_output/FullVNC_DNg100_Stim/debug/run_id=closed_loop_s641_r7
Created 1 stimulus configurations
🔄 Creating fresh config for experiment 'FullVNC_DNg100_Stim' with paths template 'fly_robot'
✅ Created fresh config:
   Experiment: FullVNC_DNg100_Stim
   Version: debug
   Paths template: fly_robot
   Save dir: /Users/sakshaymahna/Documents/fly-cord-robots/data/simulation_output/FullVNC_DNg100_Stim/debug/run_id=closed_loop_s641_r6
Created 1 stimulus configurations
🔄 Creating fresh config for experiment 'FullVNC_DNg100_Stim' with paths template 'fly_robot'
✅ Created fresh config:
   Experiment: FullVNC_DNg100_Stim
   Version: debug
   Paths template: fly_robot
   Save dir: /Users/sakshaymahna/Documents/fly-cord-robots/data/simulation_output/FullVNC_DNg100_Stim/debug/run_id=closed_loop_s641_r0
Created 1 stimulus configurations
🔄 Creating fresh config for experiment 'FullVNC_DNg100_Stim' with paths template 'fly_robot'
✅ Created fresh config:
   Experiment: FullVNC_DNg100_Stim
   Version: debug
   Paths template: fly_robot
   Save dir: /Users/sakshaymahna/Documents/fly-cord-robots/data/simulation_output/FullVNC_DNg100_Stim/debug/run_id=closed_loop_s641_r3
Created 1 stimulus configurations
🔄 Creating fresh config for experiment 'FullVNC_DNg100_Stim' with paths template 'fly_robot'
✅ Created fresh config:
   Experiment: FullVNC_DNg100_Stim
   Version: debug
   Paths template: fly_robot
   Save dir: /Users/sakshaymahna/Documents/fly-cord-robots/data/simulation_output/FullVNC_DNg100_Stim/debug/run_id=closed_loop_s641_r6
Created 1 stimulus configurations
🔄 Creating fresh config for experiment 'FullVNC_DNg100_Stim' with paths template 'fly_robot'
✅ Created fresh config:
   Experiment: FullVNC_DNg100_Stim
   Version: debug
   Paths template: fly_robot
   Save dir: /Users/sakshaymahna/Documents/fly-cord-robots/data/simulation_output/FullVNC_DNg100_Stim/debug/run_id=closed_loop_s641_r0
Created 1 stimulus configurations
🔄 Creating fresh config for experiment 'FullVNC_DNg100_Stim' with paths template 'fly_robot'
✅ Created fresh config:
   Experiment: FullVNC_DNg100_Stim
   Version: debug
   Paths template: fly_robot
   Save dir: /Users/sakshaymahna/Documents/fly-cord-robots/data/simulation_output/FullVNC_DNg100_Stim/debug/run_id=closed_loop_s641_r7
Created 1 stimulus configurations
🔄 Creating fresh config for experiment 'FullVNC_DNg100_Stim' with paths template 'fly_robot'
✅ Created fresh config:
   Experiment: FullVNC_DNg100_Stim
   Version: debug
   Paths template: fly_robot
   Save dir: /Users/sakshaymahna/Documents/fly-cord-robots/data/simulation_output/FullVNC_DNg100_Stim/debug/run_id=closed_loop_s641_r1
Created 1 stimulus configurations
🔄 Creating fresh config for experiment 'FullVNC_DNg100_Stim' with paths template 'fly_robot'
✅ Created fresh config:
   Experiment: FullVNC_DNg100_Stim
   Version: debug
   Paths template: fly_robot
   Save dir: /Users/sakshaymahna/Documents/fly-cord-robots/data/simulation_output/FullVNC_DNg100_Stim/debug/run_id=closed_loop_s641_r3
Created 1 stimulus configurations
🔄 Creating fresh config for experiment 'FullVNC_DNg100_Stim' with paths template 'fly_robot'
✅ Created fresh config:
   Experiment: FullVNC_DNg100_Stim
   Version: debug
   Paths template: fly_robot
   Save dir: /Users/sakshaymahna/Documents/fly-cord-robots/data/simulation_output/FullVNC_DNg100_Stim/debug/run_id=closed_loop_s641_r0
Created 1 stimulus configurations
🔄 Creating fresh config for experiment 'FullVNC_DNg100_Stim' with paths template 'fly_robot'
✅ Created fresh config:
   Experiment: FullVNC_DNg100_Stim
   Version: debug
   Paths template: fly_robot
   Save dir: /Users/sakshaymahna/Documents/fly-cord-robots/data/simulation_output/FullVNC_DNg100_Stim/debug/run_id=closed_loop_s641_r1
Created 1 stimulus configurations
🔄 Creating fresh config for experiment 'FullVNC_DNg100_Stim' with paths template 'fly_robot'
✅ Created fresh config:
   Experiment: FullVNC_DNg100_Stim
   Version: debug
   Paths template: fly_robot
   Save dir: /Users/sakshaymahna/Documents/fly-cord-robots/data/simulation_output/FullVNC_DNg100_Stim/debug/run_id=closed_loop_s641_r7
Created 1 stimulus configurations
🔄 Creating fresh config for experiment 'FullVNC_DNg100_Stim' with paths template 'fly_robot'
✅ Created fresh config:
   Experiment: FullVNC_DNg100_Stim
   Version: debug
   Paths template: fly_robot
   Save dir: /Users/sakshaymahna/Documents/fly-cord-robots/data/simulation_output/FullVNC_DNg100_Stim/debug/run_id=closed_loop_s641_r0
Created 1 stimulus configurations
🔄 Creating fresh config for experiment 'FullVNC_DNg100_Stim' with paths template 'fly_robot'
✅ Created fresh config:
   Experiment: FullVNC_DNg100_Stim
   Version: debug
   Paths template: fly_robot
   Save dir: /Users/sakshaymahna/Documents/fly-cord-robots/data/simulation_output/FullVNC_DNg100_Stim/debug/run_id=closed_loop_s641_r6
Created 1 stimulus configurations
🔄 Creating fresh config for experiment 'FullVNC_DNg100_Stim' with paths template 'fly_robot'
✅ Created fresh config:
   Experiment: FullVNC_DNg100_Stim
   Version: debug
   Paths template: fly_robot
   Save dir: /Users/sakshaymahna/Documents/fly-cord-robots/data/simulation_output/FullVNC_DNg100_Stim/debug/run_id=closed_loop_s641_r7
Created 1 stimulus configurations
🔄 Creating fresh config for experiment 'FullVNC_DNg100_Stim' with paths template 'fly_robot'
✅ Created fresh config:
   Experiment: FullVNC_DNg100_Stim
   Version: debug
   Paths template: fly_robot
   Save dir: /Users/sakshaymahna/Documents/fly-cord-robots/data/simulation_output/FullVNC_DNg100_Stim/debug/run_id=closed_loop_s641_r3
Created 1 stimulus configurations
🔄 Creating fresh config for experiment 'FullVNC_DNg100_Stim' with paths template 'fly_robot'
✅ Created fresh config:
   Experiment: FullVNC_DNg100_Stim
   Version: debug
   Paths template: fly_robot
   Save dir: /Users/sakshaymahna/Documents/fly-cord-robots/data/simulation_output/FullVNC_DNg100_Stim/debug/run_id=closed_loop_s641_r1
Created 1 stimulus configurations
🔄 Creating fresh config for experiment 'FullVNC_DNg100_Stim' with paths template 'fly_robot'
✅ Created fresh config:
   Experiment: FullVNC_DNg100_Stim
   Version: debug
   Paths template: fly_robot
   Save dir: /Users/sakshaymahna/Documents/fly-cord-robots/data/simulation_output/FullVNC_DNg100_Stim/debug/run_id=closed_loop_s641_r7
Created 1 stimulus configurationsgen   13  best=+0.3103 med=-0.3743  sigma=0.430  sat=0.19  139s
gen   14  best=+0.2954 med=+0.1509  sigma=0.428  sat=0.16  101s
gen   15  best=+1.1053 med=+0.0934  sigma=0.429  sat=0.16  149s
gen   16  best=+0.2496 med=+0.0497  sigma=0.425  sat=0.09  130s
gen   17  best=+0.7093 med=+0.1356  sigma=0.422  sat=0.19  84s
gen   18  best=+0.2735 med=+0.0406  sigma=0.420  sat=0.16  143s
gen   19  best=+0.3187 med=+0.1525  sigma=0.417  sat=0.19  144s
gen   20  best=+0.3021 med=+0.1595  sigma=0.414  sat=0.34  122s
gen   21  best=+0.2710 med=+0.1441  sigma=0.412  sat=0.06  124s
gen   22  best=+0.2761 med=+0.2047  sigma=0.410  sat=0.06  119s
gen   23  best=+0.2900 med=+0.2108  sigma=0.409  sat=0.12  79s
gen   24  best=+0.2941 med=+0.1690  sigma=0.407  sat=0.06  89s
gen   25  best=+0.2922 med=+0.0339  sigma=0.407  sat=0.34  156s
gen   26  best=+0.2887 med=+0.0942  sigma=0.406  sat=0.09  122s
gen   27  best=+0.3178 med=+0.1599  sigma=0.403  sat=0.38  172s

🔄 Creating fresh config for experiment 'FullVNC_DNg100_Stim' with paths template 'fly_robot'
✅ Created fresh config:
   Experiment: FullVNC_DNg100_Stim
   Version: debug
   Paths template: fly_robot
   Save dir: /Users/sakshaymahna/Documents/fly-cord-robots/data/simulation_output/FullVNC_DNg100_Stim/debug/run_id=closed_loop_s641_r4
Created 1 stimulus configurations
🔄 Creating fresh config for experiment 'FullVNC_DNg100_Stim' with paths template 'fly_robot'
✅ Created fresh config:
   Experiment: FullVNC_DNg100_Stim
   Version: debug
   Paths template: fly_robot
   Save dir: /Users/sakshaymahna/Documents/fly-cord-robots/data/simulation_output/FullVNC_DNg100_Stim/debug/run_id=closed_loop_s641_r3
Created 1 stimulus configurations
🔄 Creating fresh config for experiment 'FullVNC_DNg100_Stim' with paths template 'fly_robot'
✅ Created fresh config:
   Experiment: FullVNC_DNg100_Stim
   Version: debug
   Paths template: fly_robot
   Save dir: /Users/sakshaymahna/Documents/fly-cord-robots/data/simulation_output/FullVNC_DNg100_Stim/debug/run_id=closed_loop_s641_r1
Created 1 stimulus configurations
🔄 Creating fresh config for experiment 'FullVNC_DNg100_Stim' with paths template 'fly_robot'
✅ Created fresh config:
   Experiment: FullVNC_DNg100_Stim
   Version: debug
   Paths template: fly_robot
   Save dir: /Users/sakshaymahna/Documents/fly-cord-robots/data/simulation_output/FullVNC_DNg100_Stim/debug/run_id=closed_loop_s641_r0
Created 1 stimulus configurations
🔄 Creating fresh config for experiment 'FullVNC_DNg100_Stim' with paths template 'fly_robot'
✅ Created fresh config:
   Experiment: FullVNC_DNg100_Stim
   Version: debug
   Paths template: fly_robot
   Save dir: /Users/sakshaymahna/Documents/fly-cord-robots/data/simulation_output/FullVNC_DNg100_Stim/debug/run_id=closed_loop_s641_r7
Created 1 stimulus configurations
🔄 Creating fresh config for experiment 'FullVNC_DNg100_Stim' with paths template 'fly_robot'
✅ Created fresh config:
   Experiment: FullVNC_DNg100_Stim
   Version: debug
   Paths template: fly_robot
   Save dir: /Users/sakshaymahna/Documents/fly-cord-robots/data/simulation_output/FullVNC_DNg100_Stim/debug/run_id=closed_loop_s641_r1
Created 1 stimulus configurations
🔄 Creating fresh config for experiment 'FullVNC_DNg100_Stim' with paths template 'fly_robot'
✅ Created fresh config:
   Experiment: FullVNC_DNg100_Stim
   Version: debug
   Paths template: fly_robot
   Save dir: /Users/sakshaymahna/Documents/fly-cord-robots/data/simulation_output/FullVNC_DNg100_Stim/debug/run_id=closed_loop_s641_r0
Created 1 stimulus configurations
🔄 Creating fresh config for experiment 'FullVNC_DNg100_Stim' with paths template 'fly_robot'
✅ Created fresh config:
   Experiment: FullVNC_DNg100_Stim
   Version: debug
   Paths template: fly_robot
   Save dir: /Users/sakshaymahna/Documents/fly-cord-robots/data/simulation_output/FullVNC_DNg100_Stim/debug/run_id=closed_loop_s641_r7
Created 1 stimulus configurations
🔄 Creating fresh config for experiment 'FullVNC_DNg100_Stim' with paths template 'fly_robot'
✅ Created fresh config:
   Experiment: FullVNC_DNg100_Stim
   Version: debug
   Paths template: fly_robot
   Save dir: /Users/sakshaymahna/Documents/fly-cord-robots/data/simulation_output/FullVNC_DNg100_Stim/debug/run_id=closed_loop_s641_r1
Created 1 stimulus configurations
🔄 Creating fresh config for experiment 'FullVNC_DNg100_Stim' with paths template 'fly_robot'
✅ Created fresh config:
   Experiment: FullVNC_DNg100_Stim
   Version: debug
   Paths template: fly_robot
   Save dir: /Users/sakshaymahna/Documents/fly-cord-robots/data/simulation_output/FullVNC_DNg100_Stim/debug/run_id=closed_loop_s641_r4
Created 1 stimulus configurations
🔄 Creating fresh config for experiment 'FullVNC_DNg100_Stim' with paths template 'fly_robot'
✅ Created fresh config:
   Experiment: FullVNC_DNg100_Stim
   Version: debug
   Paths template: fly_robot
   Save dir: /Users/sakshaymahna/Documents/fly-cord-robots/data/simulation_output/FullVNC_DNg100_Stim/debug/run_id=closed_loop_s641_r7
Created 1 stimulus configurations
🔄 Creating fresh config for experiment 'FullVNC_DNg100_Stim' with paths template 'fly_robot'
✅ Created fresh config:
   Experiment: FullVNC_DNg100_Stim
   Version: debug
   Paths template: fly_robot
   Save dir: /Users/sakshaymahna/Documents/fly-cord-robots/data/simulation_output/FullVNC_DNg100_Stim/debug/run_id=closed_loop_s641_r1
Created 1 stimulus configurations
🔄 Creating fresh config for experiment 'FullVNC_DNg100_Stim' with paths template 'fly_robot'
✅ Created fresh config:
   Experiment: FullVNC_DNg100_Stim
   Version: debug
   Paths template: fly_robot
   Save dir: /Users/sakshaymahna/Documents/fly-cord-robots/data/simulation_output/FullVNC_DNg100_Stim/debug/run_id=closed_loop_s641_r0
Created 1 stimulus configurations
🔄 Creating fresh config for experiment 'FullVNC_DNg100_Stim' with paths template 'fly_robot'
✅ Created fresh config:
   Experiment: FullVNC_DNg100_Stim
   Version: debug
   Paths template: fly_robot
   Save dir: /Users/sakshaymahna/Documents/fly-cord-robots/data/simulation_output/FullVNC_DNg100_Stim/debug/run_id=closed_loop_s641_r7
Created 1 stimulus configurations
🔄 Creating fresh config for experiment 'FullVNC_DNg100_Stim' with paths template 'fly_robot'
✅ Created fresh config:
   Experiment: FullVNC_DNg100_Stim
   Version: debug
   Paths template: fly_robot
   Save dir: /Users/sakshaymahna/Documents/fly-cord-robots/data/simulation_output/FullVNC_DNg100_Stim/debug/run_id=closed_loop_s641_r3
Created 1 stimulus configurations
🔄 Creating fresh config for experiment 'FullVNC_DNg100_Stim' with paths template 'fly_robot'
✅ Created fresh config:
   Experiment: FullVNC_DNg100_Stim
   Version: debug
   Paths template: fly_robot
   Save dir: /Users/sakshaymahna/Documents/fly-cord-robots/data/simulation_output/FullVNC_DNg100_Stim/debug/run_id=closed_loop_s641_r0
Created 1 stimulus configurations
🔄 Creating fresh config for experiment 'FullVNC_DNg100_Stim' with paths template 'fly_robot'
✅ Created fresh config:
   Experiment: FullVNC_DNg100_Stim
   Version: debug
   Paths template: fly_robot
   Save dir: /Users/sakshaymahna/Documents/fly-cord-robots/data/simulation_output/FullVNC_DNg100_Stim/debug/run_id=closed_loop_s641_r7
Created 1 stimulus configurations
🔄 Creating fresh config for experiment 'FullVNC_DNg100_Stim' with paths template 'fly_robot'
✅ Created fresh config:
   Experiment: FullVNC_DNg100_Stim
   Version: debug
   Paths template: fly_robot
   Save dir: /Users/sakshaymahna/Documents/fly-cord-robots/data/simulation_output/FullVNC_DNg100_Stim/debug/run_id=closed_loop_s641_r1
Created 1 stimulus configurations
🔄 Creating fresh config for experiment 'FullVNC_DNg100_Stim' with paths template 'fly_robot'
✅ Created fresh config:
   Experiment: FullVNC_DNg100_Stim
   Version: debug
   Paths template: fly_robot
   Save dir: /Users/sakshaymahna/Documents/fly-cord-robots/data/simulation_output/FullVNC_DNg100_Stim/debug/run_id=closed_loop_s641_r3
Created 1 stimulus configurations
🔄 Creating fresh config for experiment 'FullVNC_DNg100_Stim' with paths template 'fly_robot'
✅ Created fresh config:
   Experiment: FullVNC_DNg100_Stim
   Version: debug
   Paths template: fly_robot
   Save dir: /Users/sakshaymahna/Documents/fly-cord-robots/data/simulation_output/FullVNC_DNg100_Stim/debug/run_id=closed_loop_s641_r4
Created 1 stimulus configurations
🔄 Creating fresh config for experiment 'FullVNC_DNg100_Stim' with paths template 'fly_robot'
✅ Created fresh config:
   Experiment: FullVNC_DNg100_Stim
   Version: debug
   Paths template: fly_robot
   Save dir: /Users/sakshaymahna/Documents/fly-cord-robots/data/simulation_output/FullVNC_DNg100_Stim/debug/run_id=closed_loop_s641_r0
Created 1 stimulus configurations
🔄 Creating fresh config for experiment 'FullVNC_DNg100_Stim' with paths template 'fly_robot'
✅ Created fresh config:
   Experiment: FullVNC_DNg100_Stim
   Version: debug
   Paths template: fly_robot
   Save dir: /Users/sakshaymahna/Documents/fly-cord-robots/data/simulation_output/FullVNC_DNg100_Stim/debug/run_id=closed_loop_s641_r1
Created 1 stimulus configurations
🔄 Creating fresh config for experiment 'FullVNC_DNg100_Stim' with paths template 'fly_robot'
✅ Created fresh config:
   Experiment: FullVNC_DNg100_Stim
   Version: debug
   Paths template: fly_robot
   Save dir: /Users/sakshaymahna/Documents/fly-cord-robots/data/simulation_output/FullVNC_DNg100_Stim/debug/run_id=closed_loop_s641_r4
Created 1 stimulus configurations
🔄 Creating fresh config for experiment 'FullVNC_DNg100_Stim' with paths template 'fly_robot'
✅ Created fresh config:
   Experiment: FullVNC_DNg100_Stim
   Version: debug
   Paths template: fly_robot
   Save dir: /Users/sakshaymahna/Documents/fly-cord-robots/data/simulation_output/FullVNC_DNg100_Stim/debug/run_id=closed_loop_s641_r3
Created 1 stimulus configurations
🔄 Creating fresh config for experiment 'FullVNC_DNg100_Stim' with paths template 'fly_robot'
✅ Created fresh config:
   Experiment: FullVNC_DNg100_Stim
   Version: debug
   Paths template: fly_robot
   Save dir: /Users/sakshaymahna/Documents/fly-cord-robots/data/simulation_output/FullVNC_DNg100_Stim/debug/run_id=closed_loop_s641_r1
Created 1 stimulus configurations
🔄 Creating fresh config for experiment 'FullVNC_DNg100_Stim' with paths template 'fly_robot'
✅ Created fresh config:
   Experiment: FullVNC_DNg100_Stim
   Version: debug
   Paths template: fly_robot
   Save dir: /Users/sakshaymahna/Documents/fly-cord-robots/data/simulation_output/FullVNC_DNg100_Stim/debug/run_id=closed_loop_s641_r0
Created 1 stimulus configurations
🔄 Creating fresh config for experiment 'FullVNC_DNg100_Stim' with paths template 'fly_robot'
✅ Created fresh config:
   Experiment: FullVNC_DNg100_Stim
   Version: debug
   Paths template: fly_robot
   Save dir: /Users/sakshaymahna/Documents/fly-cord-robots/data/simulation_output/FullVNC_DNg100_Stim/debug/run_id=closed_loop_s641_r7
Created 1 stimulus configurations
🔄 Creating fresh config for experiment 'FullVNC_DNg100_Stim' with paths template 'fly_robot'
✅ Created fresh config:
   Experiment: FullVNC_DNg100_Stim
   Version: debug
   Paths template: fly_robot
   Save dir: /Users/sakshaymahna/Documents/fly-cord-robots/data/simulation_output/FullVNC_DNg100_Stim/debug/run_id=closed_loop_s641_r1
Created 1 stimulus configurations
🔄 Creating fresh config for experiment 'FullVNC_DNg100_Stim' with paths template 'fly_robot'
✅ Created fresh config:
   Experiment: FullVNC_DNg100_Stim
   Version: debug
   Paths template: fly_robot
   Save dir: /Users/sakshaymahna/Documents/fly-cord-robots/data/simulation_output/FullVNC_DNg100_Stim/debug/run_id=closed_loop_s641_r0
Created 1 stimulus configurations
🔄 Creating fresh config for experiment 'FullVNC_DNg100_Stim' with paths template 'fly_robot'
✅ Created fresh config:
   Experiment: FullVNC_DNg100_Stim
   Version: debug
   Paths template: fly_robot
   Save dir: /Users/sakshaymahna/Documents/fly-cord-robots/data/simulation_output/FullVNC_DNg100_Stim/debug/run_id=closed_loop_s641_r7
Created 1 stimulus configurations
🔄 Creating fresh config for experiment 'FullVNC_DNg100_Stim' with paths template 'fly_robot'
✅ Created fresh config:
   Experiment: FullVNC_DNg100_Stim
   Version: debug
   Paths template: fly_robot
   Save dir: /Users/sakshaymahna/Documents/fly-cord-robots/data/simulation_output/FullVNC_DNg100_Stim/debug/run_id=closed_loop_s641_r1
Created 1 stimulus configurations
🔄 Creating fresh config for experiment 'FullVNC_DNg100_Stim' with paths template 'fly_robot'
✅ Created fresh config:
   Experiment: FullVNC_DNg100_Stim
   Version: debug
   Paths template: fly_robot
   Save dir: /Users/sakshaymahna/Documents/fly-cord-robots/data/simulation_output/FullVNC_DNg100_Stim/debug/run_id=closed_loop_s641_r4
Created 1 stimulus configurations
🔄 Creating fresh config for experiment 'FullVNC_DNg100_Stim' with paths template 'fly_robot'
✅ Created fresh config:
   Experiment: FullVNC_DNg100_Stim
   Version: debug
   Paths template: fly_robot
   Save dir: /Users/sakshaymahna/Documents/fly-cord-robots/data/simulation_output/FullVNC_DNg100_Stim/debug/run_id=closed_loop_s641_r7
Created 1 stimulus configurations
🔄 Creating fresh config for experiment 'FullVNC_DNg100_Stim' with paths template 'fly_robot'
✅ Created fresh config:
   Experiment: FullVNC_DNg100_Stim
   Version: debug
   Paths template: fly_robot
   Save dir: /Users/sakshaymahna/Documents/fly-cord-robots/data/simulation_output/FullVNC_DNg100_Stim/debug/run_id=closed_loop_s641_r1
Created 1 stimulus configurations
🔄 Creating fresh config for experiment 'FullVNC_DNg100_Stim' with paths template 'fly_robot'
✅ Created fresh config:
   Experiment: FullVNC_DNg100_Stim
   Version: debug
   Paths template: fly_robot
   Save dir: /Users/sakshaymahna/Documents/fly-cord-robots/data/simulation_output/FullVNC_DNg100_Stim/debug/run_id=closed_loop_s641_r0
Created 1 stimulus configurations
🔄 Creating fresh config for experiment 'FullVNC_DNg100_Stim' with paths template 'fly_robot'
✅ Created fresh config:
   Experiment: FullVNC_DNg100_Stim
   Version: debug
   Paths template: fly_robot
   Save dir: /Users/sakshaymahna/Documents/fly-cord-robots/data/simulation_output/FullVNC_DNg100_Stim/debug/run_id=closed_loop_s641_r7
Created 1 stimulus configurations
🔄 Creating fresh config for experiment 'FullVNC_DNg100_Stim' with paths template 'fly_robot'
✅ Created fresh config:
   Experiment: FullVNC_DNg100_Stim
   Version: debug
   Paths template: fly_robot
   Save dir: /Users/sakshaymahna/Documents/fly-cord-robots/data/simulation_output/FullVNC_DNg100_Stim/debug/run_id=closed_loop_s641_r3
Created 1 stimulus configurations
🔄 Creating fresh config for experiment 'FullVNC_DNg100_Stim' with paths template 'fly_robot'
✅ Created fresh config:
   Experiment: FullVNC_DNg100_Stim
   Version: debug
   Paths template: fly_robot
   Save dir: /Users/sakshaymahna/Documents/fly-cord-robots/data/simulation_output/FullVNC_DNg100_Stim/debug/run_id=closed_loop_s641_r0
Created 1 stimulus configurations
🔄 Creating fresh config for experiment 'FullVNC_DNg100_Stim' with paths template 'fly_robot'
✅ Created fresh config:
   Experiment: FullVNC_DNg100_Stim
   Version: debug
   Paths template: fly_robot
   Save dir: /Users/sakshaymahna/Documents/fly-cord-robots/data/simulation_output/FullVNC_DNg100_Stim/debug/run_id=closed_loop_s641_r7
Created 1 stimulus configurations
🔄 Creating fresh config for experiment 'FullVNC_DNg100_Stim' with paths template 'fly_robot'
✅ Created fresh config:
   Experiment: FullVNC_DNg100_Stim
   Version: debug
   Paths template: fly_robot
   Save dir: /Users/sakshaymahna/Documents/fly-cord-robots/data/simulation_output/FullVNC_DNg100_Stim/debug/run_id=closed_loop_s641_r1
Created 1 stimulus configurations
🔄 Creating fresh config for experiment 'FullVNC_DNg100_Stim' with paths template 'fly_robot'
✅ Created fresh config:
   Experiment: FullVNC_DNg100_Stim
   Version: debug
   Paths template: fly_robot
   Save dir: /Users/sakshaymahna/Documents/fly-cord-robots/data/simulation_output/FullVNC_DNg100_Stim/debug/run_id=closed_loop_s641_r3
Created 1 stimulus configurations
🔄 Creating fresh config for experiment 'FullVNC_DNg100_Stim' with paths template 'fly_robot'
✅ Created fresh config:
   Experiment: FullVNC_DNg100_Stim
   Version: debug
   Paths template: fly_robot
   Save dir: /Users/sakshaymahna/Documents/fly-cord-robots/data/simulation_output/FullVNC_DNg100_Stim/debug/run_id=closed_loop_s641_r4
Created 1 stimulus configurations
🔄 Creating fresh config for experiment 'FullVNC_DNg100_Stim' with paths template 'fly_robot'
✅ Created fresh config:
   Experiment: FullVNC_DNg100_Stim
   Version: debug
   Paths template: fly_robot
   Save dir: /Users/sakshaymahna/Documents/fly-cord-robots/data/simulation_output/FullVNC_DNg100_Stim/debug/run_id=closed_loop_s641_r0
Created 1 stimulus configurations
🔄 Creating fresh config for experiment 'FullVNC_DNg100_Stim' with paths template 'fly_robot'
✅ Created fresh config:
   Experiment: FullVNC_DNg100_Stim
   Version: debug
   Paths template: fly_robot
   Save dir: /Users/sakshaymahna/Documents/fly-cord-robots/data/simulation_output/FullVNC_DNg100_Stim/debug/run_id=closed_loop_s641_r1
Created 1 stimulus configurations
🔄 Creating fresh config for experiment 'FullVNC_DNg100_Stim' with paths template 'fly_robot'
✅ Created fresh config:
   Experiment: FullVNC_DNg100_Stim
   Version: debug
   Paths template: fly_robot
   Save dir: /Users/sakshaymahna/Documents/fly-cord-robots/data/simulation_output/FullVNC_DNg100_Stim/debug/run_id=closed_loop_s641_r4
Created 1 stimulus configurations
🔄 Creating fresh config for experiment 'FullVNC_DNg100_Stim' with paths template 'fly_robot'
✅ Created fresh config:
   Experiment: FullVNC_DNg100_Stim
   Version: debug
   Paths template: fly_robot
   Save dir: /Users/sakshaymahna/Documents/fly-cord-robots/data/simulation_output/FullVNC_DNg100_Stim/debug/run_id=closed_loop_s641_r3
Created 1 stimulus configurations
🔄 Creating fresh config for experiment 'FullVNC_DNg100_Stim' with paths template 'fly_robot'
✅ Created fresh config:
   Experiment: FullVNC_DNg100_Stim
   Version: debug
   Paths template: fly_robot
   Save dir: /Users/sakshaymahna/Documents/fly-cord-robots/data/simulation_output/FullVNC_DNg100_Stim/debug/run_id=closed_loop_s641_r1
Created 1 stimulus configurations
🔄 Creating fresh config for experiment 'FullVNC_DNg100_Stim' with paths template 'fly_robot'
✅ Created fresh config:
   Experiment: FullVNC_DNg100_Stim
   Version: debug
   Paths template: fly_robot
   Save dir: /Users/sakshaymahna/Documents/fly-cord-robots/data/simulation_output/FullVNC_DNg100_Stim/debug/run_id=closed_loop_s641_r0
Created 1 stimulus configurations
🔄 Creating fresh config for experiment 'FullVNC_DNg100_Stim' with paths template 'fly_robot'
✅ Created fresh config:
   Experiment: FullVNC_DNg100_Stim
   Version: debug
   Paths template: fly_robot
   Save dir: /Users/sakshaymahna/Documents/fly-cord-robots/data/simulation_output/FullVNC_DNg100_Stim/debug/run_id=closed_loop_s641_r7
Created 1 stimulus configurations
🔄 Creating fresh config for experiment 'FullVNC_DNg100_Stim' with paths template 'fly_robot'
✅ Created fresh config:
   Experiment: FullVNC_DNg100_Stim
   Version: debug
   Paths template: fly_robot
   Save dir: /Users/sakshaymahna/Documents/fly-cord-robots/data/simulation_output/FullVNC_DNg100_Stim/debug/run_id=closed_loop_s641_r1
Created 1 stimulus configurations
🔄 Creating fresh config for experiment 'FullVNC_DNg100_Stim' with paths template 'fly_robot'
✅ Created fresh config:
   Experiment: FullVNC_DNg100_Stim
   Version: debug
   Paths template: fly_robot
   Save dir: /Users/sakshaymahna/Documents/fly-cord-robots/data/simulation_output/FullVNC_DNg100_Stim/debug/run_id=closed_loop_s641_r0
Created 1 stimulus configurations
🔄 Creating fresh config for experiment 'FullVNC_DNg100_Stim' with paths template 'fly_robot'
✅ Created fresh config:
   Experiment: FullVNC_DNg100_Stim
   Version: debug
   Paths template: fly_robot
   Save dir: /Users/sakshaymahna/Documents/fly-cord-robots/data/simulation_output/FullVNC_DNg100_Stim/debug/run_id=closed_loop_s641_r7
Created 1 stimulus configurations
🔄 Creating fresh config for experiment 'FullVNC_DNg100_Stim' with paths template 'fly_robot'
✅ Created fresh config:
   Experiment: FullVNC_DNg100_Stim
   Version: debug
   Paths template: fly_robot
   Save dir: /Users/sakshaymahna/Documents/fly-cord-robots/data/simulation_output/FullVNC_DNg100_Stim/debug/run_id=closed_loop_s641_r1
Created 1 stimulus configurations
🔄 Creating fresh config for experiment 'FullVNC_DNg100_Stim' with paths template 'fly_robot'
✅ Created fresh config:
   Experiment: FullVNC_DNg100_Stim
   Version: debug
   Paths template: fly_robot
   Save dir: /Users/sakshaymahna/Documents/fly-cord-robots/data/simulation_output/FullVNC_DNg100_Stim/debug/run_id=closed_loop_s641_r4
Created 1 stimulus configurations
🔄 Creating fresh config for experiment 'FullVNC_DNg100_Stim' with paths template 'fly_robot'
✅ Created fresh config:
   Experiment: FullVNC_DNg100_Stim
   Version: debug
   Paths template: fly_robot
   Save dir: /Users/sakshaymahna/Documents/fly-cord-robots/data/simulation_output/FullVNC_DNg100_Stim/debug/run_id=closed_loop_s641_r7
Created 1 stimulus configurations
🔄 Creating fresh config for experiment 'FullVNC_DNg100_Stim' with paths template 'fly_robot'
✅ Created fresh config:
   Experiment: FullVNC_DNg100_Stim
   Version: debug
   Paths template: fly_robot
   Save dir: /Users/sakshaymahna/Documents/fly-cord-robots/data/simulation_output/FullVNC_DNg100_Stim/debug/run_id=closed_loop_s641_r1
Created 1 stimulus configurations
🔄 Creating fresh config for experiment 'FullVNC_DNg100_Stim' with paths template 'fly_robot'
✅ Created fresh config:
   Experiment: FullVNC_DNg100_Stim
   Version: debug
   Paths template: fly_robot
   Save dir: /Users/sakshaymahna/Documents/fly-cord-robots/data/simulation_output/FullVNC_DNg100_Stim/debug/run_id=closed_loop_s641_r0
Created 1 stimulus configurations
🔄 Creating fresh config for experiment 'FullVNC_DNg100_Stim' with paths template 'fly_robot'
✅ Created fresh config:
   Experiment: FullVNC_DNg100_Stim
   Version: debug
   Paths template: fly_robot
   Save dir: /Users/sakshaymahna/Documents/fly-cord-robots/data/simulation_output/FullVNC_DNg100_Stim/debug/run_id=closed_loop_s641_r7
Created 1 stimulus configurations
🔄 Creating fresh config for experiment 'FullVNC_DNg100_Stim' with paths template 'fly_robot'
✅ Created fresh config:
   Experiment: FullVNC_DNg100_Stim
   Version: debug
   Paths template: fly_robot
   Save dir: /Users/sakshaymahna/Documents/fly-cord-robots/data/simulation_output/FullVNC_DNg100_Stim/debug/run_id=closed_loop_s641_r3
Created 1 stimulus configurations
🔄 Creating fresh config for experiment 'FullVNC_DNg100_Stim' with paths template 'fly_robot'
✅ Created fresh config:
   Experiment: FullVNC_DNg100_Stim
   Version: debug
   Paths template: fly_robot
   Save dir: /Users/sakshaymahna/Documents/fly-cord-robots/data/simulation_output/FullVNC_DNg100_Stim/debug/run_id=closed_loop_s641_r0
Created 1 stimulus configurations
🔄 Creating fresh config for experiment 'FullVNC_DNg100_Stim' with paths template 'fly_robot'
✅ Created fresh config:
   Experiment: FullVNC_DNg100_Stim
   Version: debug
   Paths template: fly_robot
   Save dir: /Users/sakshaymahna/Documents/fly-cord-robots/data/simulation_output/FullVNC_DNg100_Stim/debug/run_id=closed_loop_s641_r7
Created 1 stimulus configurations
🔄 Creating fresh config for experiment 'FullVNC_DNg100_Stim' with paths template 'fly_robot'
✅ Created fresh config:
   Experiment: FullVNC_DNg100_Stim
   Version: debug
   Paths template: fly_robot
   Save dir: /Users/sakshaymahna/Documents/fly-cord-robots/data/simulation_output/FullVNC_DNg100_Stim/debug/run_id=closed_loop_s641_r1
Created 1 stimulus configurations
🔄 Creating fresh config for experiment 'FullVNC_DNg100_Stim' with paths template 'fly_robot'
✅ Created fresh config:
   Experiment: FullVNC_DNg100_Stim
   Version: debug
   Paths template: fly_robot
   Save dir: /Users/sakshaymahna/Documents/fly-cord-robots/data/simulation_output/FullVNC_DNg100_Stim/debug/run_id=closed_loop_s641_r3
Created 1 stimulus configurations
🔄 Creating fresh config for experiment 'FullVNC_DNg100_Stim' with paths template 'fly_robot'
✅ Created fresh config:
   Experiment: FullVNC_DNg100_Stim
   Version: debug
   Paths template: fly_robot
   Save dir: /Users/sakshaymahna/Documents/fly-cord-robots/data/simulation_output/FullVNC_DNg100_Stim/debug/run_id=closed_loop_s641_r4
Created 1 stimulus configurations
🔄 Creating fresh config for experiment 'FullVNC_DNg100_Stim' with paths template 'fly_robot'
✅ Created fresh config:
   Experiment: FullVNC_DNg100_Stim
   Version: debug
   Paths template: fly_robot
   Save dir: /Users/sakshaymahna/Documents/fly-cord-robots/data/simulation_output/FullVNC_DNg100_Stim/debug/run_id=closed_loop_s641_r0
Created 1 stimulus configurations
🔄 Creating fresh config for experiment 'FullVNC_DNg100_Stim' with paths template 'fly_robot'
✅ Created fresh config:
   Experiment: FullVNC_DNg100_Stim
   Version: debug
   Paths template: fly_robot
   Save dir: /Users/sakshaymahna/Documents/fly-cord-robots/data/simulation_output/FullVNC_DNg100_Stim/debug/run_id=closed_loop_s641_r1
Created 1 stimulus configurations
🔄 Creating fresh config for experiment 'FullVNC_DNg100_Stim' with paths template 'fly_robot'
✅ Created fresh config:
   Experiment: FullVNC_DNg100_Stim
   Version: debug
   Paths template: fly_robot
   Save dir: /Users/sakshaymahna/Documents/fly-cord-robots/data/simulation_output/FullVNC_DNg100_Stim/debug/run_id=closed_loop_s641_r4
Created 1 stimulus configurations
🔄 Creating fresh config for experiment 'FullVNC_DNg100_Stim' with paths template 'fly_robot'
✅ Created fresh config:
   Experiment: FullVNC_DNg100_Stim
   Version: debug
   Paths template: fly_robot
   Save dir: /Users/sakshaymahna/Documents/fly-cord-robots/data/simulation_output/FullVNC_DNg100_Stim/debug/run_id=closed_loop_s641_r3
Created 1 stimulus configurations
🔄 Creating fresh config for experiment 'FullVNC_DNg100_Stim' with paths template 'fly_robot'
✅ Created fresh config:
   Experiment: FullVNC_DNg100_Stim
   Version: debug
   Paths template: fly_robot
   Save dir: /Users/sakshaymahna/Documents/fly-cord-robots/data/simulation_output/FullVNC_DNg100_Stim/debug/run_id=closed_loop_s641_r1
Created 1 stimulus configurations
🔄 Creating fresh config for experiment 'FullVNC_DNg100_Stim' with paths template 'fly_robot'
✅ Created fresh config:
   Experiment: FullVNC_DNg100_Stim
   Version: debug
   Paths template: fly_robot
   Save dir: /Users/sakshaymahna/Documents/fly-cord-robots/data/simulation_output/FullVNC_DNg100_Stim/debug/run_id=closed_loop_s641_r0
Created 1 stimulus configurations
🔄 Creating fresh config for experiment 'FullVNC_DNg100_Stim' with paths template 'fly_robot'
✅ Created fresh config:
   Experiment: FullVNC_DNg100_Stim
   Version: debug
   Paths template: fly_robot
   Save dir: /Users/sakshaymahna/Documents/fly-cord-robots/data/simulation_output/FullVNC_DNg100_Stim/debug/run_id=closed_loop_s641_r7
Created 1 stimulus configurations
🔄 Creating fresh config for experiment 'FullVNC_DNg100_Stim' with paths template 'fly_robot'
✅ Created fresh config:
   Experiment: FullVNC_DNg100_Stim
   Version: debug
   Paths template: fly_robot
   Save dir: /Users/sakshaymahna/Documents/fly-cord-robots/data/simulation_output/FullVNC_DNg100_Stim/debug/run_id=closed_loop_s641_r1
Created 1 stimulus configurations
🔄 Creating fresh config for experiment 'FullVNC_DNg100_Stim' with paths template 'fly_robot'
✅ Created fresh config:
   Experiment: FullVNC_DNg100_Stim
   Version: debug
   Paths template: fly_robot
   Save dir: /Users/sakshaymahna/Documents/fly-cord-robots/data/simulation_output/FullVNC_DNg100_Stim/debug/run_id=closed_loop_s641_r0
Created 1 stimulus configurations
🔄 Creating fresh config for experiment 'FullVNC_DNg100_Stim' with paths template 'fly_robot'
✅ Created fresh config:
   Experiment: FullVNC_DNg100_Stim
   Version: debug
   Paths template: fly_robot
   Save dir: /Users/sakshaymahna/Documents/fly-cord-robots/data/simulation_output/FullVNC_DNg100_Stim/debug/run_id=closed_loop_s641_r7
Created 1 stimulus configurations
🔄 Creating fresh config for experiment 'FullVNC_DNg100_Stim' with paths template 'fly_robot'
✅ Created fresh config:
   Experiment: FullVNC_DNg100_Stim
   Version: debug
   Paths template: fly_robot
   Save dir: /Users/sakshaymahna/Documents/fly-cord-robots/data/simulation_output/FullVNC_DNg100_Stim/debug/run_id=closed_loop_s641_r1
Created 1 stimulus configurations
🔄 Creating fresh config for experiment 'FullVNC_DNg100_Stim' with paths template 'fly_robot'
✅ Created fresh config:
   Experiment: FullVNC_DNg100_Stim
   Version: debug
   Paths template: fly_robot
   Save dir: /Users/sakshaymahna/Documents/fly-cord-robots/data/simulation_output/FullVNC_DNg100_Stim/debug/run_id=closed_loop_s641_r4
Created 1 stimulus configurations
🔄 Creating fresh config for experiment 'FullVNC_DNg100_Stim' with paths template 'fly_robot'
✅ Created fresh config:
   Experiment: FullVNC_DNg100_Stim
   Version: debug
   Paths template: fly_robot
   Save dir: /Users/sakshaymahna/Documents/fly-cord-robots/data/simulation_output/FullVNC_DNg100_Stim/debug/run_id=closed_loop_s641_r7
Created 1 stimulus configurations
🔄 Creating fresh config for experiment 'FullVNC_DNg100_Stim' with paths template 'fly_robot'
✅ Created fresh config:
   Experiment: FullVNC_DNg100_Stim
   Version: debug
   Paths template: fly_robot
   Save dir: /Users/sakshaymahna/Documents/fly-cord-robots/data/simulation_output/FullVNC_DNg100_Stim/debug/run_id=closed_loop_s641_r1
Created 1 stimulus configurations
🔄 Creating fresh config for experiment 'FullVNC_DNg100_Stim' with paths template 'fly_robot'
✅ Created fresh config:
   Experiment: FullVNC_DNg100_Stim
   Version: debug
   Paths template: fly_robot
   Save dir: /Users/sakshaymahna/Documents/fly-cord-robots/data/simulation_output/FullVNC_DNg100_Stim/debug/run_id=closed_loop_s641_r0
Created 1 stimulus configurations
🔄 Creating fresh config for experiment 'FullVNC_DNg100_Stim' with paths template 'fly_robot'
✅ Created fresh config:
   Experiment: FullVNC_DNg100_Stim
   Version: debug
   Paths template: fly_robot
   Save dir: /Users/sakshaymahna/Documents/fly-cord-robots/data/simulation_output/FullVNC_DNg100_Stim/debug/run_id=closed_loop_s641_r7
Created 1 stimulus configurations
🔄 Creating fresh config for experiment 'FullVNC_DNg100_Stim' with paths template 'fly_robot'
✅ Created fresh config:
   Experiment: FullVNC_DNg100_Stim
   Version: debug
   Paths template: fly_robot
   Save dir: /Users/sakshaymahna/Documents/fly-cord-robots/data/simulation_output/FullVNC_DNg100_Stim/debug/run_id=closed_loop_s641_r3
Created 1 stimulus configurations
🔄 Creating fresh config for experiment 'FullVNC_DNg100_Stim' with paths template 'fly_robot'
✅ Created fresh config:
   Experiment: FullVNC_DNg100_Stim
   Version: debug
   Paths template: fly_robot
   Save dir: /Users/sakshaymahna/Documents/fly-cord-robots/data/simulation_output/FullVNC_DNg100_Stim/debug/run_id=closed_loop_s641_r0
Created 1 stimulus configurations
🔄 Creating fresh config for experiment 'FullVNC_DNg100_Stim' with paths template 'fly_robot'
✅ Created fresh config:
   Experiment: FullVNC_DNg100_Stim
   Version: debug
   Paths template: fly_robot
   Save dir: /Users/sakshaymahna/Documents/fly-cord-robots/data/simulation_output/FullVNC_DNg100_Stim/debug/run_id=closed_loop_s641_r7
Created 1 stimulus configurations
🔄 Creating fresh config for experiment 'FullVNC_DNg100_Stim' with paths template 'fly_robot'
✅ Created fresh config:
   Experiment: FullVNC_DNg100_Stim
   Version: debug
   Paths template: fly_robot
   Save dir: /Users/sakshaymahna/Documents/fly-cord-robots/data/simulation_output/FullVNC_DNg100_Stim/debug/run_id=closed_loop_s641_r1
Created 1 stimulus configurations
🔄 Creating fresh config for experiment 'FullVNC_DNg100_Stim' with paths template 'fly_robot'
✅ Created fresh config:
   Experiment: FullVNC_DNg100_Stim
   Version: debug
   Paths template: fly_robot
   Save dir: /Users/sakshaymahna/Documents/fly-cord-robots/data/simulation_output/FullVNC_DNg100_Stim/debug/run_id=closed_loop_s641_r3
Created 1 stimulus configurations
🔄 Creating fresh config for experiment 'FullVNC_DNg100_Stim' with paths template 'fly_robot'
✅ Created fresh config:
   Experiment: FullVNC_DNg100_Stim
   Version: debug
   Paths template: fly_robot
   Save dir: /Users/sakshaymahna/Documents/fly-cord-robots/data/simulation_output/FullVNC_DNg100_Stim/debug/run_id=closed_loop_s641_r4
Created 1 stimulus configurations
🔄 Creating fresh config for experiment 'FullVNC_DNg100_Stim' with paths template 'fly_robot'
✅ Created fresh config:
   Experiment: FullVNC_DNg100_Stim
   Version: debug
   Paths template: fly_robot
   Save dir: /Users/sakshaymahna/Documents/fly-cord-robots/data/simulation_output/FullVNC_DNg100_Stim/debug/run_id=closed_loop_s641_r0
Created 1 stimulus configurations
🔄 Creating fresh config for experiment 'FullVNC_DNg100_Stim' with paths template 'fly_robot'
✅ Created fresh config:
   Experiment: FullVNC_DNg100_Stim
   Version: debug
   Paths template: fly_robot
   Save dir: /Users/sakshaymahna/Documents/fly-cord-robots/data/simulation_output/FullVNC_DNg100_Stim/debug/run_id=closed_loop_s641_r1
Created 1 stimulus configurations
🔄 Creating fresh config for experiment 'FullVNC_DNg100_Stim' with paths template 'fly_robot'
✅ Created fresh config:
   Experiment: FullVNC_DNg100_Stim
   Version: debug
   Paths template: fly_robot
   Save dir: /Users/sakshaymahna/Documents/fly-cord-robots/data/simulation_output/FullVNC_DNg100_Stim/debug/run_id=closed_loop_s641_r4
Created 1 stimulus configurations
🔄 Creating fresh config for experiment 'FullVNC_DNg100_Stim' with paths template 'fly_robot'
✅ Created fresh config:
   Experiment: FullVNC_DNg100_Stim
   Version: debug
   Paths template: fly_robot
   Save dir: /Users/sakshaymahna/Documents/fly-cord-robots/data/simulation_output/FullVNC_DNg100_Stim/debug/run_id=closed_loop_s641_r3
Created 1 stimulus configurations
🔄 Creating fresh config for experiment 'FullVNC_DNg100_Stim' with paths template 'fly_robot'
✅ Created fresh config:
   Experiment: FullVNC_DNg100_Stim
   Version: debug
   Paths template: fly_robot
   Save dir: /Users/sakshaymahna/Documents/fly-cord-robots/data/simulation_output/FullVNC_DNg100_Stim/debug/run_id=closed_loop_s641_r1
Created 1 stimulus configurations
🔄 Creating fresh config for experiment 'FullVNC_DNg100_Stim' with paths template 'fly_robot'
✅ Created fresh config:
   Experiment: FullVNC_DNg100_Stim
   Version: debug
   Paths template: fly_robot
   Save dir: /Users/sakshaymahna/Documents/fly-cord-robots/data/simulation_output/FullVNC_DNg100_Stim/debug/run_id=closed_loop_s641_r0
Created 1 stimulus configurations
🔄 Creating fresh config for experiment 'FullVNC_DNg100_Stim' with paths template 'fly_robot'
✅ Created fresh config:
   Experiment: FullVNC_DNg100_Stim
   Version: debug
   Paths template: fly_robot
   Save dir: /Users/sakshaymahna/Documents/fly-cord-robots/data/simulation_output/FullVNC_DNg100_Stim/debug/run_id=closed_loop_s641_r7
Created 1 stimulus configurations
🔄 Creating fresh config for experiment 'FullVNC_DNg100_Stim' with paths template 'fly_robot'
✅ Created fresh config:
   Experiment: FullVNC_DNg100_Stim
   Version: debug
   Paths template: fly_robot
   Save dir: /Users/sakshaymahna/Documents/fly-cord-robots/data/simulation_output/FullVNC_DNg100_Stim/debug/run_id=closed_loop_s641_r1
Created 1 stimulus configurations
🔄 Creating fresh config for experiment 'FullVNC_DNg100_Stim' with paths template 'fly_robot'
✅ Created fresh config:
   Experiment: FullVNC_DNg100_Stim
   Version: debug
   Paths template: fly_robot
   Save dir: /Users/sakshaymahna/Documents/fly-cord-robots/data/simulation_output/FullVNC_DNg100_Stim/debug/run_id=closed_loop_s641_r0
Created 1 stimulus configurations
🔄 Creating fresh config for experiment 'FullVNC_DNg100_Stim' with paths template 'fly_robot'
✅ Created fresh config:
   Experiment: FullVNC_DNg100_Stim
   Version: debug
   Paths template: fly_robot
   Save dir: /Users/sakshaymahna/Documents/fly-cord-robots/data/simulation_output/FullVNC_DNg100_Stim/debug/run_id=closed_loop_s641_r7
Created 1 stimulus configurations
🔄 Creating fresh config for experiment 'FullVNC_DNg100_Stim' with paths template 'fly_robot'
✅ Created fresh config:
   Experiment: FullVNC_DNg100_Stim
   Version: debug
   Paths template: fly_robot
   Save dir: /Users/sakshaymahna/Documents/fly-cord-robots/data/simulation_output/FullVNC_DNg100_Stim/debug/run_id=closed_loop_s641_r1
Created 1 stimulus configurations
🔄 Creating fresh config for experiment 'FullVNC_DNg100_Stim' with paths template 'fly_robot'
✅ Created fresh config:
   Experiment: FullVNC_DNg100_Stim
   Version: debug
   Paths template: fly_robot
   Save dir: /Users/sakshaymahna/Documents/fly-cord-robots/data/simulation_output/FullVNC_DNg100_Stim/debug/run_id=closed_loop_s641_r4
Created 1 stimulus configurations
🔄 Creating fresh config for experiment 'FullVNC_DNg100_Stim' with paths template 'fly_robot'
✅ Created fresh config:
   Experiment: FullVNC_DNg100_Stim
   Version: debug
   Paths template: fly_robot
   Save dir: /Users/sakshaymahna/Documents/fly-cord-robots/data/simulation_output/FullVNC_DNg100_Stim/debug/run_id=closed_loop_s641_r7
Created 1 stimulus configurations
🔄 Creating fresh config for experiment 'FullVNC_DNg100_Stim' with paths template 'fly_robot'
✅ Created fresh config:
   Experiment: FullVNC_DNg100_Stim
   Version: debug
   Paths template: fly_robot
   Save dir: /Users/sakshaymahna/Documents/fly-cord-robots/data/simulation_output/FullVNC_DNg100_Stim/debug/run_id=closed_loop_s641_r1
Created 1 stimulus configurations
🔄 Creating fresh config for experiment 'FullVNC_DNg100_Stim' with paths template 'fly_robot'
✅ Created fresh config:
   Experiment: FullVNC_DNg100_Stim
   Version: debug
   Paths template: fly_robot
   Save dir: /Users/sakshaymahna/Documents/fly-cord-robots/data/simulation_output/FullVNC_DNg100_Stim/debug/run_id=closed_loop_s641_r0
Created 1 stimulus configurations
🔄 Creating fresh config for experiment 'FullVNC_DNg100_Stim' with paths template 'fly_robot'
✅ Created fresh config:
   Experiment: FullVNC_DNg100_Stim
   Version: debug
   Paths template: fly_robot
   Save dir: /Users/sakshaymahna/Documents/fly-cord-robots/data/simulation_output/FullVNC_DNg100_Stim/debug/run_id=closed_loop_s641_r7
Created 1 stimulus configurations
🔄 Creating fresh config for experiment 'FullVNC_DNg100_Stim' with paths template 'fly_robot'
✅ Created fresh config:
   Experiment: FullVNC_DNg100_Stim
   Version: debug
   Paths template: fly_robot
   Save dir: /Users/sakshaymahna/Documents/fly-cord-robots/data/simulation_output/FullVNC_DNg100_Stim/debug/run_id=closed_loop_s641_r3
Created 1 stimulus configurations
🔄 Creating fresh config for experiment 'FullVNC_DNg100_Stim' with paths template 'fly_robot'
✅ Created fresh config:
   Experiment: FullVNC_DNg100_Stim
   Version: debug
   Paths template: fly_robot
   Save dir: /Users/sakshaymahna/Documents/fly-cord-robots/data/simulation_output/FullVNC_DNg100_Stim/debug/run_id=closed_loop_s641_r0
Created 1 stimulus configurations
🔄 Creating fresh config for experiment 'FullVNC_DNg100_Stim' with paths template 'fly_robot'
✅ Created fresh config:
   Experiment: FullVNC_DNg100_Stim
   Version: debug
   Paths template: fly_robot
   Save dir: /Users/sakshaymahna/Documents/fly-cord-robots/data/simulation_output/FullVNC_DNg100_Stim/debug/run_id=closed_loop_s641_r7
Created 1 stimulus configurations
🔄 Creating fresh config for experiment 'FullVNC_DNg100_Stim' with paths template 'fly_robot'
✅ Created fresh config:
   Experiment: FullVNC_DNg100_Stim
   Version: debug
   Paths template: fly_robot
   Save dir: /Users/sakshaymahna/Documents/fly-cord-robots/data/simulation_output/FullVNC_DNg100_Stim/debug/run_id=closed_loop_s641_r1
Created 1 stimulus configurations
🔄 Creating fresh config for experiment 'FullVNC_DNg100_Stim' with paths template 'fly_robot'
✅ Created fresh config:
   Experiment: FullVNC_DNg100_Stim
   Version: debug
   Paths template: fly_robot
   Save dir: /Users/sakshaymahna/Documents/fly-cord-robots/data/simulation_output/FullVNC_DNg100_Stim/debug/run_id=closed_loop_s641_r3
Created 1 stimulus configurations
🔄 Creating fresh config for experiment 'FullVNC_DNg100_Stim' with paths template 'fly_robot'
✅ Created fresh config:
   Experiment: FullVNC_DNg100_Stim
   Version: debug
   Paths template: fly_robot
   Save dir: /Users/sakshaymahna/Documents/fly-cord-robots/data/simulation_output/FullVNC_DNg100_Stim/debug/run_id=closed_loop_s641_r4
Created 1 stimulus configurations
🔄 Creating fresh config for experiment 'FullVNC_DNg100_Stim' with paths template 'fly_robot'
✅ Created fresh config:
   Experiment: FullVNC_DNg100_Stim
   Version: debug
   Paths template: fly_robot
   Save dir: /Users/sakshaymahna/Documents/fly-cord-robots/data/simulation_output/FullVNC_DNg100_Stim/debug/run_id=closed_loop_s641_r0
Created 1 stimulus configurations
🔄 Creating fresh config for experiment 'FullVNC_DNg100_Stim' with paths template 'fly_robot'
✅ Created fresh config:
   Experiment: FullVNC_DNg100_Stim
   Version: debug
   Paths template: fly_robot
   Save dir: /Users/sakshaymahna/Documents/fly-cord-robots/data/simulation_output/FullVNC_DNg100_Stim/debug/run_id=closed_loop_s641_r1
Created 1 stimulus configurations
🔄 Creating fresh config for experiment 'FullVNC_DNg100_Stim' with paths template 'fly_robot'
✅ Created fresh config:
   Experiment: FullVNC_DNg100_Stim
   Version: debug
   Paths template: fly_robot
   Save dir: /Users/sakshaymahna/Documents/fly-cord-robots/data/simulation_output/FullVNC_DNg100_Stim/debug/run_id=closed_loop_s641_r4
Created 1 stimulus configurations
🔄 Creating fresh config for experiment 'FullVNC_DNg100_Stim' with paths template 'fly_robot'
✅ Created fresh config:
   Experiment: FullVNC_DNg100_Stim
   Version: debug
   Paths template: fly_robot
   Save dir: /Users/sakshaymahna/Documents/fly-cord-robots/data/simulation_output/FullVNC_DNg100_Stim/debug/run_id=closed_loop_s641_r3
Created 1 stimulus configurations
🔄 Creating fresh config for experiment 'FullVNC_DNg100_Stim' with paths template 'fly_robot'
✅ Created fresh config:
   Experiment: FullVNC_DNg100_Stim
   Version: debug
   Paths template: fly_robot
   Save dir: /Users/sakshaymahna/Documents/fly-cord-robots/data/simulation_output/FullVNC_DNg100_Stim/debug/run_id=closed_loop_s641_r1
Created 1 stimulus configurations
🔄 Creating fresh config for experiment 'FullVNC_DNg100_Stim' with paths template 'fly_robot'
✅ Created fresh config:
   Experiment: FullVNC_DNg100_Stim
   Version: debug
   Paths template: fly_robot
   Save dir: /Users/sakshaymahna/Documents/fly-cord-robots/data/simulation_output/FullVNC_DNg100_Stim/debug/run_id=closed_loop_s641_r0
Created 1 stimulus configurations
🔄 Creating fresh config for experiment 'FullVNC_DNg100_Stim' with paths template 'fly_robot'
✅ Created fresh config:
   Experiment: FullVNC_DNg100_Stim
   Version: debug
   Paths template: fly_robot
   Save dir: /Users/sakshaymahna/Documents/fly-cord-robots/data/simulation_output/FullVNC_DNg100_Stim/debug/run_id=closed_loop_s641_r7
Created 1 stimulus configurations
🔄 Creating fresh config for experiment 'FullVNC_DNg100_Stim' with paths template 'fly_robot'
✅ Created fresh config:
   Experiment: FullVNC_DNg100_Stim
   Version: debug
   Paths template: fly_robot
   Save dir: /Users/sakshaymahna/Documents/fly-cord-robots/data/simulation_output/FullVNC_DNg100_Stim/debug/run_id=closed_loop_s641_r1
Created 1 stimulus configurations
🔄 Creating fresh config for experiment 'FullVNC_DNg100_Stim' with paths template 'fly_robot'
✅ Created fresh config:
   Experiment: FullVNC_DNg100_Stim
   Version: debug
   Paths template: fly_robot
   Save dir: /Users/sakshaymahna/Documents/fly-cord-robots/data/simulation_output/FullVNC_DNg100_Stim/debug/run_id=closed_loop_s641_r0
Created 1 stimulus configurations
🔄 Creating fresh config for experiment 'FullVNC_DNg100_Stim' with paths template 'fly_robot'
✅ Created fresh config:
   Experiment: FullVNC_DNg100_Stim
   Version: debug
   Paths template: fly_robot
   Save dir: /Users/sakshaymahna/Documents/fly-cord-robots/data/simulation_output/FullVNC_DNg100_Stim/debug/run_id=closed_loop_s641_r7
Created 1 stimulus configurations
🔄 Creating fresh config for experiment 'FullVNC_DNg100_Stim' with paths template 'fly_robot'
✅ Created fresh config:
   Experiment: FullVNC_DNg100_Stim
   Version: debug
   Paths template: fly_robot
   Save dir: /Users/sakshaymahna/Documents/fly-cord-robots/data/simulation_output/FullVNC_DNg100_Stim/debug/run_id=closed_loop_s641_r1
Created 1 stimulus configurations
🔄 Creating fresh config for experiment 'FullVNC_DNg100_Stim' with paths template 'fly_robot'
✅ Created fresh config:
   Experiment: FullVNC_DNg100_Stim
   Version: debug
   Paths template: fly_robot
   Save dir: /Users/sakshaymahna/Documents/fly-cord-robots/data/simulation_output/FullVNC_DNg100_Stim/debug/run_id=closed_loop_s641_r4
Created 1 stimulus configurations
🔄 Creating fresh config for experiment 'FullVNC_DNg100_Stim' with paths template 'fly_robot'
✅ Created fresh config:
   Experiment: FullVNC_DNg100_Stim
   Version: debug
   Paths template: fly_robot
   Save dir: /Users/sakshaymahna/Documents/fly-cord-robots/data/simulation_output/FullVNC_DNg100_Stim/debug/run_id=closed_loop_s641_r7
Created 1 stimulus configurations
🔄 Creating fresh config for experiment 'FullVNC_DNg100_Stim' with paths template 'fly_robot'
✅ Created fresh config:
   Experiment: FullVNC_DNg100_Stim
   Version: debug
   Paths template: fly_robot
   Save dir: /Users/sakshaymahna/Documents/fly-cord-robots/data/simulation_output/FullVNC_DNg100_Stim/debug/run_id=closed_loop_s641_r1
Created 1 stimulus configurations
🔄 Creating fresh config for experiment 'FullVNC_DNg100_Stim' with paths template 'fly_robot'
✅ Created fresh config:
   Experiment: FullVNC_DNg100_Stim
   Version: debug
   Paths template: fly_robot
   Save dir: /Users/sakshaymahna/Documents/fly-cord-robots/data/simulation_output/FullVNC_DNg100_Stim/debug/run_id=closed_loop_s641_r0
Created 1 stimulus configurations
🔄 Creating fresh config for experiment 'FullVNC_DNg100_Stim' with paths template 'fly_robot'
✅ Created fresh config:
   Experiment: FullVNC_DNg100_Stim
   Version: debug
   Paths template: fly_robot
   Save dir: /Users/sakshaymahna/Documents/fly-cord-robots/data/simulation_output/FullVNC_DNg100_Stim/debug/run_id=closed_loop_s641_r7
Created 1 stimulus configurations
🔄 Creating fresh config for experiment 'FullVNC_DNg100_Stim' with paths template 'fly_robot'
✅ Created fresh config:
   Experiment: FullVNC_DNg100_Stim
   Version: debug
   Paths template: fly_robot
   Save dir: /Users/sakshaymahna/Documents/fly-cord-robots/data/simulation_output/FullVNC_DNg100_Stim/debug/run_id=closed_loop_s641_r3
Created 1 stimulus configurations
🔄 Creating fresh config for experiment 'FullVNC_DNg100_Stim' with paths template 'fly_robot'
✅ Created fresh config:
   Experiment: FullVNC_DNg100_Stim
   Version: debug
   Paths template: fly_robot
   Save dir: /Users/sakshaymahna/Documents/fly-cord-robots/data/simulation_output/FullVNC_DNg100_Stim/debug/run_id=closed_loop_s641_r0
Created 1 stimulus configurations
🔄 Creating fresh config for experiment 'FullVNC_DNg100_Stim' with paths template 'fly_robot'
✅ Created fresh config:
   Experiment: FullVNC_DNg100_Stim
   Version: debug
   Paths template: fly_robot
   Save dir: /Users/sakshaymahna/Documents/fly-cord-robots/data/simulation_output/FullVNC_DNg100_Stim/debug/run_id=closed_loop_s641_r7
Created 1 stimulus configurations
🔄 Creating fresh config for experiment 'FullVNC_DNg100_Stim' with paths template 'fly_robot'
✅ Created fresh config:
   Experiment: FullVNC_DNg100_Stim
   Version: debug
   Paths template: fly_robot
   Save dir: /Users/sakshaymahna/Documents/fly-cord-robots/data/simulation_output/FullVNC_DNg100_Stim/debug/run_id=closed_loop_s641_r1
Created 1 stimulus configurations
🔄 Creating fresh config for experiment 'FullVNC_DNg100_Stim' with paths template 'fly_robot'
✅ Created fresh config:
   Experiment: FullVNC_DNg100_Stim
   Version: debug
   Paths template: fly_robot
   Save dir: /Users/sakshaymahna/Documents/fly-cord-robots/data/simulation_output/FullVNC_DNg100_Stim/debug/run_id=closed_loop_s641_r3
Created 1 stimulus configurations
🔄 Creating fresh config for experiment 'FullVNC_DNg100_Stim' with paths template 'fly_robot'
✅ Created fresh config:
   Experiment: FullVNC_DNg100_Stim
   Version: debug
   Paths template: fly_robot
   Save dir: /Users/sakshaymahna/Documents/fly-cord-robots/data/simulation_output/FullVNC_DNg100_Stim/debug/run_id=closed_loop_s641_r4
Created 1 stimulus configurations
🔄 Creating fresh config for experiment 'FullVNC_DNg100_Stim' with paths template 'fly_robot'
✅ Created fresh config:
   Experiment: FullVNC_DNg100_Stim
   Version: debug
   Paths template: fly_robot
   Save dir: /Users/sakshaymahna/Documents/fly-cord-robots/data/simulation_output/FullVNC_DNg100_Stim/debug/run_id=closed_loop_s641_r0
Created 1 stimulus configurations
🔄 Creating fresh config for experiment 'FullVNC_DNg100_Stim' with paths template 'fly_robot'
✅ Created fresh config:
   Experiment: FullVNC_DNg100_Stim
   Version: debug
   Paths template: fly_robot
   Save dir: /Users/sakshaymahna/Documents/fly-cord-robots/data/simulation_output/FullVNC_DNg100_Stim/debug/run_id=closed_loop_s641_r1
Created 1 stimulus configurationsgen   28  best=+0.2951 med=+0.1732  sigma=0.399  sat=0.22  153s
gen   29  best=+0.2974 med=+0.1318  sigma=0.401  sat=0.19  127s
gen   30  best=+0.3011 med=-1.7322  sigma=0.401  sat=0.38  145s
gen   31  best=+0.3148 med=+0.1424  sigma=0.400  sat=0.22  131s
gen   32  best=+0.2770 med=+0.1850  sigma=0.398  sat=0.03  115s
gen   33  best=+0.2906 med=+0.2099  sigma=0.396  sat=0.03  121s
gen   34  best=+0.3196 med=+0.1159  sigma=0.390  sat=0.28  153s
gen   35  best=+0.3005 med=-0.8846  sigma=0.381  sat=0.41  104s
gen   36  best=+0.2901 med=+0.1826  sigma=0.371  sat=0.03  117s
gen   37  best=+0.2937 med=+0.2123  sigma=0.363  sat=0.00  113s
gen   38  best=+0.3382 med=+0.1862  sigma=0.356  sat=0.09  124s
gen   39  best=+0.2945 med=+0.1410  sigma=0.351  sat=0.25  139s

🔄 Creating fresh config for experiment 'FullVNC_DNg100_Stim' with paths template 'fly_robot'
✅ Created fresh config:
   Experiment: FullVNC_DNg100_Stim
   Version: debug
   Paths template: fly_robot
   Save dir: /Users/sakshaymahna/Documents/fly-cord-robots/data/simulation_output/FullVNC_DNg100_Stim/debug/run_id=closed_loop_s641_r4
Created 1 stimulus configurations
🔄 Creating fresh config for experiment 'FullVNC_DNg100_Stim' with paths template 'fly_robot'
✅ Created fresh config:
   Experiment: FullVNC_DNg100_Stim
   Version: debug
   Paths template: fly_robot
   Save dir: /Users/sakshaymahna/Documents/fly-cord-robots/data/simulation_output/FullVNC_DNg100_Stim/debug/run_id=closed_loop_s641_r6
Created 1 stimulus configurations
🔄 Creating fresh config for experiment 'FullVNC_DNg100_Stim' with paths template 'fly_robot'
✅ Created fresh config:
   Experiment: FullVNC_DNg100_Stim
   Version: debug
   Paths template: fly_robot
   Save dir: /Users/sakshaymahna/Documents/fly-cord-robots/data/simulation_output/FullVNC_DNg100_Stim/debug/run_id=closed_loop_s641_r1
Created 1 stimulus configurations
🔄 Creating fresh config for experiment 'FullVNC_DNg100_Stim' with paths template 'fly_robot'
✅ Created fresh config:
   Experiment: FullVNC_DNg100_Stim
   Version: debug
   Paths template: fly_robot
   Save dir: /Users/sakshaymahna/Documents/fly-cord-robots/data/simulation_output/FullVNC_DNg100_Stim/debug/run_id=closed_loop_s641_r0
Created 1 stimulus configurations
🔄 Creating fresh config for experiment 'FullVNC_DNg100_Stim' with paths template 'fly_robot'
✅ Created fresh config:
   Experiment: FullVNC_DNg100_Stim
   Version: debug
   Paths template: fly_robot
   Save dir: /Users/sakshaymahna/Documents/fly-cord-robots/data/simulation_output/FullVNC_DNg100_Stim/debug/run_id=closed_loop_s641_r4
Created 1 stimulus configurations
🔄 Creating fresh config for experiment 'FullVNC_DNg100_Stim' with paths template 'fly_robot'
✅ Created fresh config:
   Experiment: FullVNC_DNg100_Stim
   Version: debug
   Paths template: fly_robot
   Save dir: /Users/sakshaymahna/Documents/fly-cord-robots/data/simulation_output/FullVNC_DNg100_Stim/debug/run_id=closed_loop_s641_r7
Created 1 stimulus configurations
🔄 Creating fresh config for experiment 'FullVNC_DNg100_Stim' with paths template 'fly_robot'
✅ Created fresh config:
   Experiment: FullVNC_DNg100_Stim
   Version: debug
   Paths template: fly_robot
   Save dir: /Users/sakshaymahna/Documents/fly-cord-robots/data/simulation_output/FullVNC_DNg100_Stim/debug/run_id=closed_loop_s641_r3
Created 1 stimulus configurations
🔄 Creating fresh config for experiment 'FullVNC_DNg100_Stim' with paths template 'fly_robot'
✅ Created fresh config:
   Experiment: FullVNC_DNg100_Stim
   Version: debug
   Paths template: fly_robot
   Save dir: /Users/sakshaymahna/Documents/fly-cord-robots/data/simulation_output/FullVNC_DNg100_Stim/debug/run_id=closed_loop_s641_r6
Created 1 stimulus configurations
🔄 Creating fresh config for experiment 'FullVNC_DNg100_Stim' with paths template 'fly_robot'
✅ Created fresh config:
   Experiment: FullVNC_DNg100_Stim
   Version: debug
   Paths template: fly_robot
   Save dir: /Users/sakshaymahna/Documents/fly-cord-robots/data/simulation_output/FullVNC_DNg100_Stim/debug/run_id=closed_loop_s641_r7
Created 1 stimulus configurations
🔄 Creating fresh config for experiment 'FullVNC_DNg100_Stim' with paths template 'fly_robot'
✅ Created fresh config:
   Experiment: FullVNC_DNg100_Stim
   Version: debug
   Paths template: fly_robot
   Save dir: /Users/sakshaymahna/Documents/fly-cord-robots/data/simulation_output/FullVNC_DNg100_Stim/debug/run_id=closed_loop_s641_r3
Created 1 stimulus configurations
🔄 Creating fresh config for experiment 'FullVNC_DNg100_Stim' with paths template 'fly_robot'
✅ Created fresh config:
   Experiment: FullVNC_DNg100_Stim
   Version: debug
   Paths template: fly_robot
   Save dir: /Users/sakshaymahna/Documents/fly-cord-robots/data/simulation_output/FullVNC_DNg100_Stim/debug/run_id=closed_loop_s641_r4
Created 1 stimulus configurations
🔄 Creating fresh config for experiment 'FullVNC_DNg100_Stim' with paths template 'fly_robot'
✅ Created fresh config:
   Experiment: FullVNC_DNg100_Stim
   Version: debug
   Paths template: fly_robot
   Save dir: /Users/sakshaymahna/Documents/fly-cord-robots/data/simulation_output/FullVNC_DNg100_Stim/debug/run_id=closed_loop_s641_r7
Created 1 stimulus configurations
🔄 Creating fresh config for experiment 'FullVNC_DNg100_Stim' with paths template 'fly_robot'
✅ Created fresh config:
   Experiment: FullVNC_DNg100_Stim
   Version: debug
   Paths template: fly_robot
   Save dir: /Users/sakshaymahna/Documents/fly-cord-robots/data/simulation_output/FullVNC_DNg100_Stim/debug/run_id=closed_loop_s641_r1
Created 1 stimulus configurations
🔄 Creating fresh config for experiment 'FullVNC_DNg100_Stim' with paths template 'fly_robot'
✅ Created fresh config:
   Experiment: FullVNC_DNg100_Stim
   Version: debug
   Paths template: fly_robot
   Save dir: /Users/sakshaymahna/Documents/fly-cord-robots/data/simulation_output/FullVNC_DNg100_Stim/debug/run_id=closed_loop_s641_r4
Created 1 stimulus configurations
🔄 Creating fresh config for experiment 'FullVNC_DNg100_Stim' with paths template 'fly_robot'
✅ Created fresh config:
   Experiment: FullVNC_DNg100_Stim
   Version: debug
   Paths template: fly_robot
   Save dir: /Users/sakshaymahna/Documents/fly-cord-robots/data/simulation_output/FullVNC_DNg100_Stim/debug/run_id=closed_loop_s641_r6
Created 1 stimulus configurations
🔄 Creating fresh config for experiment 'FullVNC_DNg100_Stim' with paths template 'fly_robot'
✅ Created fresh config:
   Experiment: FullVNC_DNg100_Stim
   Version: debug
   Paths template: fly_robot
   Save dir: /Users/sakshaymahna/Documents/fly-cord-robots/data/simulation_output/FullVNC_DNg100_Stim/debug/run_id=closed_loop_s641_r0
Created 1 stimulus configurations
🔄 Creating fresh config for experiment 'FullVNC_DNg100_Stim' with paths template 'fly_robot'
✅ Created fresh config:
   Experiment: FullVNC_DNg100_Stim
   Version: debug
   Paths template: fly_robot
   Save dir: /Users/sakshaymahna/Documents/fly-cord-robots/data/simulation_output/FullVNC_DNg100_Stim/debug/run_id=closed_loop_s641_r3
Created 1 stimulus configurations
🔄 Creating fresh config for experiment 'FullVNC_DNg100_Stim' with paths template 'fly_robot'
✅ Created fresh config:
   Experiment: FullVNC_DNg100_Stim
   Version: debug
   Paths template: fly_robot
   Save dir: /Users/sakshaymahna/Documents/fly-cord-robots/data/simulation_output/FullVNC_DNg100_Stim/debug/run_id=closed_loop_s641_r1
Created 1 stimulus configurations
🔄 Creating fresh config for experiment 'FullVNC_DNg100_Stim' with paths template 'fly_robot'
✅ Created fresh config:
   Experiment: FullVNC_DNg100_Stim
   Version: debug
   Paths template: fly_robot
   Save dir: /Users/sakshaymahna/Documents/fly-cord-robots/data/simulation_output/FullVNC_DNg100_Stim/debug/run_id=closed_loop_s641_r4
Created 1 stimulus configurations
🔄 Creating fresh config for experiment 'FullVNC_DNg100_Stim' with paths template 'fly_robot'
✅ Created fresh config:
   Experiment: FullVNC_DNg100_Stim
   Version: debug
   Paths template: fly_robot
   Save dir: /Users/sakshaymahna/Documents/fly-cord-robots/data/simulation_output/FullVNC_DNg100_Stim/debug/run_id=closed_loop_s641_r3
Created 1 stimulus configurations
🔄 Creating fresh config for experiment 'FullVNC_DNg100_Stim' with paths template 'fly_robot'
✅ Created fresh config:
   Experiment: FullVNC_DNg100_Stim
   Version: debug
   Paths template: fly_robot
   Save dir: /Users/sakshaymahna/Documents/fly-cord-robots/data/simulation_output/FullVNC_DNg100_Stim/debug/run_id=closed_loop_s641_r6
Created 1 stimulus configurations
🔄 Creating fresh config for experiment 'FullVNC_DNg100_Stim' with paths template 'fly_robot'
✅ Created fresh config:
   Experiment: FullVNC_DNg100_Stim
   Version: debug
   Paths template: fly_robot
   Save dir: /Users/sakshaymahna/Documents/fly-cord-robots/data/simulation_output/FullVNC_DNg100_Stim/debug/run_id=closed_loop_s641_r4
Created 1 stimulus configurations
🔄 Creating fresh config for experiment 'FullVNC_DNg100_Stim' with paths template 'fly_robot'
✅ Created fresh config:
   Experiment: FullVNC_DNg100_Stim
   Version: debug
   Paths template: fly_robot
   Save dir: /Users/sakshaymahna/Documents/fly-cord-robots/data/simulation_output/FullVNC_DNg100_Stim/debug/run_id=closed_loop_s641_r4
Created 1 stimulus configurations
🔄 Creating fresh config for experiment 'FullVNC_DNg100_Stim' with paths template 'fly_robot'
✅ Created fresh config:
   Experiment: FullVNC_DNg100_Stim
   Version: debug
   Paths template: fly_robot
   Save dir: /Users/sakshaymahna/Documents/fly-cord-robots/data/simulation_output/FullVNC_DNg100_Stim/debug/run_id=closed_loop_s641_r6
Created 1 stimulus configurations
🔄 Creating fresh config for experiment 'FullVNC_DNg100_Stim' with paths template 'fly_robot'
✅ Created fresh config:
   Experiment: FullVNC_DNg100_Stim
   Version: debug
   Paths template: fly_robot
   Save dir: /Users/sakshaymahna/Documents/fly-cord-robots/data/simulation_output/FullVNC_DNg100_Stim/debug/run_id=closed_loop_s641_r1
Created 1 stimulus configurations
🔄 Creating fresh config for experiment 'FullVNC_DNg100_Stim' with paths template 'fly_robot'
✅ Created fresh config:
   Experiment: FullVNC_DNg100_Stim
   Version: debug
   Paths template: fly_robot
   Save dir: /Users/sakshaymahna/Documents/fly-cord-robots/data/simulation_output/FullVNC_DNg100_Stim/debug/run_id=closed_loop_s641_r0
Created 1 stimulus configurations
🔄 Creating fresh config for experiment 'FullVNC_DNg100_Stim' with paths template 'fly_robot'
✅ Created fresh config:
   Experiment: FullVNC_DNg100_Stim
   Version: debug
   Paths template: fly_robot
   Save dir: /Users/sakshaymahna/Documents/fly-cord-robots/data/simulation_output/FullVNC_DNg100_Stim/debug/run_id=closed_loop_s641_r4
Created 1 stimulus configurations
🔄 Creating fresh config for experiment 'FullVNC_DNg100_Stim' with paths template 'fly_robot'
✅ Created fresh config:
   Experiment: FullVNC_DNg100_Stim
   Version: debug
   Paths template: fly_robot
   Save dir: /Users/sakshaymahna/Documents/fly-cord-robots/data/simulation_output/FullVNC_DNg100_Stim/debug/run_id=closed_loop_s641_r7
Created 1 stimulus configurations
🔄 Creating fresh config for experiment 'FullVNC_DNg100_Stim' with paths template 'fly_robot'
✅ Created fresh config:
   Experiment: FullVNC_DNg100_Stim
   Version: debug
   Paths template: fly_robot
   Save dir: /Users/sakshaymahna/Documents/fly-cord-robots/data/simulation_output/FullVNC_DNg100_Stim/debug/run_id=closed_loop_s641_r3
Created 1 stimulus configurations
🔄 Creating fresh config for experiment 'FullVNC_DNg100_Stim' with paths template 'fly_robot'
✅ Created fresh config:
   Experiment: FullVNC_DNg100_Stim
   Version: debug
   Paths template: fly_robot
   Save dir: /Users/sakshaymahna/Documents/fly-cord-robots/data/simulation_output/FullVNC_DNg100_Stim/debug/run_id=closed_loop_s641_r6
Created 1 stimulus configurations
🔄 Creating fresh config for experiment 'FullVNC_DNg100_Stim' with paths template 'fly_robot'
✅ Created fresh config:
   Experiment: FullVNC_DNg100_Stim
   Version: debug
   Paths template: fly_robot
   Save dir: /Users/sakshaymahna/Documents/fly-cord-robots/data/simulation_output/FullVNC_DNg100_Stim/debug/run_id=closed_loop_s641_r7
Created 1 stimulus configurations
🔄 Creating fresh config for experiment 'FullVNC_DNg100_Stim' with paths template 'fly_robot'
✅ Created fresh config:
   Experiment: FullVNC_DNg100_Stim
   Version: debug
   Paths template: fly_robot
   Save dir: /Users/sakshaymahna/Documents/fly-cord-robots/data/simulation_output/FullVNC_DNg100_Stim/debug/run_id=closed_loop_s641_r3
Created 1 stimulus configurations
🔄 Creating fresh config for experiment 'FullVNC_DNg100_Stim' with paths template 'fly_robot'
✅ Created fresh config:
   Experiment: FullVNC_DNg100_Stim
   Version: debug
   Paths template: fly_robot
   Save dir: /Users/sakshaymahna/Documents/fly-cord-robots/data/simulation_output/FullVNC_DNg100_Stim/debug/run_id=closed_loop_s641_r4
Created 1 stimulus configurations
🔄 Creating fresh config for experiment 'FullVNC_DNg100_Stim' with paths template 'fly_robot'
✅ Created fresh config:
   Experiment: FullVNC_DNg100_Stim
   Version: debug
   Paths template: fly_robot
   Save dir: /Users/sakshaymahna/Documents/fly-cord-robots/data/simulation_output/FullVNC_DNg100_Stim/debug/run_id=closed_loop_s641_r7
Created 1 stimulus configurations
🔄 Creating fresh config for experiment 'FullVNC_DNg100_Stim' with paths template 'fly_robot'
✅ Created fresh config:
   Experiment: FullVNC_DNg100_Stim
   Version: debug
   Paths template: fly_robot
   Save dir: /Users/sakshaymahna/Documents/fly-cord-robots/data/simulation_output/FullVNC_DNg100_Stim/debug/run_id=closed_loop_s641_r1
Created 1 stimulus configurations
🔄 Creating fresh config for experiment 'FullVNC_DNg100_Stim' with paths template 'fly_robot'
✅ Created fresh config:
   Experiment: FullVNC_DNg100_Stim
   Version: debug
   Paths template: fly_robot
   Save dir: /Users/sakshaymahna/Documents/fly-cord-robots/data/simulation_output/FullVNC_DNg100_Stim/debug/run_id=closed_loop_s641_r4
Created 1 stimulus configurations
🔄 Creating fresh config for experiment 'FullVNC_DNg100_Stim' with paths template 'fly_robot'
✅ Created fresh config:
   Experiment: FullVNC_DNg100_Stim
   Version: debug
   Paths template: fly_robot
   Save dir: /Users/sakshaymahna/Documents/fly-cord-robots/data/simulation_output/FullVNC_DNg100_Stim/debug/run_id=closed_loop_s641_r6
Created 1 stimulus configurations
🔄 Creating fresh config for experiment 'FullVNC_DNg100_Stim' with paths template 'fly_robot'
✅ Created fresh config:
   Experiment: FullVNC_DNg100_Stim
   Version: debug
   Paths template: fly_robot
   Save dir: /Users/sakshaymahna/Documents/fly-cord-robots/data/simulation_output/FullVNC_DNg100_Stim/debug/run_id=closed_loop_s641_r0
Created 1 stimulus configurations
🔄 Creating fresh config for experiment 'FullVNC_DNg100_Stim' with paths template 'fly_robot'
✅ Created fresh config:
   Experiment: FullVNC_DNg100_Stim
   Version: debug
   Paths template: fly_robot
   Save dir: /Users/sakshaymahna/Documents/fly-cord-robots/data/simulation_output/FullVNC_DNg100_Stim/debug/run_id=closed_loop_s641_r3
Created 1 stimulus configurations
🔄 Creating fresh config for experiment 'FullVNC_DNg100_Stim' with paths template 'fly_robot'
✅ Created fresh config:
   Experiment: FullVNC_DNg100_Stim
   Version: debug
   Paths template: fly_robot
   Save dir: /Users/sakshaymahna/Documents/fly-cord-robots/data/simulation_output/FullVNC_DNg100_Stim/debug/run_id=closed_loop_s641_r1
Created 1 stimulus configurations
🔄 Creating fresh config for experiment 'FullVNC_DNg100_Stim' with paths template 'fly_robot'
✅ Created fresh config:
   Experiment: FullVNC_DNg100_Stim
   Version: debug
   Paths template: fly_robot
   Save dir: /Users/sakshaymahna/Documents/fly-cord-robots/data/simulation_output/FullVNC_DNg100_Stim/debug/run_id=closed_loop_s641_r4
Created 1 stimulus configurations
🔄 Creating fresh config for experiment 'FullVNC_DNg100_Stim' with paths template 'fly_robot'
✅ Created fresh config:
   Experiment: FullVNC_DNg100_Stim
   Version: debug
   Paths template: fly_robot
   Save dir: /Users/sakshaymahna/Documents/fly-cord-robots/data/simulation_output/FullVNC_DNg100_Stim/debug/run_id=closed_loop_s641_r3
Created 1 stimulus configurations
🔄 Creating fresh config for experiment 'FullVNC_DNg100_Stim' with paths template 'fly_robot'
✅ Created fresh config:
   Experiment: FullVNC_DNg100_Stim
   Version: debug
   Paths template: fly_robot
   Save dir: /Users/sakshaymahna/Documents/fly-cord-robots/data/simulation_output/FullVNC_DNg100_Stim/debug/run_id=closed_loop_s641_r6
Created 1 stimulus configurations
🔄 Creating fresh config for experiment 'FullVNC_DNg100_Stim' with paths template 'fly_robot'
✅ Created fresh config:
   Experiment: FullVNC_DNg100_Stim
   Version: debug
   Paths template: fly_robot
   Save dir: /Users/sakshaymahna/Documents/fly-cord-robots/data/simulation_output/FullVNC_DNg100_Stim/debug/run_id=closed_loop_s641_r4
Created 1 stimulus configurations
🔄 Creating fresh config for experiment 'FullVNC_DNg100_Stim' with paths template 'fly_robot'
✅ Created fresh config:
   Experiment: FullVNC_DNg100_Stim
   Version: debug
   Paths template: fly_robot
   Save dir: /Users/sakshaymahna/Documents/fly-cord-robots/data/simulation_output/FullVNC_DNg100_Stim/debug/run_id=closed_loop_s641_r4
Created 1 stimulus configurations
🔄 Creating fresh config for experiment 'FullVNC_DNg100_Stim' with paths template 'fly_robot'
✅ Created fresh config:
   Experiment: FullVNC_DNg100_Stim
   Version: debug
   Paths template: fly_robot
   Save dir: /Users/sakshaymahna/Documents/fly-cord-robots/data/simulation_output/FullVNC_DNg100_Stim/debug/run_id=closed_loop_s641_r6
Created 1 stimulus configurations
🔄 Creating fresh config for experiment 'FullVNC_DNg100_Stim' with paths template 'fly_robot'
✅ Created fresh config:
   Experiment: FullVNC_DNg100_Stim
   Version: debug
   Paths template: fly_robot
   Save dir: /Users/sakshaymahna/Documents/fly-cord-robots/data/simulation_output/FullVNC_DNg100_Stim/debug/run_id=closed_loop_s641_r1
Created 1 stimulus configurations
🔄 Creating fresh config for experiment 'FullVNC_DNg100_Stim' with paths template 'fly_robot'
✅ Created fresh config:
   Experiment: FullVNC_DNg100_Stim
   Version: debug
   Paths template: fly_robot
   Save dir: /Users/sakshaymahna/Documents/fly-cord-robots/data/simulation_output/FullVNC_DNg100_Stim/debug/run_id=closed_loop_s641_r0
Created 1 stimulus configurations
🔄 Creating fresh config for experiment 'FullVNC_DNg100_Stim' with paths template 'fly_robot'
✅ Created fresh config:
   Experiment: FullVNC_DNg100_Stim
   Version: debug
   Paths template: fly_robot
   Save dir: /Users/sakshaymahna/Documents/fly-cord-robots/data/simulation_output/FullVNC_DNg100_Stim/debug/run_id=closed_loop_s641_r4
Created 1 stimulus configurations
🔄 Creating fresh config for experiment 'FullVNC_DNg100_Stim' with paths template 'fly_robot'
✅ Created fresh config:
   Experiment: FullVNC_DNg100_Stim
   Version: debug
   Paths template: fly_robot
   Save dir: /Users/sakshaymahna/Documents/fly-cord-robots/data/simulation_output/FullVNC_DNg100_Stim/debug/run_id=closed_loop_s641_r7
Created 1 stimulus configurations
🔄 Creating fresh config for experiment 'FullVNC_DNg100_Stim' with paths template 'fly_robot'
✅ Created fresh config:
   Experiment: FullVNC_DNg100_Stim
   Version: debug
   Paths template: fly_robot
   Save dir: /Users/sakshaymahna/Documents/fly-cord-robots/data/simulation_output/FullVNC_DNg100_Stim/debug/run_id=closed_loop_s641_r3
Created 1 stimulus configurations
🔄 Creating fresh config for experiment 'FullVNC_DNg100_Stim' with paths template 'fly_robot'
✅ Created fresh config:
   Experiment: FullVNC_DNg100_Stim
   Version: debug
   Paths template: fly_robot
   Save dir: /Users/sakshaymahna/Documents/fly-cord-robots/data/simulation_output/FullVNC_DNg100_Stim/debug/run_id=closed_loop_s641_r6
Created 1 stimulus configurations
🔄 Creating fresh config for experiment 'FullVNC_DNg100_Stim' with paths template 'fly_robot'
✅ Created fresh config:
   Experiment: FullVNC_DNg100_Stim
   Version: debug
   Paths template: fly_robot
   Save dir: /Users/sakshaymahna/Documents/fly-cord-robots/data/simulation_output/FullVNC_DNg100_Stim/debug/run_id=closed_loop_s641_r7
Created 1 stimulus configurations
🔄 Creating fresh config for experiment 'FullVNC_DNg100_Stim' with paths template 'fly_robot'
✅ Created fresh config:
   Experiment: FullVNC_DNg100_Stim
   Version: debug
   Paths template: fly_robot
   Save dir: /Users/sakshaymahna/Documents/fly-cord-robots/data/simulation_output/FullVNC_DNg100_Stim/debug/run_id=closed_loop_s641_r3
Created 1 stimulus configurations
🔄 Creating fresh config for experiment 'FullVNC_DNg100_Stim' with paths template 'fly_robot'
✅ Created fresh config:
   Experiment: FullVNC_DNg100_Stim
   Version: debug
   Paths template: fly_robot
   Save dir: /Users/sakshaymahna/Documents/fly-cord-robots/data/simulation_output/FullVNC_DNg100_Stim/debug/run_id=closed_loop_s641_r4
Created 1 stimulus configurations
🔄 Creating fresh config for experiment 'FullVNC_DNg100_Stim' with paths template 'fly_robot'
✅ Created fresh config:
   Experiment: FullVNC_DNg100_Stim
   Version: debug
   Paths template: fly_robot
   Save dir: /Users/sakshaymahna/Documents/fly-cord-robots/data/simulation_output/FullVNC_DNg100_Stim/debug/run_id=closed_loop_s641_r7
Created 1 stimulus configurations
🔄 Creating fresh config for experiment 'FullVNC_DNg100_Stim' with paths template 'fly_robot'
✅ Created fresh config:
   Experiment: FullVNC_DNg100_Stim
   Version: debug
   Paths template: fly_robot
   Save dir: /Users/sakshaymahna/Documents/fly-cord-robots/data/simulation_output/FullVNC_DNg100_Stim/debug/run_id=closed_loop_s641_r1
Created 1 stimulus configurations
🔄 Creating fresh config for experiment 'FullVNC_DNg100_Stim' with paths template 'fly_robot'
✅ Created fresh config:
   Experiment: FullVNC_DNg100_Stim
   Version: debug
   Paths template: fly_robot
   Save dir: /Users/sakshaymahna/Documents/fly-cord-robots/data/simulation_output/FullVNC_DNg100_Stim/debug/run_id=closed_loop_s641_r4
Created 1 stimulus configurations
🔄 Creating fresh config for experiment 'FullVNC_DNg100_Stim' with paths template 'fly_robot'
✅ Created fresh config:
   Experiment: FullVNC_DNg100_Stim
   Version: debug
   Paths template: fly_robot
   Save dir: /Users/sakshaymahna/Documents/fly-cord-robots/data/simulation_output/FullVNC_DNg100_Stim/debug/run_id=closed_loop_s641_r6
Created 1 stimulus configurations
🔄 Creating fresh config for experiment 'FullVNC_DNg100_Stim' with paths template 'fly_robot'
✅ Created fresh config:
   Experiment: FullVNC_DNg100_Stim
   Version: debug
   Paths template: fly_robot
   Save dir: /Users/sakshaymahna/Documents/fly-cord-robots/data/simulation_output/FullVNC_DNg100_Stim/debug/run_id=closed_loop_s641_r0
Created 1 stimulus configurations
🔄 Creating fresh config for experiment 'FullVNC_DNg100_Stim' with paths template 'fly_robot'
✅ Created fresh config:
   Experiment: FullVNC_DNg100_Stim
   Version: debug
   Paths template: fly_robot
   Save dir: /Users/sakshaymahna/Documents/fly-cord-robots/data/simulation_output/FullVNC_DNg100_Stim/debug/run_id=closed_loop_s641_r3
Created 1 stimulus configurations
🔄 Creating fresh config for experiment 'FullVNC_DNg100_Stim' with paths template 'fly_robot'
✅ Created fresh config:
   Experiment: FullVNC_DNg100_Stim
   Version: debug
   Paths template: fly_robot
   Save dir: /Users/sakshaymahna/Documents/fly-cord-robots/data/simulation_output/FullVNC_DNg100_Stim/debug/run_id=closed_loop_s641_r1
Created 1 stimulus configurations
🔄 Creating fresh config for experiment 'FullVNC_DNg100_Stim' with paths template 'fly_robot'
✅ Created fresh config:
   Experiment: FullVNC_DNg100_Stim
   Version: debug
   Paths template: fly_robot
   Save dir: /Users/sakshaymahna/Documents/fly-cord-robots/data/simulation_output/FullVNC_DNg100_Stim/debug/run_id=closed_loop_s641_r4
Created 1 stimulus configurations
🔄 Creating fresh config for experiment 'FullVNC_DNg100_Stim' with paths template 'fly_robot'
✅ Created fresh config:
   Experiment: FullVNC_DNg100_Stim
   Version: debug
   Paths template: fly_robot
   Save dir: /Users/sakshaymahna/Documents/fly-cord-robots/data/simulation_output/FullVNC_DNg100_Stim/debug/run_id=closed_loop_s641_r3
Created 1 stimulus configurations
🔄 Creating fresh config for experiment 'FullVNC_DNg100_Stim' with paths template 'fly_robot'
✅ Created fresh config:
   Experiment: FullVNC_DNg100_Stim
   Version: debug
   Paths template: fly_robot
   Save dir: /Users/sakshaymahna/Documents/fly-cord-robots/data/simulation_output/FullVNC_DNg100_Stim/debug/run_id=closed_loop_s641_r6
Created 1 stimulus configurations
🔄 Creating fresh config for experiment 'FullVNC_DNg100_Stim' with paths template 'fly_robot'
✅ Created fresh config:
   Experiment: FullVNC_DNg100_Stim
   Version: debug
   Paths template: fly_robot
   Save dir: /Users/sakshaymahna/Documents/fly-cord-robots/data/simulation_output/FullVNC_DNg100_Stim/debug/run_id=closed_loop_s641_r4
Created 1 stimulus configurations
🔄 Creating fresh config for experiment 'FullVNC_DNg100_Stim' with paths template 'fly_robot'
✅ Created fresh config:
   Experiment: FullVNC_DNg100_Stim
   Version: debug
   Paths template: fly_robot
   Save dir: /Users/sakshaymahna/Documents/fly-cord-robots/data/simulation_output/FullVNC_DNg100_Stim/debug/run_id=closed_loop_s641_r4
Created 1 stimulus configurations
🔄 Creating fresh config for experiment 'FullVNC_DNg100_Stim' with paths template 'fly_robot'
✅ Created fresh config:
   Experiment: FullVNC_DNg100_Stim
   Version: debug
   Paths template: fly_robot
   Save dir: /Users/sakshaymahna/Documents/fly-cord-robots/data/simulation_output/FullVNC_DNg100_Stim/debug/run_id=closed_loop_s641_r6
Created 1 stimulus configurations
🔄 Creating fresh config for experiment 'FullVNC_DNg100_Stim' with paths template 'fly_robot'
✅ Created fresh config:
   Experiment: FullVNC_DNg100_Stim
   Version: debug
   Paths template: fly_robot
   Save dir: /Users/sakshaymahna/Documents/fly-cord-robots/data/simulation_output/FullVNC_DNg100_Stim/debug/run_id=closed_loop_s641_r1
Created 1 stimulus configurations
🔄 Creating fresh config for experiment 'FullVNC_DNg100_Stim' with paths template 'fly_robot'
✅ Created fresh config:
   Experiment: FullVNC_DNg100_Stim
   Version: debug
   Paths template: fly_robot
   Save dir: /Users/sakshaymahna/Documents/fly-cord-robots/data/simulation_output/FullVNC_DNg100_Stim/debug/run_id=closed_loop_s641_r0
Created 1 stimulus configurations
🔄 Creating fresh config for experiment 'FullVNC_DNg100_Stim' with paths template 'fly_robot'
✅ Created fresh config:
   Experiment: FullVNC_DNg100_Stim
   Version: debug
   Paths template: fly_robot
   Save dir: /Users/sakshaymahna/Documents/fly-cord-robots/data/simulation_output/FullVNC_DNg100_Stim/debug/run_id=closed_loop_s641_r4
Created 1 stimulus configurations
🔄 Creating fresh config for experiment 'FullVNC_DNg100_Stim' with paths template 'fly_robot'
✅ Created fresh config:
   Experiment: FullVNC_DNg100_Stim
   Version: debug
   Paths template: fly_robot
   Save dir: /Users/sakshaymahna/Documents/fly-cord-robots/data/simulation_output/FullVNC_DNg100_Stim/debug/run_id=closed_loop_s641_r7
Created 1 stimulus configurations
🔄 Creating fresh config for experiment 'FullVNC_DNg100_Stim' with paths template 'fly_robot'
✅ Created fresh config:
   Experiment: FullVNC_DNg100_Stim
   Version: debug
   Paths template: fly_robot
   Save dir: /Users/sakshaymahna/Documents/fly-cord-robots/data/simulation_output/FullVNC_DNg100_Stim/debug/run_id=closed_loop_s641_r3
Created 1 stimulus configurations
🔄 Creating fresh config for experiment 'FullVNC_DNg100_Stim' with paths template 'fly_robot'
✅ Created fresh config:
   Experiment: FullVNC_DNg100_Stim
   Version: debug
   Paths template: fly_robot
   Save dir: /Users/sakshaymahna/Documents/fly-cord-robots/data/simulation_output/FullVNC_DNg100_Stim/debug/run_id=closed_loop_s641_r6
Created 1 stimulus configurations
🔄 Creating fresh config for experiment 'FullVNC_DNg100_Stim' with paths template 'fly_robot'
✅ Created fresh config:
   Experiment: FullVNC_DNg100_Stim
   Version: debug
   Paths template: fly_robot
   Save dir: /Users/sakshaymahna/Documents/fly-cord-robots/data/simulation_output/FullVNC_DNg100_Stim/debug/run_id=closed_loop_s641_r7
Created 1 stimulus configurations
🔄 Creating fresh config for experiment 'FullVNC_DNg100_Stim' with paths template 'fly_robot'
✅ Created fresh config:
   Experiment: FullVNC_DNg100_Stim
   Version: debug
   Paths template: fly_robot
   Save dir: /Users/sakshaymahna/Documents/fly-cord-robots/data/simulation_output/FullVNC_DNg100_Stim/debug/run_id=closed_loop_s641_r3
Created 1 stimulus configurations
🔄 Creating fresh config for experiment 'FullVNC_DNg100_Stim' with paths template 'fly_robot'
✅ Created fresh config:
   Experiment: FullVNC_DNg100_Stim
   Version: debug
   Paths template: fly_robot
   Save dir: /Users/sakshaymahna/Documents/fly-cord-robots/data/simulation_output/FullVNC_DNg100_Stim/debug/run_id=closed_loop_s641_r4
Created 1 stimulus configurations
🔄 Creating fresh config for experiment 'FullVNC_DNg100_Stim' with paths template 'fly_robot'
✅ Created fresh config:
   Experiment: FullVNC_DNg100_Stim
   Version: debug
   Paths template: fly_robot
   Save dir: /Users/sakshaymahna/Documents/fly-cord-robots/data/simulation_output/FullVNC_DNg100_Stim/debug/run_id=closed_loop_s641_r7
Created 1 stimulus configurations
🔄 Creating fresh config for experiment 'FullVNC_DNg100_Stim' with paths template 'fly_robot'
✅ Created fresh config:
   Experiment: FullVNC_DNg100_Stim
   Version: debug
   Paths template: fly_robot
   Save dir: /Users/sakshaymahna/Documents/fly-cord-robots/data/simulation_output/FullVNC_DNg100_Stim/debug/run_id=closed_loop_s641_r1
Created 1 stimulus configurations
🔄 Creating fresh config for experiment 'FullVNC_DNg100_Stim' with paths template 'fly_robot'
✅ Created fresh config:
   Experiment: FullVNC_DNg100_Stim
   Version: debug
   Paths template: fly_robot
   Save dir: /Users/sakshaymahna/Documents/fly-cord-robots/data/simulation_output/FullVNC_DNg100_Stim/debug/run_id=closed_loop_s641_r4
Created 1 stimulus configurations
🔄 Creating fresh config for experiment 'FullVNC_DNg100_Stim' with paths template 'fly_robot'
✅ Created fresh config:
   Experiment: FullVNC_DNg100_Stim
   Version: debug
   Paths template: fly_robot
   Save dir: /Users/sakshaymahna/Documents/fly-cord-robots/data/simulation_output/FullVNC_DNg100_Stim/debug/run_id=closed_loop_s641_r6
Created 1 stimulus configurations
🔄 Creating fresh config for experiment 'FullVNC_DNg100_Stim' with paths template 'fly_robot'
✅ Created fresh config:
   Experiment: FullVNC_DNg100_Stim
   Version: debug
   Paths template: fly_robot
   Save dir: /Users/sakshaymahna/Documents/fly-cord-robots/data/simulation_output/FullVNC_DNg100_Stim/debug/run_id=closed_loop_s641_r0
Created 1 stimulus configurations
🔄 Creating fresh config for experiment 'FullVNC_DNg100_Stim' with paths template 'fly_robot'
✅ Created fresh config:
   Experiment: FullVNC_DNg100_Stim
   Version: debug
   Paths template: fly_robot
   Save dir: /Users/sakshaymahna/Documents/fly-cord-robots/data/simulation_output/FullVNC_DNg100_Stim/debug/run_id=closed_loop_s641_r3
Created 1 stimulus configurations
🔄 Creating fresh config for experiment 'FullVNC_DNg100_Stim' with paths template 'fly_robot'
✅ Created fresh config:
   Experiment: FullVNC_DNg100_Stim
   Version: debug
   Paths template: fly_robot
   Save dir: /Users/sakshaymahna/Documents/fly-cord-robots/data/simulation_output/FullVNC_DNg100_Stim/debug/run_id=closed_loop_s641_r1
Created 1 stimulus configurations
🔄 Creating fresh config for experiment 'FullVNC_DNg100_Stim' with paths template 'fly_robot'
✅ Created fresh config:
   Experiment: FullVNC_DNg100_Stim
   Version: debug
   Paths template: fly_robot
   Save dir: /Users/sakshaymahna/Documents/fly-cord-robots/data/simulation_output/FullVNC_DNg100_Stim/debug/run_id=closed_loop_s641_r4
Created 1 stimulus configurations
🔄 Creating fresh config for experiment 'FullVNC_DNg100_Stim' with paths template 'fly_robot'
✅ Created fresh config:
   Experiment: FullVNC_DNg100_Stim
   Version: debug
   Paths template: fly_robot
   Save dir: /Users/sakshaymahna/Documents/fly-cord-robots/data/simulation_output/FullVNC_DNg100_Stim/debug/run_id=closed_loop_s641_r3
Created 1 stimulus configurations
🔄 Creating fresh config for experiment 'FullVNC_DNg100_Stim' with paths template 'fly_robot'
✅ Created fresh config:
   Experiment: FullVNC_DNg100_Stim
   Version: debug
   Paths template: fly_robot
   Save dir: /Users/sakshaymahna/Documents/fly-cord-robots/data/simulation_output/FullVNC_DNg100_Stim/debug/run_id=closed_loop_s641_r6
Created 1 stimulus configurations
🔄 Creating fresh config for experiment 'FullVNC_DNg100_Stim' with paths template 'fly_robot'
✅ Created fresh config:
   Experiment: FullVNC_DNg100_Stim
   Version: debug
   Paths template: fly_robot
   Save dir: /Users/sakshaymahna/Documents/fly-cord-robots/data/simulation_output/FullVNC_DNg100_Stim/debug/run_id=closed_loop_s641_r4
Created 1 stimulus configurations
🔄 Creating fresh config for experiment 'FullVNC_DNg100_Stim' with paths template 'fly_robot'
✅ Created fresh config:
   Experiment: FullVNC_DNg100_Stim
   Version: debug
   Paths template: fly_robot
   Save dir: /Users/sakshaymahna/Documents/fly-cord-robots/data/simulation_output/FullVNC_DNg100_Stim/debug/run_id=closed_loop_s641_r4
Created 1 stimulus configurations
🔄 Creating fresh config for experiment 'FullVNC_DNg100_Stim' with paths template 'fly_robot'
✅ Created fresh config:
   Experiment: FullVNC_DNg100_Stim
   Version: debug
   Paths template: fly_robot
   Save dir: /Users/sakshaymahna/Documents/fly-cord-robots/data/simulation_output/FullVNC_DNg100_Stim/debug/run_id=closed_loop_s641_r6
Created 1 stimulus configurations
🔄 Creating fresh config for experiment 'FullVNC_DNg100_Stim' with paths template 'fly_robot'
✅ Created fresh config:
   Experiment: FullVNC_DNg100_Stim
   Version: debug
   Paths template: fly_robot
   Save dir: /Users/sakshaymahna/Documents/fly-cord-robots/data/simulation_output/FullVNC_DNg100_Stim/debug/run_id=closed_loop_s641_r1
Created 1 stimulus configurations
🔄 Creating fresh config for experiment 'FullVNC_DNg100_Stim' with paths template 'fly_robot'
✅ Created fresh config:
   Experiment: FullVNC_DNg100_Stim
   Version: debug
   Paths template: fly_robot
   Save dir: /Users/sakshaymahna/Documents/fly-cord-robots/data/simulation_output/FullVNC_DNg100_Stim/debug/run_id=closed_loop_s641_r0
Created 1 stimulus configurations
🔄 Creating fresh config for experiment 'FullVNC_DNg100_Stim' with paths template 'fly_robot'
✅ Created fresh config:
   Experiment: FullVNC_DNg100_Stim
   Version: debug
   Paths template: fly_robot
   Save dir: /Users/sakshaymahna/Documents/fly-cord-robots/data/simulation_output/FullVNC_DNg100_Stim/debug/run_id=closed_loop_s641_r4
Created 1 stimulus configurations
🔄 Creating fresh config for experiment 'FullVNC_DNg100_Stim' with paths template 'fly_robot'
✅ Created fresh config:
   Experiment: FullVNC_DNg100_Stim
   Version: debug
   Paths template: fly_robot
   Save dir: /Users/sakshaymahna/Documents/fly-cord-robots/data/simulation_output/FullVNC_DNg100_Stim/debug/run_id=closed_loop_s641_r7
Created 1 stimulus configurations
🔄 Creating fresh config for experiment 'FullVNC_DNg100_Stim' with paths template 'fly_robot'
✅ Created fresh config:
   Experiment: FullVNC_DNg100_Stim
   Version: debug
   Paths template: fly_robot
   Save dir: /Users/sakshaymahna/Documents/fly-cord-robots/data/simulation_output/FullVNC_DNg100_Stim/debug/run_id=closed_loop_s641_r3
Created 1 stimulus configurations
🔄 Creating fresh config for experiment 'FullVNC_DNg100_Stim' with paths template 'fly_robot'
✅ Created fresh config:
   Experiment: FullVNC_DNg100_Stim
   Version: debug
   Paths template: fly_robot
   Save dir: /Users/sakshaymahna/Documents/fly-cord-robots/data/simulation_output/FullVNC_DNg100_Stim/debug/run_id=closed_loop_s641_r6
Created 1 stimulus configurations
🔄 Creating fresh config for experiment 'FullVNC_DNg100_Stim' with paths template 'fly_robot'
✅ Created fresh config:
   Experiment: FullVNC_DNg100_Stim
   Version: debug
   Paths template: fly_robot
   Save dir: /Users/sakshaymahna/Documents/fly-cord-robots/data/simulation_output/FullVNC_DNg100_Stim/debug/run_id=closed_loop_s641_r7
Created 1 stimulus configurations
🔄 Creating fresh config for experiment 'FullVNC_DNg100_Stim' with paths template 'fly_robot'
✅ Created fresh config:
   Experiment: FullVNC_DNg100_Stim
   Version: debug
   Paths template: fly_robot
   Save dir: /Users/sakshaymahna/Documents/fly-cord-robots/data/simulation_output/FullVNC_DNg100_Stim/debug/run_id=closed_loop_s641_r3
Created 1 stimulus configurations
🔄 Creating fresh config for experiment 'FullVNC_DNg100_Stim' with paths template 'fly_robot'
✅ Created fresh config:
   Experiment: FullVNC_DNg100_Stim
   Version: debug
   Paths template: fly_robot
   Save dir: /Users/sakshaymahna/Documents/fly-cord-robots/data/simulation_output/FullVNC_DNg100_Stim/debug/run_id=closed_loop_s641_r4
Created 1 stimulus configurations
🔄 Creating fresh config for experiment 'FullVNC_DNg100_Stim' with paths template 'fly_robot'
✅ Created fresh config:
   Experiment: FullVNC_DNg100_Stim
   Version: debug
   Paths template: fly_robot
   Save dir: /Users/sakshaymahna/Documents/fly-cord-robots/data/simulation_output/FullVNC_DNg100_Stim/debug/run_id=closed_loop_s641_r7
Created 1 stimulus configurations
🔄 Creating fresh config for experiment 'FullVNC_DNg100_Stim' with paths template 'fly_robot'
✅ Created fresh config:
   Experiment: FullVNC_DNg100_Stim
   Version: debug
   Paths template: fly_robot
   Save dir: /Users/sakshaymahna/Documents/fly-cord-robots/data/simulation_output/FullVNC_DNg100_Stim/debug/run_id=closed_loop_s641_r1
Created 1 stimulus configurations
🔄 Creating fresh config for experiment 'FullVNC_DNg100_Stim' with paths template 'fly_robot'
✅ Created fresh config:
   Experiment: FullVNC_DNg100_Stim
   Version: debug
   Paths template: fly_robot
   Save dir: /Users/sakshaymahna/Documents/fly-cord-robots/data/simulation_output/FullVNC_DNg100_Stim/debug/run_id=closed_loop_s641_r4
Created 1 stimulus configurations
🔄 Creating fresh config for experiment 'FullVNC_DNg100_Stim' with paths template 'fly_robot'
✅ Created fresh config:
   Experiment: FullVNC_DNg100_Stim
   Version: debug
   Paths template: fly_robot
   Save dir: /Users/sakshaymahna/Documents/fly-cord-robots/data/simulation_output/FullVNC_DNg100_Stim/debug/run_id=closed_loop_s641_r6
Created 1 stimulus configurations
🔄 Creating fresh config for experiment 'FullVNC_DNg100_Stim' with paths template 'fly_robot'
✅ Created fresh config:
   Experiment: FullVNC_DNg100_Stim
   Version: debug
   Paths template: fly_robot
   Save dir: /Users/sakshaymahna/Documents/fly-cord-robots/data/simulation_output/FullVNC_DNg100_Stim/debug/run_id=closed_loop_s641_r0
Created 1 stimulus configurations
🔄 Creating fresh config for experiment 'FullVNC_DNg100_Stim' with paths template 'fly_robot'
✅ Created fresh config:
   Experiment: FullVNC_DNg100_Stim
   Version: debug
   Paths template: fly_robot
   Save dir: /Users/sakshaymahna/Documents/fly-cord-robots/data/simulation_output/FullVNC_DNg100_Stim/debug/run_id=closed_loop_s641_r3
Created 1 stimulus configurations
🔄 Creating fresh config for experiment 'FullVNC_DNg100_Stim' with paths template 'fly_robot'
✅ Created fresh config:
   Experiment: FullVNC_DNg100_Stim
   Version: debug
   Paths template: fly_robot
   Save dir: /Users/sakshaymahna/Documents/fly-cord-robots/data/simulation_output/FullVNC_DNg100_Stim/debug/run_id=closed_loop_s641_r1
Created 1 stimulus configurations
🔄 Creating fresh config for experiment 'FullVNC_DNg100_Stim' with paths template 'fly_robot'
✅ Created fresh config:
   Experiment: FullVNC_DNg100_Stim
   Version: debug
   Paths template: fly_robot
   Save dir: /Users/sakshaymahna/Documents/fly-cord-robots/data/simulation_output/FullVNC_DNg100_Stim/debug/run_id=closed_loop_s641_r4
Created 1 stimulus configurations
🔄 Creating fresh config for experiment 'FullVNC_DNg100_Stim' with paths template 'fly_robot'
✅ Created fresh config:
   Experiment: FullVNC_DNg100_Stim
   Version: debug
   Paths template: fly_robot
   Save dir: /Users/sakshaymahna/Documents/fly-cord-robots/data/simulation_output/FullVNC_DNg100_Stim/debug/run_id=closed_loop_s641_r3
Created 1 stimulus configurations
🔄 Creating fresh config for experiment 'FullVNC_DNg100_Stim' with paths template 'fly_robot'
✅ Created fresh config:
   Experiment: FullVNC_DNg100_Stim
   Version: debug
   Paths template: fly_robot
   Save dir: /Users/sakshaymahna/Documents/fly-cord-robots/data/simulation_output/FullVNC_DNg100_Stim/debug/run_id=closed_loop_s641_r6
Created 1 stimulus configurations
🔄 Creating fresh config for experiment 'FullVNC_DNg100_Stim' with paths template 'fly_robot'
✅ Created fresh config:
   Experiment: FullVNC_DNg100_Stim
   Version: debug
   Paths template: fly_robot
   Save dir: /Users/sakshaymahna/Documents/fly-cord-robots/data/simulation_output/FullVNC_DNg100_Stim/debug/run_id=closed_loop_s641_r4
Created 1 stimulus configurations
🔄 Creating fresh config for experiment 'FullVNC_DNg100_Stim' with paths template 'fly_robot'
✅ Created fresh config:
   Experiment: FullVNC_DNg100_Stim
   Version: debug
   Paths template: fly_robot
   Save dir: /Users/sakshaymahna/Documents/fly-cord-robots/data/simulation_output/FullVNC_DNg100_Stim/debug/run_id=closed_loop_s641_r4
Created 1 stimulus configurations
🔄 Creating fresh config for experiment 'FullVNC_DNg100_Stim' with paths template 'fly_robot'
✅ Created fresh config:
   Experiment: FullVNC_DNg100_Stim
   Version: debug
   Paths template: fly_robot
   Save dir: /Users/sakshaymahna/Documents/fly-cord-robots/data/simulation_output/FullVNC_DNg100_Stim/debug/run_id=closed_loop_s641_r6
Created 1 stimulus configurations
🔄 Creating fresh config for experiment 'FullVNC_DNg100_Stim' with paths template 'fly_robot'
✅ Created fresh config:
   Experiment: FullVNC_DNg100_Stim
   Version: debug
   Paths template: fly_robot
   Save dir: /Users/sakshaymahna/Documents/fly-cord-robots/data/simulation_output/FullVNC_DNg100_Stim/debug/run_id=closed_loop_s641_r1
Created 1 stimulus configurations
🔄 Creating fresh config for experiment 'FullVNC_DNg100_Stim' with paths template 'fly_robot'
✅ Created fresh config:
   Experiment: FullVNC_DNg100_Stim
   Version: debug
   Paths template: fly_robot
   Save dir: /Users/sakshaymahna/Documents/fly-cord-robots/data/simulation_output/FullVNC_DNg100_Stim/debug/run_id=closed_loop_s641_r0
Created 1 stimulus configurations
🔄 Creating fresh config for experiment 'FullVNC_DNg100_Stim' with paths template 'fly_robot'
✅ Created fresh config:
   Experiment: FullVNC_DNg100_Stim
   Version: debug
   Paths template: fly_robot
   Save dir: /Users/sakshaymahna/Documents/fly-cord-robots/data/simulation_output/FullVNC_DNg100_Stim/debug/run_id=closed_loop_s641_r4
Created 1 stimulus configurations
🔄 Creating fresh config for experiment 'FullVNC_DNg100_Stim' with paths template 'fly_robot'
✅ Created fresh config:
   Experiment: FullVNC_DNg100_Stim
   Version: debug
   Paths template: fly_robot
   Save dir: /Users/sakshaymahna/Documents/fly-cord-robots/data/simulation_output/FullVNC_DNg100_Stim/debug/run_id=closed_loop_s641_r7
Created 1 stimulus configurations
🔄 Creating fresh config for experiment 'FullVNC_DNg100_Stim' with paths template 'fly_robot'
✅ Created fresh config:
   Experiment: FullVNC_DNg100_Stim
   Version: debug
   Paths template: fly_robot
   Save dir: /Users/sakshaymahna/Documents/fly-cord-robots/data/simulation_output/FullVNC_DNg100_Stim/debug/run_id=closed_loop_s641_r3
Created 1 stimulus configurations
🔄 Creating fresh config for experiment 'FullVNC_DNg100_Stim' with paths template 'fly_robot'
✅ Created fresh config:
   Experiment: FullVNC_DNg100_Stim
   Version: debug
   Paths template: fly_robot
   Save dir: /Users/sakshaymahna/Documents/fly-cord-robots/data/simulation_output/FullVNC_DNg100_Stim/debug/run_id=closed_loop_s641_r6
Created 1 stimulus configurations
🔄 Creating fresh config for experiment 'FullVNC_DNg100_Stim' with paths template 'fly_robot'
✅ Created fresh config:
   Experiment: FullVNC_DNg100_Stim
   Version: debug
   Paths template: fly_robot
   Save dir: /Users/sakshaymahna/Documents/fly-cord-robots/data/simulation_output/FullVNC_DNg100_Stim/debug/run_id=closed_loop_s641_r7
Created 1 stimulus configurations
🔄 Creating fresh config for experiment 'FullVNC_DNg100_Stim' with paths template 'fly_robot'
✅ Created fresh config:
   Experiment: FullVNC_DNg100_Stim
   Version: debug
   Paths template: fly_robot
   Save dir: /Users/sakshaymahna/Documents/fly-cord-robots/data/simulation_output/FullVNC_DNg100_Stim/debug/run_id=closed_loop_s641_r3
Created 1 stimulus configurations
🔄 Creating fresh config for experiment 'FullVNC_DNg100_Stim' with paths template 'fly_robot'
✅ Created fresh config:
   Experiment: FullVNC_DNg100_Stim
   Version: debug
   Paths template: fly_robot
   Save dir: /Users/sakshaymahna/Documents/fly-cord-robots/data/simulation_output/FullVNC_DNg100_Stim/debug/run_id=closed_loop_s641_r4
Created 1 stimulus configurations
🔄 Creating fresh config for experiment 'FullVNC_DNg100_Stim' with paths template 'fly_robot'
✅ Created fresh config:
   Experiment: FullVNC_DNg100_Stim
   Version: debug
   Paths template: fly_robot
   Save dir: /Users/sakshaymahna/Documents/fly-cord-robots/data/simulation_output/FullVNC_DNg100_Stim/debug/run_id=closed_loop_s641_r7
Created 1 stimulus configurations
🔄 Creating fresh config for experiment 'FullVNC_DNg100_Stim' with paths template 'fly_robot'
✅ Created fresh config:
   Experiment: FullVNC_DNg100_Stim
   Version: debug
   Paths template: fly_robot
   Save dir: /Users/sakshaymahna/Documents/fly-cord-robots/data/simulation_output/FullVNC_DNg100_Stim/debug/run_id=closed_loop_s641_r1
Created 1 stimulus configurations
🔄 Creating fresh config for experiment 'FullVNC_DNg100_Stim' with paths template 'fly_robot'
✅ Created fresh config:
   Experiment: FullVNC_DNg100_Stim
   Version: debug
   Paths template: fly_robot
   Save dir: /Users/sakshaymahna/Documents/fly-cord-robots/data/simulation_output/FullVNC_DNg100_Stim/debug/run_id=closed_loop_s641_r4
Created 1 stimulus configurations
🔄 Creating fresh config for experiment 'FullVNC_DNg100_Stim' with paths template 'fly_robot'
✅ Created fresh config:
   Experiment: FullVNC_DNg100_Stim
   Version: debug
   Paths template: fly_robot
   Save dir: /Users/sakshaymahna/Documents/fly-cord-robots/data/simulation_output/FullVNC_DNg100_Stim/debug/run_id=closed_loop_s641_r6
Created 1 stimulus configurations
🔄 Creating fresh config for experiment 'FullVNC_DNg100_Stim' with paths template 'fly_robot'
✅ Created fresh config:
   Experiment: FullVNC_DNg100_Stim
   Version: debug
   Paths template: fly_robot
   Save dir: /Users/sakshaymahna/Documents/fly-cord-robots/data/simulation_output/FullVNC_DNg100_Stim/debug/run_id=closed_loop_s641_r0
Created 1 stimulus configurations
🔄 Creating fresh config for experiment 'FullVNC_DNg100_Stim' with paths template 'fly_robot'
✅ Created fresh config:
   Experiment: FullVNC_DNg100_Stim
   Version: debug
   Paths template: fly_robot
   Save dir: /Users/sakshaymahna/Documents/fly-cord-robots/data/simulation_output/FullVNC_DNg100_Stim/debug/run_id=closed_loop_s641_r3
Created 1 stimulus configurations
🔄 Creating fresh config for experiment 'FullVNC_DNg100_Stim' with paths template 'fly_robot'
✅ Created fresh config:
   Experiment: FullVNC_DNg100_Stim
   Version: debug
   Paths template: fly_robot
   Save dir: /Users/sakshaymahna/Documents/fly-cord-robots/data/simulation_output/FullVNC_DNg100_Stim/debug/run_id=closed_loop_s641_r1
Created 1 stimulus configurations
🔄 Creating fresh config for experiment 'FullVNC_DNg100_Stim' with paths template 'fly_robot'
✅ Created fresh config:
   Experiment: FullVNC_DNg100_Stim
   Version: debug
   Paths template: fly_robot
   Save dir: /Users/sakshaymahna/Documents/fly-cord-robots/data/simulation_output/FullVNC_DNg100_Stim/debug/run_id=closed_loop_s641_r4
Created 1 stimulus configurations
🔄 Creating fresh config for experiment 'FullVNC_DNg100_Stim' with paths template 'fly_robot'
✅ Created fresh config:
   Experiment: FullVNC_DNg100_Stim
   Version: debug
   Paths template: fly_robot
   Save dir: /Users/sakshaymahna/Documents/fly-cord-robots/data/simulation_output/FullVNC_DNg100_Stim/debug/run_id=closed_loop_s641_r3
Created 1 stimulus configurations
🔄 Creating fresh config for experiment 'FullVNC_DNg100_Stim' with paths template 'fly_robot'
✅ Created fresh config:
   Experiment: FullVNC_DNg100_Stim
   Version: debug
   Paths template: fly_robot
   Save dir: /Users/sakshaymahna/Documents/fly-cord-robots/data/simulation_output/FullVNC_DNg100_Stim/debug/run_id=closed_loop_s641_r6
Created 1 stimulus configurations
🔄 Creating fresh config for experiment 'FullVNC_DNg100_Stim' with paths template 'fly_robot'
✅ Created fresh config:
   Experiment: FullVNC_DNg100_Stim
   Version: debug
   Paths template: fly_robot
   Save dir: /Users/sakshaymahna/Documents/fly-cord-robots/data/simulation_output/FullVNC_DNg100_Stim/debug/run_id=closed_loop_s641_r4
Created 1 stimulus configurationsgen   40  best=+0.2814 med=+0.1987  sigma=0.346  sat=0.09  121s
gen   41  best=+0.3395 med=+0.2239  sigma=0.340  sat=0.16  125s
gen   42  best=+0.2742 med=+0.0883  sigma=0.334  sat=0.22  104s
gen   43  best=+0.3307 med=+0.2558  sigma=0.330  sat=0.12  123s
gen   44  best=+0.2706 med=+0.1466  sigma=0.329  sat=0.12  145s
gen   45  best=+0.2990 med=-1.6571  sigma=0.328  sat=0.34  166s
gen   46  best=+0.3404 med=+0.2390  sigma=0.327  sat=0.16  141s
gen   47  best=+0.2845 med=+0.1562  sigma=0.325  sat=0.31  156s
gen   48  best=+0.3286 med=+0.2973  sigma=0.325  sat=0.12  111s
gen   49  best=+0.3014 med=+0.0891  sigma=0.324  sat=0.06  82s
gen   50  best=+0.2929 med=+0.1464  sigma=0.321  sat=0.12  103s
gen   51  best=+0.3322 med=+0.0842  sigma=0.319  sat=0.28  108s
gen   52  best=+0.2574 med=+0.1102  sigma=0.320  sat=0.34  159s
gen   53  best=+0.2656 med=+0.1484  sigma=0.320  sat=0.06  119s

🔄 Creating fresh config for experiment 'FullVNC_DNg100_Stim' with paths template 'fly_robot'
✅ Created fresh config:
   Experiment: FullVNC_DNg100_Stim
   Version: debug
   Paths template: fly_robot
   Save dir: /Users/sakshaymahna/Documents/fly-cord-robots/data/simulation_output/FullVNC_DNg100_Stim/debug/run_id=closed_loop_s641_r0
Created 1 stimulus configurations
🔄 Creating fresh config for experiment 'FullVNC_DNg100_Stim' with paths template 'fly_robot'
✅ Created fresh config:
   Experiment: FullVNC_DNg100_Stim
   Version: debug
   Paths template: fly_robot
   Save dir: /Users/sakshaymahna/Documents/fly-cord-robots/data/simulation_output/FullVNC_DNg100_Stim/debug/run_id=closed_loop_s641_r6
Created 1 stimulus configurations
🔄 Creating fresh config for experiment 'FullVNC_DNg100_Stim' with paths template 'fly_robot'
✅ Created fresh config:
   Experiment: FullVNC_DNg100_Stim
   Version: debug
   Paths template: fly_robot
   Save dir: /Users/sakshaymahna/Documents/fly-cord-robots/data/simulation_output/FullVNC_DNg100_Stim/debug/run_id=closed_loop_s641_r4
Created 1 stimulus configurations
🔄 Creating fresh config for experiment 'FullVNC_DNg100_Stim' with paths template 'fly_robot'
✅ Created fresh config:
   Experiment: FullVNC_DNg100_Stim
   Version: debug
   Paths template: fly_robot
   Save dir: /Users/sakshaymahna/Documents/fly-cord-robots/data/simulation_output/FullVNC_DNg100_Stim/debug/run_id=closed_loop_s641_r0
Created 1 stimulus configurations
🔄 Creating fresh config for experiment 'FullVNC_DNg100_Stim' with paths template 'fly_robot'
✅ Created fresh config:
   Experiment: FullVNC_DNg100_Stim
   Version: debug
   Paths template: fly_robot
   Save dir: /Users/sakshaymahna/Documents/fly-cord-robots/data/simulation_output/FullVNC_DNg100_Stim/debug/run_id=closed_loop_s641_r1
Created 1 stimulus configurations
🔄 Creating fresh config for experiment 'FullVNC_DNg100_Stim' with paths template 'fly_robot'
✅ Created fresh config:
   Experiment: FullVNC_DNg100_Stim
   Version: debug
   Paths template: fly_robot
   Save dir: /Users/sakshaymahna/Documents/fly-cord-robots/data/simulation_output/FullVNC_DNg100_Stim/debug/run_id=closed_loop_s641_r6
Created 1 stimulus configurations
🔄 Creating fresh config for experiment 'FullVNC_DNg100_Stim' with paths template 'fly_robot'
✅ Created fresh config:
   Experiment: FullVNC_DNg100_Stim
   Version: debug
   Paths template: fly_robot
   Save dir: /Users/sakshaymahna/Documents/fly-cord-robots/data/simulation_output/FullVNC_DNg100_Stim/debug/run_id=closed_loop_s641_r7
Created 1 stimulus configurations
🔄 Creating fresh config for experiment 'FullVNC_DNg100_Stim' with paths template 'fly_robot'
✅ Created fresh config:
   Experiment: FullVNC_DNg100_Stim
   Version: debug
   Paths template: fly_robot
   Save dir: /Users/sakshaymahna/Documents/fly-cord-robots/data/simulation_output/FullVNC_DNg100_Stim/debug/run_id=closed_loop_s641_r4
Created 1 stimulus configurations
🔄 Creating fresh config for experiment 'FullVNC_DNg100_Stim' with paths template 'fly_robot'
✅ Created fresh config:
   Experiment: FullVNC_DNg100_Stim
   Version: debug
   Paths template: fly_robot
   Save dir: /Users/sakshaymahna/Documents/fly-cord-robots/data/simulation_output/FullVNC_DNg100_Stim/debug/run_id=closed_loop_s641_r1
Created 1 stimulus configurations
🔄 Creating fresh config for experiment 'FullVNC_DNg100_Stim' with paths template 'fly_robot'
✅ Created fresh config:
   Experiment: FullVNC_DNg100_Stim
   Version: debug
   Paths template: fly_robot
   Save dir: /Users/sakshaymahna/Documents/fly-cord-robots/data/simulation_output/FullVNC_DNg100_Stim/debug/run_id=closed_loop_s641_r7
Created 1 stimulus configurations
🔄 Creating fresh config for experiment 'FullVNC_DNg100_Stim' with paths template 'fly_robot'
✅ Created fresh config:
   Experiment: FullVNC_DNg100_Stim
   Version: debug
   Paths template: fly_robot
   Save dir: /Users/sakshaymahna/Documents/fly-cord-robots/data/simulation_output/FullVNC_DNg100_Stim/debug/run_id=closed_loop_s641_r6
Created 1 stimulus configurations
🔄 Creating fresh config for experiment 'FullVNC_DNg100_Stim' with paths template 'fly_robot'
✅ Created fresh config:
   Experiment: FullVNC_DNg100_Stim
   Version: debug
   Paths template: fly_robot
   Save dir: /Users/sakshaymahna/Documents/fly-cord-robots/data/simulation_output/FullVNC_DNg100_Stim/debug/run_id=closed_loop_s641_r4
Created 1 stimulus configurations
🔄 Creating fresh config for experiment 'FullVNC_DNg100_Stim' with paths template 'fly_robot'
✅ Created fresh config:
   Experiment: FullVNC_DNg100_Stim
   Version: debug
   Paths template: fly_robot
   Save dir: /Users/sakshaymahna/Documents/fly-cord-robots/data/simulation_output/FullVNC_DNg100_Stim/debug/run_id=closed_loop_s641_r0
Created 1 stimulus configurations
🔄 Creating fresh config for experiment 'FullVNC_DNg100_Stim' with paths template 'fly_robot'
✅ Created fresh config:
   Experiment: FullVNC_DNg100_Stim
   Version: debug
   Paths template: fly_robot
   Save dir: /Users/sakshaymahna/Documents/fly-cord-robots/data/simulation_output/FullVNC_DNg100_Stim/debug/run_id=closed_loop_s641_r6
Created 1 stimulus configurations
🔄 Creating fresh config for experiment 'FullVNC_DNg100_Stim' with paths template 'fly_robot'
✅ Created fresh config:
   Experiment: FullVNC_DNg100_Stim
   Version: debug
   Paths template: fly_robot
   Save dir: /Users/sakshaymahna/Documents/fly-cord-robots/data/simulation_output/FullVNC_DNg100_Stim/debug/run_id=closed_loop_s641_r1
Created 1 stimulus configurations
🔄 Creating fresh config for experiment 'FullVNC_DNg100_Stim' with paths template 'fly_robot'
✅ Created fresh config:
   Experiment: FullVNC_DNg100_Stim
   Version: debug
   Paths template: fly_robot
   Save dir: /Users/sakshaymahna/Documents/fly-cord-robots/data/simulation_output/FullVNC_DNg100_Stim/debug/run_id=closed_loop_s641_r7
Created 1 stimulus configurations
🔄 Creating fresh config for experiment 'FullVNC_DNg100_Stim' with paths template 'fly_robot'
✅ Created fresh config:
   Experiment: FullVNC_DNg100_Stim
   Version: debug
   Paths template: fly_robot
   Save dir: /Users/sakshaymahna/Documents/fly-cord-robots/data/simulation_output/FullVNC_DNg100_Stim/debug/run_id=closed_loop_s641_r6
Created 1 stimulus configurations
🔄 Creating fresh config for experiment 'FullVNC_DNg100_Stim' with paths template 'fly_robot'
✅ Created fresh config:
   Experiment: FullVNC_DNg100_Stim
   Version: debug
   Paths template: fly_robot
   Save dir: /Users/sakshaymahna/Documents/fly-cord-robots/data/simulation_output/FullVNC_DNg100_Stim/debug/run_id=closed_loop_s641_r1
Created 1 stimulus configurations
🔄 Creating fresh config for experiment 'FullVNC_DNg100_Stim' with paths template 'fly_robot'
✅ Created fresh config:
   Experiment: FullVNC_DNg100_Stim
   Version: debug
   Paths template: fly_robot
   Save dir: /Users/sakshaymahna/Documents/fly-cord-robots/data/simulation_output/FullVNC_DNg100_Stim/debug/run_id=closed_loop_s641_r7
Created 1 stimulus configurations
🔄 Creating fresh config for experiment 'FullVNC_DNg100_Stim' with paths template 'fly_robot'
✅ Created fresh config:
   Experiment: FullVNC_DNg100_Stim
   Version: debug
   Paths template: fly_robot
   Save dir: /Users/sakshaymahna/Documents/fly-cord-robots/data/simulation_output/FullVNC_DNg100_Stim/debug/run_id=closed_loop_s641_r6
Created 1 stimulus configurations
🔄 Creating fresh config for experiment 'FullVNC_DNg100_Stim' with paths template 'fly_robot'
✅ Created fresh config:
   Experiment: FullVNC_DNg100_Stim
   Version: debug
   Paths template: fly_robot
   Save dir: /Users/sakshaymahna/Documents/fly-cord-robots/data/simulation_output/FullVNC_DNg100_Stim/debug/run_id=closed_loop_s641_r0
Created 1 stimulus configurations
🔄 Creating fresh config for experiment 'FullVNC_DNg100_Stim' with paths template 'fly_robot'
✅ Created fresh config:
   Experiment: FullVNC_DNg100_Stim
   Version: debug
   Paths template: fly_robot
   Save dir: /Users/sakshaymahna/Documents/fly-cord-robots/data/simulation_output/FullVNC_DNg100_Stim/debug/run_id=closed_loop_s641_r4
Created 1 stimulus configurations
🔄 Creating fresh config for experiment 'FullVNC_DNg100_Stim' with paths template 'fly_robot'
✅ Created fresh config:
   Experiment: FullVNC_DNg100_Stim
   Version: debug
   Paths template: fly_robot
   Save dir: /Users/sakshaymahna/Documents/fly-cord-robots/data/simulation_output/FullVNC_DNg100_Stim/debug/run_id=closed_loop_s641_r0
Created 1 stimulus configurations
🔄 Creating fresh config for experiment 'FullVNC_DNg100_Stim' with paths template 'fly_robot'
✅ Created fresh config:
   Experiment: FullVNC_DNg100_Stim
   Version: debug
   Paths template: fly_robot
   Save dir: /Users/sakshaymahna/Documents/fly-cord-robots/data/simulation_output/FullVNC_DNg100_Stim/debug/run_id=closed_loop_s641_r6
Created 1 stimulus configurations
🔄 Creating fresh config for experiment 'FullVNC_DNg100_Stim' with paths template 'fly_robot'
✅ Created fresh config:
   Experiment: FullVNC_DNg100_Stim
   Version: debug
   Paths template: fly_robot
   Save dir: /Users/sakshaymahna/Documents/fly-cord-robots/data/simulation_output/FullVNC_DNg100_Stim/debug/run_id=closed_loop_s641_r4
Created 1 stimulus configurations
🔄 Creating fresh config for experiment 'FullVNC_DNg100_Stim' with paths template 'fly_robot'
✅ Created fresh config:
   Experiment: FullVNC_DNg100_Stim
   Version: debug
   Paths template: fly_robot
   Save dir: /Users/sakshaymahna/Documents/fly-cord-robots/data/simulation_output/FullVNC_DNg100_Stim/debug/run_id=closed_loop_s641_r0
Created 1 stimulus configurations
🔄 Creating fresh config for experiment 'FullVNC_DNg100_Stim' with paths template 'fly_robot'
✅ Created fresh config:
   Experiment: FullVNC_DNg100_Stim
   Version: debug
   Paths template: fly_robot
   Save dir: /Users/sakshaymahna/Documents/fly-cord-robots/data/simulation_output/FullVNC_DNg100_Stim/debug/run_id=closed_loop_s641_r1
Created 1 stimulus configurations
🔄 Creating fresh config for experiment 'FullVNC_DNg100_Stim' with paths template 'fly_robot'
✅ Created fresh config:
   Experiment: FullVNC_DNg100_Stim
   Version: debug
   Paths template: fly_robot
   Save dir: /Users/sakshaymahna/Documents/fly-cord-robots/data/simulation_output/FullVNC_DNg100_Stim/debug/run_id=closed_loop_s641_r6
Created 1 stimulus configurations
🔄 Creating fresh config for experiment 'FullVNC_DNg100_Stim' with paths template 'fly_robot'
✅ Created fresh config:
   Experiment: FullVNC_DNg100_Stim
   Version: debug
   Paths template: fly_robot
   Save dir: /Users/sakshaymahna/Documents/fly-cord-robots/data/simulation_output/FullVNC_DNg100_Stim/debug/run_id=closed_loop_s641_r7
Created 1 stimulus configurations
🔄 Creating fresh config for experiment 'FullVNC_DNg100_Stim' with paths template 'fly_robot'
✅ Created fresh config:
   Experiment: FullVNC_DNg100_Stim
   Version: debug
   Paths template: fly_robot
   Save dir: /Users/sakshaymahna/Documents/fly-cord-robots/data/simulation_output/FullVNC_DNg100_Stim/debug/run_id=closed_loop_s641_r4
Created 1 stimulus configurations
🔄 Creating fresh config for experiment 'FullVNC_DNg100_Stim' with paths template 'fly_robot'
✅ Created fresh config:
   Experiment: FullVNC_DNg100_Stim
   Version: debug
   Paths template: fly_robot
   Save dir: /Users/sakshaymahna/Documents/fly-cord-robots/data/simulation_output/FullVNC_DNg100_Stim/debug/run_id=closed_loop_s641_r1
Created 1 stimulus configurations
🔄 Creating fresh config for experiment 'FullVNC_DNg100_Stim' with paths template 'fly_robot'
✅ Created fresh config:
   Experiment: FullVNC_DNg100_Stim
   Version: debug
   Paths template: fly_robot
   Save dir: /Users/sakshaymahna/Documents/fly-cord-robots/data/simulation_output/FullVNC_DNg100_Stim/debug/run_id=closed_loop_s641_r7
Created 1 stimulus configurations
🔄 Creating fresh config for experiment 'FullVNC_DNg100_Stim' with paths template 'fly_robot'
✅ Created fresh config:
   Experiment: FullVNC_DNg100_Stim
   Version: debug
   Paths template: fly_robot
   Save dir: /Users/sakshaymahna/Documents/fly-cord-robots/data/simulation_output/FullVNC_DNg100_Stim/debug/run_id=closed_loop_s641_r6
Created 1 stimulus configurations
🔄 Creating fresh config for experiment 'FullVNC_DNg100_Stim' with paths template 'fly_robot'
✅ Created fresh config:
   Experiment: FullVNC_DNg100_Stim
   Version: debug
   Paths template: fly_robot
   Save dir: /Users/sakshaymahna/Documents/fly-cord-robots/data/simulation_output/FullVNC_DNg100_Stim/debug/run_id=closed_loop_s641_r4
Created 1 stimulus configurations
🔄 Creating fresh config for experiment 'FullVNC_DNg100_Stim' with paths template 'fly_robot'
✅ Created fresh config:
   Experiment: FullVNC_DNg100_Stim
   Version: debug
   Paths template: fly_robot
   Save dir: /Users/sakshaymahna/Documents/fly-cord-robots/data/simulation_output/FullVNC_DNg100_Stim/debug/run_id=closed_loop_s641_r0
Created 1 stimulus configurations
🔄 Creating fresh config for experiment 'FullVNC_DNg100_Stim' with paths template 'fly_robot'
✅ Created fresh config:
   Experiment: FullVNC_DNg100_Stim
   Version: debug
   Paths template: fly_robot
   Save dir: /Users/sakshaymahna/Documents/fly-cord-robots/data/simulation_output/FullVNC_DNg100_Stim/debug/run_id=closed_loop_s641_r6
Created 1 stimulus configurations
🔄 Creating fresh config for experiment 'FullVNC_DNg100_Stim' with paths template 'fly_robot'
✅ Created fresh config:
   Experiment: FullVNC_DNg100_Stim
   Version: debug
   Paths template: fly_robot
   Save dir: /Users/sakshaymahna/Documents/fly-cord-robots/data/simulation_output/FullVNC_DNg100_Stim/debug/run_id=closed_loop_s641_r1
Created 1 stimulus configurations
🔄 Creating fresh config for experiment 'FullVNC_DNg100_Stim' with paths template 'fly_robot'
✅ Created fresh config:
   Experiment: FullVNC_DNg100_Stim
   Version: debug
   Paths template: fly_robot
   Save dir: /Users/sakshaymahna/Documents/fly-cord-robots/data/simulation_output/FullVNC_DNg100_Stim/debug/run_id=closed_loop_s641_r7
Created 1 stimulus configurations
🔄 Creating fresh config for experiment 'FullVNC_DNg100_Stim' with paths template 'fly_robot'
✅ Created fresh config:
   Experiment: FullVNC_DNg100_Stim
   Version: debug
   Paths template: fly_robot
   Save dir: /Users/sakshaymahna/Documents/fly-cord-robots/data/simulation_output/FullVNC_DNg100_Stim/debug/run_id=closed_loop_s641_r6
Created 1 stimulus configurations
🔄 Creating fresh config for experiment 'FullVNC_DNg100_Stim' with paths template 'fly_robot'
✅ Created fresh config:
   Experiment: FullVNC_DNg100_Stim
   Version: debug
   Paths template: fly_robot
   Save dir: /Users/sakshaymahna/Documents/fly-cord-robots/data/simulation_output/FullVNC_DNg100_Stim/debug/run_id=closed_loop_s641_r1
Created 1 stimulus configurations
🔄 Creating fresh config for experiment 'FullVNC_DNg100_Stim' with paths template 'fly_robot'
✅ Created fresh config:
   Experiment: FullVNC_DNg100_Stim
   Version: debug
   Paths template: fly_robot
   Save dir: /Users/sakshaymahna/Documents/fly-cord-robots/data/simulation_output/FullVNC_DNg100_Stim/debug/run_id=closed_loop_s641_r7
Created 1 stimulus configurations
🔄 Creating fresh config for experiment 'FullVNC_DNg100_Stim' with paths template 'fly_robot'
✅ Created fresh config:
   Experiment: FullVNC_DNg100_Stim
   Version: debug
   Paths template: fly_robot
   Save dir: /Users/sakshaymahna/Documents/fly-cord-robots/data/simulation_output/FullVNC_DNg100_Stim/debug/run_id=closed_loop_s641_r6
Created 1 stimulus configurations
🔄 Creating fresh config for experiment 'FullVNC_DNg100_Stim' with paths template 'fly_robot'
✅ Created fresh config:
   Experiment: FullVNC_DNg100_Stim
   Version: debug
   Paths template: fly_robot
   Save dir: /Users/sakshaymahna/Documents/fly-cord-robots/data/simulation_output/FullVNC_DNg100_Stim/debug/run_id=closed_loop_s641_r0
Created 1 stimulus configurations
🔄 Creating fresh config for experiment 'FullVNC_DNg100_Stim' with paths template 'fly_robot'
✅ Created fresh config:
   Experiment: FullVNC_DNg100_Stim
   Version: debug
   Paths template: fly_robot
   Save dir: /Users/sakshaymahna/Documents/fly-cord-robots/data/simulation_output/FullVNC_DNg100_Stim/debug/run_id=closed_loop_s641_r4
Created 1 stimulus configurations
🔄 Creating fresh config for experiment 'FullVNC_DNg100_Stim' with paths template 'fly_robot'
✅ Created fresh config:
   Experiment: FullVNC_DNg100_Stim
   Version: debug
   Paths template: fly_robot
   Save dir: /Users/sakshaymahna/Documents/fly-cord-robots/data/simulation_output/FullVNC_DNg100_Stim/debug/run_id=closed_loop_s641_r0
Created 1 stimulus configurations
🔄 Creating fresh config for experiment 'FullVNC_DNg100_Stim' with paths template 'fly_robot'
✅ Created fresh config:
   Experiment: FullVNC_DNg100_Stim
   Version: debug
   Paths template: fly_robot
   Save dir: /Users/sakshaymahna/Documents/fly-cord-robots/data/simulation_output/FullVNC_DNg100_Stim/debug/run_id=closed_loop_s641_r6
Created 1 stimulus configurations
🔄 Creating fresh config for experiment 'FullVNC_DNg100_Stim' with paths template 'fly_robot'
✅ Created fresh config:
   Experiment: FullVNC_DNg100_Stim
   Version: debug
   Paths template: fly_robot
   Save dir: /Users/sakshaymahna/Documents/fly-cord-robots/data/simulation_output/FullVNC_DNg100_Stim/debug/run_id=closed_loop_s641_r4
Created 1 stimulus configurations
🔄 Creating fresh config for experiment 'FullVNC_DNg100_Stim' with paths template 'fly_robot'
✅ Created fresh config:
   Experiment: FullVNC_DNg100_Stim
   Version: debug
   Paths template: fly_robot
   Save dir: /Users/sakshaymahna/Documents/fly-cord-robots/data/simulation_output/FullVNC_DNg100_Stim/debug/run_id=closed_loop_s641_r0
Created 1 stimulus configurations
🔄 Creating fresh config for experiment 'FullVNC_DNg100_Stim' with paths template 'fly_robot'
✅ Created fresh config:
   Experiment: FullVNC_DNg100_Stim
   Version: debug
   Paths template: fly_robot
   Save dir: /Users/sakshaymahna/Documents/fly-cord-robots/data/simulation_output/FullVNC_DNg100_Stim/debug/run_id=closed_loop_s641_r1
Created 1 stimulus configurations
🔄 Creating fresh config for experiment 'FullVNC_DNg100_Stim' with paths template 'fly_robot'
✅ Created fresh config:
   Experiment: FullVNC_DNg100_Stim
   Version: debug
   Paths template: fly_robot
   Save dir: /Users/sakshaymahna/Documents/fly-cord-robots/data/simulation_output/FullVNC_DNg100_Stim/debug/run_id=closed_loop_s641_r6
Created 1 stimulus configurations
🔄 Creating fresh config for experiment 'FullVNC_DNg100_Stim' with paths template 'fly_robot'
✅ Created fresh config:
   Experiment: FullVNC_DNg100_Stim
   Version: debug
   Paths template: fly_robot
   Save dir: /Users/sakshaymahna/Documents/fly-cord-robots/data/simulation_output/FullVNC_DNg100_Stim/debug/run_id=closed_loop_s641_r7
Created 1 stimulus configurations
🔄 Creating fresh config for experiment 'FullVNC_DNg100_Stim' with paths template 'fly_robot'
✅ Created fresh config:
   Experiment: FullVNC_DNg100_Stim
   Version: debug
   Paths template: fly_robot
   Save dir: /Users/sakshaymahna/Documents/fly-cord-robots/data/simulation_output/FullVNC_DNg100_Stim/debug/run_id=closed_loop_s641_r4
Created 1 stimulus configurations
🔄 Creating fresh config for experiment 'FullVNC_DNg100_Stim' with paths template 'fly_robot'
✅ Created fresh config:
   Experiment: FullVNC_DNg100_Stim
   Version: debug
   Paths template: fly_robot
   Save dir: /Users/sakshaymahna/Documents/fly-cord-robots/data/simulation_output/FullVNC_DNg100_Stim/debug/run_id=closed_loop_s641_r1
Created 1 stimulus configurations
🔄 Creating fresh config for experiment 'FullVNC_DNg100_Stim' with paths template 'fly_robot'
✅ Created fresh config:
   Experiment: FullVNC_DNg100_Stim
   Version: debug
   Paths template: fly_robot
   Save dir: /Users/sakshaymahna/Documents/fly-cord-robots/data/simulation_output/FullVNC_DNg100_Stim/debug/run_id=closed_loop_s641_r7
Created 1 stimulus configurations
🔄 Creating fresh config for experiment 'FullVNC_DNg100_Stim' with paths template 'fly_robot'
✅ Created fresh config:
   Experiment: FullVNC_DNg100_Stim
   Version: debug
   Paths template: fly_robot
   Save dir: /Users/sakshaymahna/Documents/fly-cord-robots/data/simulation_output/FullVNC_DNg100_Stim/debug/run_id=closed_loop_s641_r6
Created 1 stimulus configurations
🔄 Creating fresh config for experiment 'FullVNC_DNg100_Stim' with paths template 'fly_robot'
✅ Created fresh config:
   Experiment: FullVNC_DNg100_Stim
   Version: debug
   Paths template: fly_robot
   Save dir: /Users/sakshaymahna/Documents/fly-cord-robots/data/simulation_output/FullVNC_DNg100_Stim/debug/run_id=closed_loop_s641_r4
Created 1 stimulus configurations
🔄 Creating fresh config for experiment 'FullVNC_DNg100_Stim' with paths template 'fly_robot'
✅ Created fresh config:
   Experiment: FullVNC_DNg100_Stim
   Version: debug
   Paths template: fly_robot
   Save dir: /Users/sakshaymahna/Documents/fly-cord-robots/data/simulation_output/FullVNC_DNg100_Stim/debug/run_id=closed_loop_s641_r0
Created 1 stimulus configurations
🔄 Creating fresh config for experiment 'FullVNC_DNg100_Stim' with paths template 'fly_robot'
✅ Created fresh config:
   Experiment: FullVNC_DNg100_Stim
   Version: debug
   Paths template: fly_robot
   Save dir: /Users/sakshaymahna/Documents/fly-cord-robots/data/simulation_output/FullVNC_DNg100_Stim/debug/run_id=closed_loop_s641_r6
Created 1 stimulus configurations
🔄 Creating fresh config for experiment 'FullVNC_DNg100_Stim' with paths template 'fly_robot'
✅ Created fresh config:
   Experiment: FullVNC_DNg100_Stim
   Version: debug
   Paths template: fly_robot
   Save dir: /Users/sakshaymahna/Documents/fly-cord-robots/data/simulation_output/FullVNC_DNg100_Stim/debug/run_id=closed_loop_s641_r1
Created 1 stimulus configurations
🔄 Creating fresh config for experiment 'FullVNC_DNg100_Stim' with paths template 'fly_robot'
✅ Created fresh config:
   Experiment: FullVNC_DNg100_Stim
   Version: debug
   Paths template: fly_robot
   Save dir: /Users/sakshaymahna/Documents/fly-cord-robots/data/simulation_output/FullVNC_DNg100_Stim/debug/run_id=closed_loop_s641_r7
Created 1 stimulus configurations
🔄 Creating fresh config for experiment 'FullVNC_DNg100_Stim' with paths template 'fly_robot'
✅ Created fresh config:
   Experiment: FullVNC_DNg100_Stim
   Version: debug
   Paths template: fly_robot
   Save dir: /Users/sakshaymahna/Documents/fly-cord-robots/data/simulation_output/FullVNC_DNg100_Stim/debug/run_id=closed_loop_s641_r6
Created 1 stimulus configurations
🔄 Creating fresh config for experiment 'FullVNC_DNg100_Stim' with paths template 'fly_robot'
✅ Created fresh config:
   Experiment: FullVNC_DNg100_Stim
   Version: debug
   Paths template: fly_robot
   Save dir: /Users/sakshaymahna/Documents/fly-cord-robots/data/simulation_output/FullVNC_DNg100_Stim/debug/run_id=closed_loop_s641_r1
Created 1 stimulus configurations
🔄 Creating fresh config for experiment 'FullVNC_DNg100_Stim' with paths template 'fly_robot'
✅ Created fresh config:
   Experiment: FullVNC_DNg100_Stim
   Version: debug
   Paths template: fly_robot
   Save dir: /Users/sakshaymahna/Documents/fly-cord-robots/data/simulation_output/FullVNC_DNg100_Stim/debug/run_id=closed_loop_s641_r7
Created 1 stimulus configurations
🔄 Creating fresh config for experiment 'FullVNC_DNg100_Stim' with paths template 'fly_robot'
✅ Created fresh config:
   Experiment: FullVNC_DNg100_Stim
   Version: debug
   Paths template: fly_robot
   Save dir: /Users/sakshaymahna/Documents/fly-cord-robots/data/simulation_output/FullVNC_DNg100_Stim/debug/run_id=closed_loop_s641_r6
Created 1 stimulus configurations
🔄 Creating fresh config for experiment 'FullVNC_DNg100_Stim' with paths template 'fly_robot'
✅ Created fresh config:
   Experiment: FullVNC_DNg100_Stim
   Version: debug
   Paths template: fly_robot
   Save dir: /Users/sakshaymahna/Documents/fly-cord-robots/data/simulation_output/FullVNC_DNg100_Stim/debug/run_id=closed_loop_s641_r0
Created 1 stimulus configurations
🔄 Creating fresh config for experiment 'FullVNC_DNg100_Stim' with paths template 'fly_robot'
✅ Created fresh config:
   Experiment: FullVNC_DNg100_Stim
   Version: debug
   Paths template: fly_robot
   Save dir: /Users/sakshaymahna/Documents/fly-cord-robots/data/simulation_output/FullVNC_DNg100_Stim/debug/run_id=closed_loop_s641_r4
Created 1 stimulus configurations
🔄 Creating fresh config for experiment 'FullVNC_DNg100_Stim' with paths template 'fly_robot'
✅ Created fresh config:
   Experiment: FullVNC_DNg100_Stim
   Version: debug
   Paths template: fly_robot
   Save dir: /Users/sakshaymahna/Documents/fly-cord-robots/data/simulation_output/FullVNC_DNg100_Stim/debug/run_id=closed_loop_s641_r0
Created 1 stimulus configurations
🔄 Creating fresh config for experiment 'FullVNC_DNg100_Stim' with paths template 'fly_robot'
✅ Created fresh config:
   Experiment: FullVNC_DNg100_Stim
   Version: debug
   Paths template: fly_robot
   Save dir: /Users/sakshaymahna/Documents/fly-cord-robots/data/simulation_output/FullVNC_DNg100_Stim/debug/run_id=closed_loop_s641_r6
Created 1 stimulus configurations
🔄 Creating fresh config for experiment 'FullVNC_DNg100_Stim' with paths template 'fly_robot'
✅ Created fresh config:
   Experiment: FullVNC_DNg100_Stim
   Version: debug
   Paths template: fly_robot
   Save dir: /Users/sakshaymahna/Documents/fly-cord-robots/data/simulation_output/FullVNC_DNg100_Stim/debug/run_id=closed_loop_s641_r4
Created 1 stimulus configurations
🔄 Creating fresh config for experiment 'FullVNC_DNg100_Stim' with paths template 'fly_robot'
✅ Created fresh config:
   Experiment: FullVNC_DNg100_Stim
   Version: debug
   Paths template: fly_robot
   Save dir: /Users/sakshaymahna/Documents/fly-cord-robots/data/simulation_output/FullVNC_DNg100_Stim/debug/run_id=closed_loop_s641_r0
Created 1 stimulus configurations
🔄 Creating fresh config for experiment 'FullVNC_DNg100_Stim' with paths template 'fly_robot'
✅ Created fresh config:
   Experiment: FullVNC_DNg100_Stim
   Version: debug
   Paths template: fly_robot
   Save dir: /Users/sakshaymahna/Documents/fly-cord-robots/data/simulation_output/FullVNC_DNg100_Stim/debug/run_id=closed_loop_s641_r1
Created 1 stimulus configurations
🔄 Creating fresh config for experiment 'FullVNC_DNg100_Stim' with paths template 'fly_robot'
✅ Created fresh config:
   Experiment: FullVNC_DNg100_Stim
   Version: debug
   Paths template: fly_robot
   Save dir: /Users/sakshaymahna/Documents/fly-cord-robots/data/simulation_output/FullVNC_DNg100_Stim/debug/run_id=closed_loop_s641_r6
Created 1 stimulus configurations
🔄 Creating fresh config for experiment 'FullVNC_DNg100_Stim' with paths template 'fly_robot'
✅ Created fresh config:
   Experiment: FullVNC_DNg100_Stim
   Version: debug
   Paths template: fly_robot
   Save dir: /Users/sakshaymahna/Documents/fly-cord-robots/data/simulation_output/FullVNC_DNg100_Stim/debug/run_id=closed_loop_s641_r7
Created 1 stimulus configurations
🔄 Creating fresh config for experiment 'FullVNC_DNg100_Stim' with paths template 'fly_robot'
✅ Created fresh config:
   Experiment: FullVNC_DNg100_Stim
   Version: debug
   Paths template: fly_robot
   Save dir: /Users/sakshaymahna/Documents/fly-cord-robots/data/simulation_output/FullVNC_DNg100_Stim/debug/run_id=closed_loop_s641_r4
Created 1 stimulus configurations
🔄 Creating fresh config for experiment 'FullVNC_DNg100_Stim' with paths template 'fly_robot'
✅ Created fresh config:
   Experiment: FullVNC_DNg100_Stim
   Version: debug
   Paths template: fly_robot
   Save dir: /Users/sakshaymahna/Documents/fly-cord-robots/data/simulation_output/FullVNC_DNg100_Stim/debug/run_id=closed_loop_s641_r1
Created 1 stimulus configurations
🔄 Creating fresh config for experiment 'FullVNC_DNg100_Stim' with paths template 'fly_robot'
✅ Created fresh config:
   Experiment: FullVNC_DNg100_Stim
   Version: debug
   Paths template: fly_robot
   Save dir: /Users/sakshaymahna/Documents/fly-cord-robots/data/simulation_output/FullVNC_DNg100_Stim/debug/run_id=closed_loop_s641_r7
Created 1 stimulus configurations
🔄 Creating fresh config for experiment 'FullVNC_DNg100_Stim' with paths template 'fly_robot'
✅ Created fresh config:
   Experiment: FullVNC_DNg100_Stim
   Version: debug
   Paths template: fly_robot
   Save dir: /Users/sakshaymahna/Documents/fly-cord-robots/data/simulation_output/FullVNC_DNg100_Stim/debug/run_id=closed_loop_s641_r6
Created 1 stimulus configurations
🔄 Creating fresh config for experiment 'FullVNC_DNg100_Stim' with paths template 'fly_robot'
✅ Created fresh config:
   Experiment: FullVNC_DNg100_Stim
   Version: debug
   Paths template: fly_robot
   Save dir: /Users/sakshaymahna/Documents/fly-cord-robots/data/simulation_output/FullVNC_DNg100_Stim/debug/run_id=closed_loop_s641_r4
Created 1 stimulus configurations
🔄 Creating fresh config for experiment 'FullVNC_DNg100_Stim' with paths template 'fly_robot'
✅ Created fresh config:
   Experiment: FullVNC_DNg100_Stim
   Version: debug
   Paths template: fly_robot
   Save dir: /Users/sakshaymahna/Documents/fly-cord-robots/data/simulation_output/FullVNC_DNg100_Stim/debug/run_id=closed_loop_s641_r0
Created 1 stimulus configurations
🔄 Creating fresh config for experiment 'FullVNC_DNg100_Stim' with paths template 'fly_robot'
✅ Created fresh config:
   Experiment: FullVNC_DNg100_Stim
   Version: debug
   Paths template: fly_robot
   Save dir: /Users/sakshaymahna/Documents/fly-cord-robots/data/simulation_output/FullVNC_DNg100_Stim/debug/run_id=closed_loop_s641_r6
Created 1 stimulus configurations
🔄 Creating fresh config for experiment 'FullVNC_DNg100_Stim' with paths template 'fly_robot'
✅ Created fresh config:
   Experiment: FullVNC_DNg100_Stim
   Version: debug
   Paths template: fly_robot
   Save dir: /Users/sakshaymahna/Documents/fly-cord-robots/data/simulation_output/FullVNC_DNg100_Stim/debug/run_id=closed_loop_s641_r1
Created 1 stimulus configurations
🔄 Creating fresh config for experiment 'FullVNC_DNg100_Stim' with paths template 'fly_robot'
✅ Created fresh config:
   Experiment: FullVNC_DNg100_Stim
   Version: debug
   Paths template: fly_robot
   Save dir: /Users/sakshaymahna/Documents/fly-cord-robots/data/simulation_output/FullVNC_DNg100_Stim/debug/run_id=closed_loop_s641_r7
Created 1 stimulus configurations
🔄 Creating fresh config for experiment 'FullVNC_DNg100_Stim' with paths template 'fly_robot'
✅ Created fresh config:
   Experiment: FullVNC_DNg100_Stim
   Version: debug
   Paths template: fly_robot
   Save dir: /Users/sakshaymahna/Documents/fly-cord-robots/data/simulation_output/FullVNC_DNg100_Stim/debug/run_id=closed_loop_s641_r6
Created 1 stimulus configurations
🔄 Creating fresh config for experiment 'FullVNC_DNg100_Stim' with paths template 'fly_robot'
✅ Created fresh config:
   Experiment: FullVNC_DNg100_Stim
   Version: debug
   Paths template: fly_robot
   Save dir: /Users/sakshaymahna/Documents/fly-cord-robots/data/simulation_output/FullVNC_DNg100_Stim/debug/run_id=closed_loop_s641_r1
Created 1 stimulus configurations
🔄 Creating fresh config for experiment 'FullVNC_DNg100_Stim' with paths template 'fly_robot'
✅ Created fresh config:
   Experiment: FullVNC_DNg100_Stim
   Version: debug
   Paths template: fly_robot
   Save dir: /Users/sakshaymahna/Documents/fly-cord-robots/data/simulation_output/FullVNC_DNg100_Stim/debug/run_id=closed_loop_s641_r7
Created 1 stimulus configurations
🔄 Creating fresh config for experiment 'FullVNC_DNg100_Stim' with paths template 'fly_robot'
✅ Created fresh config:
   Experiment: FullVNC_DNg100_Stim
   Version: debug
   Paths template: fly_robot
   Save dir: /Users/sakshaymahna/Documents/fly-cord-robots/data/simulation_output/FullVNC_DNg100_Stim/debug/run_id=closed_loop_s641_r6
Created 1 stimulus configurations
🔄 Creating fresh config for experiment 'FullVNC_DNg100_Stim' with paths template 'fly_robot'
✅ Created fresh config:
   Experiment: FullVNC_DNg100_Stim
   Version: debug
   Paths template: fly_robot
   Save dir: /Users/sakshaymahna/Documents/fly-cord-robots/data/simulation_output/FullVNC_DNg100_Stim/debug/run_id=closed_loop_s641_r0
Created 1 stimulus configurations
🔄 Creating fresh config for experiment 'FullVNC_DNg100_Stim' with paths template 'fly_robot'
✅ Created fresh config:
   Experiment: FullVNC_DNg100_Stim
   Version: debug
   Paths template: fly_robot
   Save dir: /Users/sakshaymahna/Documents/fly-cord-robots/data/simulation_output/FullVNC_DNg100_Stim/debug/run_id=closed_loop_s641_r4
Created 1 stimulus configurations
🔄 Creating fresh config for experiment 'FullVNC_DNg100_Stim' with paths template 'fly_robot'
✅ Created fresh config:
   Experiment: FullVNC_DNg100_Stim
   Version: debug
   Paths template: fly_robot
   Save dir: /Users/sakshaymahna/Documents/fly-cord-robots/data/simulation_output/FullVNC_DNg100_Stim/debug/run_id=closed_loop_s641_r0
Created 1 stimulus configurations
🔄 Creating fresh config for experiment 'FullVNC_DNg100_Stim' with paths template 'fly_robot'
✅ Created fresh config:
   Experiment: FullVNC_DNg100_Stim
   Version: debug
   Paths template: fly_robot
   Save dir: /Users/sakshaymahna/Documents/fly-cord-robots/data/simulation_output/FullVNC_DNg100_Stim/debug/run_id=closed_loop_s641_r6
Created 1 stimulus configurations
🔄 Creating fresh config for experiment 'FullVNC_DNg100_Stim' with paths template 'fly_robot'
✅ Created fresh config:
   Experiment: FullVNC_DNg100_Stim
   Version: debug
   Paths template: fly_robot
   Save dir: /Users/sakshaymahna/Documents/fly-cord-robots/data/simulation_output/FullVNC_DNg100_Stim/debug/run_id=closed_loop_s641_r4
Created 1 stimulus configurations
🔄 Creating fresh config for experiment 'FullVNC_DNg100_Stim' with paths template 'fly_robot'
✅ Created fresh config:
   Experiment: FullVNC_DNg100_Stim
   Version: debug
   Paths template: fly_robot
   Save dir: /Users/sakshaymahna/Documents/fly-cord-robots/data/simulation_output/FullVNC_DNg100_Stim/debug/run_id=closed_loop_s641_r0
Created 1 stimulus configurations
🔄 Creating fresh config for experiment 'FullVNC_DNg100_Stim' with paths template 'fly_robot'
✅ Created fresh config:
   Experiment: FullVNC_DNg100_Stim
   Version: debug
   Paths template: fly_robot
   Save dir: /Users/sakshaymahna/Documents/fly-cord-robots/data/simulation_output/FullVNC_DNg100_Stim/debug/run_id=closed_loop_s641_r1
Created 1 stimulus configurations
🔄 Creating fresh config for experiment 'FullVNC_DNg100_Stim' with paths template 'fly_robot'
✅ Created fresh config:
   Experiment: FullVNC_DNg100_Stim
   Version: debug
   Paths template: fly_robot
   Save dir: /Users/sakshaymahna/Documents/fly-cord-robots/data/simulation_output/FullVNC_DNg100_Stim/debug/run_id=closed_loop_s641_r6
Created 1 stimulus configurations
🔄 Creating fresh config for experiment 'FullVNC_DNg100_Stim' with paths template 'fly_robot'
✅ Created fresh config:
   Experiment: FullVNC_DNg100_Stim
   Version: debug
   Paths template: fly_robot
   Save dir: /Users/sakshaymahna/Documents/fly-cord-robots/data/simulation_output/FullVNC_DNg100_Stim/debug/run_id=closed_loop_s641_r7
Created 1 stimulus configurations
🔄 Creating fresh config for experiment 'FullVNC_DNg100_Stim' with paths template 'fly_robot'
✅ Created fresh config:
   Experiment: FullVNC_DNg100_Stim
   Version: debug
   Paths template: fly_robot
   Save dir: /Users/sakshaymahna/Documents/fly-cord-robots/data/simulation_output/FullVNC_DNg100_Stim/debug/run_id=closed_loop_s641_r4
Created 1 stimulus configurations
🔄 Creating fresh config for experiment 'FullVNC_DNg100_Stim' with paths template 'fly_robot'
✅ Created fresh config:
   Experiment: FullVNC_DNg100_Stim
   Version: debug
   Paths template: fly_robot
   Save dir: /Users/sakshaymahna/Documents/fly-cord-robots/data/simulation_output/FullVNC_DNg100_Stim/debug/run_id=closed_loop_s641_r1
Created 1 stimulus configurations
🔄 Creating fresh config for experiment 'FullVNC_DNg100_Stim' with paths template 'fly_robot'
✅ Created fresh config:
   Experiment: FullVNC_DNg100_Stim
   Version: debug
   Paths template: fly_robot
   Save dir: /Users/sakshaymahna/Documents/fly-cord-robots/data/simulation_output/FullVNC_DNg100_Stim/debug/run_id=closed_loop_s641_r7
Created 1 stimulus configurations
🔄 Creating fresh config for experiment 'FullVNC_DNg100_Stim' with paths template 'fly_robot'
✅ Created fresh config:
   Experiment: FullVNC_DNg100_Stim
   Version: debug
   Paths template: fly_robot
   Save dir: /Users/sakshaymahna/Documents/fly-cord-robots/data/simulation_output/FullVNC_DNg100_Stim/debug/run_id=closed_loop_s641_r6
Created 1 stimulus configurations
🔄 Creating fresh config for experiment 'FullVNC_DNg100_Stim' with paths template 'fly_robot'
✅ Created fresh config:
   Experiment: FullVNC_DNg100_Stim
   Version: debug
   Paths template: fly_robot
   Save dir: /Users/sakshaymahna/Documents/fly-cord-robots/data/simulation_output/FullVNC_DNg100_Stim/debug/run_id=closed_loop_s641_r4
Created 1 stimulus configurations
🔄 Creating fresh config for experiment 'FullVNC_DNg100_Stim' with paths template 'fly_robot'
✅ Created fresh config:
   Experiment: FullVNC_DNg100_Stim
   Version: debug
   Paths template: fly_robot
   Save dir: /Users/sakshaymahna/Documents/fly-cord-robots/data/simulation_output/FullVNC_DNg100_Stim/debug/run_id=closed_loop_s641_r0
Created 1 stimulus configurations
🔄 Creating fresh config for experiment 'FullVNC_DNg100_Stim' with paths template 'fly_robot'
✅ Created fresh config:
   Experiment: FullVNC_DNg100_Stim
   Version: debug
   Paths template: fly_robot
   Save dir: /Users/sakshaymahna/Documents/fly-cord-robots/data/simulation_output/FullVNC_DNg100_Stim/debug/run_id=closed_loop_s641_r6
Created 1 stimulus configurations
🔄 Creating fresh config for experiment 'FullVNC_DNg100_Stim' with paths template 'fly_robot'
✅ Created fresh config:
   Experiment: FullVNC_DNg100_Stim
   Version: debug
   Paths template: fly_robot
   Save dir: /Users/sakshaymahna/Documents/fly-cord-robots/data/simulation_output/FullVNC_DNg100_Stim/debug/run_id=closed_loop_s641_r1
Created 1 stimulus configurations
🔄 Creating fresh config for experiment 'FullVNC_DNg100_Stim' with paths template 'fly_robot'
✅ Created fresh config:
   Experiment: FullVNC_DNg100_Stim
   Version: debug
   Paths template: fly_robot
   Save dir: /Users/sakshaymahna/Documents/fly-cord-robots/data/simulation_output/FullVNC_DNg100_Stim/debug/run_id=closed_loop_s641_r7
Created 1 stimulus configurations
🔄 Creating fresh config for experiment 'FullVNC_DNg100_Stim' with paths template 'fly_robot'
✅ Created fresh config:
   Experiment: FullVNC_DNg100_Stim
   Version: debug
   Paths template: fly_robot
   Save dir: /Users/sakshaymahna/Documents/fly-cord-robots/data/simulation_output/FullVNC_DNg100_Stim/debug/run_id=closed_loop_s641_r6
Created 1 stimulus configurations
🔄 Creating fresh config for experiment 'FullVNC_DNg100_Stim' with paths template 'fly_robot'
✅ Created fresh config:
   Experiment: FullVNC_DNg100_Stim
   Version: debug
   Paths template: fly_robot
   Save dir: /Users/sakshaymahna/Documents/fly-cord-robots/data/simulation_output/FullVNC_DNg100_Stim/debug/run_id=closed_loop_s641_r1
Created 1 stimulus configurations
🔄 Creating fresh config for experiment 'FullVNC_DNg100_Stim' with paths template 'fly_robot'
✅ Created fresh config:
   Experiment: FullVNC_DNg100_Stim
   Version: debug
   Paths template: fly_robot
   Save dir: /Users/sakshaymahna/Documents/fly-cord-robots/data/simulation_output/FullVNC_DNg100_Stim/debug/run_id=closed_loop_s641_r7
Created 1 stimulus configurations
🔄 Creating fresh config for experiment 'FullVNC_DNg100_Stim' with paths template 'fly_robot'
✅ Created fresh config:
   Experiment: FullVNC_DNg100_Stim
   Version: debug
   Paths template: fly_robot
   Save dir: /Users/sakshaymahna/Documents/fly-cord-robots/data/simulation_output/FullVNC_DNg100_Stim/debug/run_id=closed_loop_s641_r6
Created 1 stimulus configurations
🔄 Creating fresh config for experiment 'FullVNC_DNg100_Stim' with paths template 'fly_robot'
✅ Created fresh config:
   Experiment: FullVNC_DNg100_Stim
   Version: debug
   Paths template: fly_robot
   Save dir: /Users/sakshaymahna/Documents/fly-cord-robots/data/simulation_output/FullVNC_DNg100_Stim/debug/run_id=closed_loop_s641_r0
Created 1 stimulus configurations
🔄 Creating fresh config for experiment 'FullVNC_DNg100_Stim' with paths template 'fly_robot'
✅ Created fresh config:
   Experiment: FullVNC_DNg100_Stim
   Version: debug
   Paths template: fly_robot
   Save dir: /Users/sakshaymahna/Documents/fly-cord-robots/data/simulation_output/FullVNC_DNg100_Stim/debug/run_id=closed_loop_s641_r4
Created 1 stimulus configurations
🔄 Creating fresh config for experiment 'FullVNC_DNg100_Stim' with paths template 'fly_robot'
✅ Created fresh config:
   Experiment: FullVNC_DNg100_Stim
   Version: debug
   Paths template: fly_robot
   Save dir: /Users/sakshaymahna/Documents/fly-cord-robots/data/simulation_output/FullVNC_DNg100_Stim/debug/run_id=closed_loop_s641_r0
Created 1 stimulus configurations
🔄 Creating fresh config for experiment 'FullVNC_DNg100_Stim' with paths template 'fly_robot'
✅ Created fresh config:
   Experiment: FullVNC_DNg100_Stim
   Version: debug
   Paths template: fly_robot
   Save dir: /Users/sakshaymahna/Documents/fly-cord-robots/data/simulation_output/FullVNC_DNg100_Stim/debug/run_id=closed_loop_s641_r6
Created 1 stimulus configurations
🔄 Creating fresh config for experiment 'FullVNC_DNg100_Stim' with paths template 'fly_robot'
✅ Created fresh config:
   Experiment: FullVNC_DNg100_Stim
   Version: debug
   Paths template: fly_robot
   Save dir: /Users/sakshaymahna/Documents/fly-cord-robots/data/simulation_output/FullVNC_DNg100_Stim/debug/run_id=closed_loop_s641_r4
Created 1 stimulus configurations
🔄 Creating fresh config for experiment 'FullVNC_DNg100_Stim' with paths template 'fly_robot'
✅ Created fresh config:
   Experiment: FullVNC_DNg100_Stim
   Version: debug
   Paths template: fly_robot
   Save dir: /Users/sakshaymahna/Documents/fly-cord-robots/data/simulation_output/FullVNC_DNg100_Stim/debug/run_id=closed_loop_s641_r0
Created 1 stimulus configurations
🔄 Creating fresh config for experiment 'FullVNC_DNg100_Stim' with paths template 'fly_robot'
✅ Created fresh config:
   Experiment: FullVNC_DNg100_Stim
   Version: debug
   Paths template: fly_robot
   Save dir: /Users/sakshaymahna/Documents/fly-cord-robots/data/simulation_output/FullVNC_DNg100_Stim/debug/run_id=closed_loop_s641_r1
Created 1 stimulus configurations
🔄 Creating fresh config for experiment 'FullVNC_DNg100_Stim' with paths template 'fly_robot'
✅ Created fresh config:
   Experiment: FullVNC_DNg100_Stim
   Version: debug
   Paths template: fly_robot
   Save dir: /Users/sakshaymahna/Documents/fly-cord-robots/data/simulation_output/FullVNC_DNg100_Stim/debug/run_id=closed_loop_s641_r6
Created 1 stimulus configurations
🔄 Creating fresh config for experiment 'FullVNC_DNg100_Stim' with paths template 'fly_robot'
✅ Created fresh config:
   Experiment: FullVNC_DNg100_Stim
   Version: debug
   Paths template: fly_robot
   Save dir: /Users/sakshaymahna/Documents/fly-cord-robots/data/simulation_output/FullVNC_DNg100_Stim/debug/run_id=closed_loop_s641_r7
Created 1 stimulus configurations
🔄 Creating fresh config for experiment 'FullVNC_DNg100_Stim' with paths template 'fly_robot'
✅ Created fresh config:
   Experiment: FullVNC_DNg100_Stim
   Version: debug
   Paths template: fly_robot
   Save dir: /Users/sakshaymahna/Documents/fly-cord-robots/data/simulation_output/FullVNC_DNg100_Stim/debug/run_id=closed_loop_s641_r4
Created 1 stimulus configurations
🔄 Creating fresh config for experiment 'FullVNC_DNg100_Stim' with paths template 'fly_robot'
✅ Created fresh config:
   Experiment: FullVNC_DNg100_Stim
   Version: debug
   Paths template: fly_robot
   Save dir: /Users/sakshaymahna/Documents/fly-cord-robots/data/simulation_output/FullVNC_DNg100_Stim/debug/run_id=closed_loop_s641_r1
Created 1 stimulus configurations
🔄 Creating fresh config for experiment 'FullVNC_DNg100_Stim' with paths template 'fly_robot'
✅ Created fresh config:
   Experiment: FullVNC_DNg100_Stim
   Version: debug
   Paths template: fly_robot
   Save dir: /Users/sakshaymahna/Documents/fly-cord-robots/data/simulation_output/FullVNC_DNg100_Stim/debug/run_id=closed_loop_s641_r7
Created 1 stimulus configurations
🔄 Creating fresh config for experiment 'FullVNC_DNg100_Stim' with paths template 'fly_robot'
✅ Created fresh config:
   Experiment: FullVNC_DNg100_Stim
   Version: debug
   Paths template: fly_robot
   Save dir: /Users/sakshaymahna/Documents/fly-cord-robots/data/simulation_output/FullVNC_DNg100_Stim/debug/run_id=closed_loop_s641_r6
Created 1 stimulus configurations
🔄 Creating fresh config for experiment 'FullVNC_DNg100_Stim' with paths template 'fly_robot'
✅ Created fresh config:
   Experiment: FullVNC_DNg100_Stim
   Version: debug
   Paths template: fly_robot
   Save dir: /Users/sakshaymahna/Documents/fly-cord-robots/data/simulation_output/FullVNC_DNg100_Stim/debug/run_id=closed_loop_s641_r4
Created 1 stimulus configurations
🔄 Creating fresh config for experiment 'FullVNC_DNg100_Stim' with paths template 'fly_robot'
✅ Created fresh config:
   Experiment: FullVNC_DNg100_Stim
   Version: debug
   Paths template: fly_robot
   Save dir: /Users/sakshaymahna/Documents/fly-cord-robots/data/simulation_output/FullVNC_DNg100_Stim/debug/run_id=closed_loop_s641_r0
Created 1 stimulus configurations
🔄 Creating fresh config for experiment 'FullVNC_DNg100_Stim' with paths template 'fly_robot'
✅ Created fresh config:
   Experiment: FullVNC_DNg100_Stim
   Version: debug
   Paths template: fly_robot
   Save dir: /Users/sakshaymahna/Documents/fly-cord-robots/data/simulation_output/FullVNC_DNg100_Stim/debug/run_id=closed_loop_s641_r6
Created 1 stimulus configurations
🔄 Creating fresh config for experiment 'FullVNC_DNg100_Stim' with paths template 'fly_robot'
✅ Created fresh config:
   Experiment: FullVNC_DNg100_Stim
   Version: debug
   Paths template: fly_robot
   Save dir: /Users/sakshaymahna/Documents/fly-cord-robots/data/simulation_output/FullVNC_DNg100_Stim/debug/run_id=closed_loop_s641_r1
Created 1 stimulus configurations
🔄 Creating fresh config for experiment 'FullVNC_DNg100_Stim' with paths template 'fly_robot'
✅ Created fresh config:
   Experiment: FullVNC_DNg100_Stim
   Version: debug
   Paths template: fly_robot
   Save dir: /Users/sakshaymahna/Documents/fly-cord-robots/data/simulation_output/FullVNC_DNg100_Stim/debug/run_id=closed_loop_s641_r7
Created 1 stimulus configurations
🔄 Creating fresh config for experiment 'FullVNC_DNg100_Stim' with paths template 'fly_robot'
✅ Created fresh config:
   Experiment: FullVNC_DNg100_Stim
   Version: debug
   Paths template: fly_robot
   Save dir: /Users/sakshaymahna/Documents/fly-cord-robots/data/simulation_output/FullVNC_DNg100_Stim/debug/run_id=closed_loop_s641_r6
Created 1 stimulus configurations
🔄 Creating fresh config for experiment 'FullVNC_DNg100_Stim' with paths template 'fly_robot'
✅ Created fresh config:
   Experiment: FullVNC_DNg100_Stim
   Version: debug
   Paths template: fly_robot
   Save dir: /Users/sakshaymahna/Documents/fly-cord-robots/data/simulation_output/FullVNC_DNg100_Stim/debug/run_id=closed_loop_s641_r1
Created 1 stimulus configurations
🔄 Creating fresh config for experiment 'FullVNC_DNg100_Stim' with paths template 'fly_robot'
✅ Created fresh config:
   Experiment: FullVNC_DNg100_Stim
   Version: debug
   Paths template: fly_robot
   Save dir: /Users/sakshaymahna/Documents/fly-cord-robots/data/simulation_output/FullVNC_DNg100_Stim/debug/run_id=closed_loop_s641_r7
Created 1 stimulus configurations
🔄 Creating fresh config for experiment 'FullVNC_DNg100_Stim' with paths template 'fly_robot'
✅ Created fresh config:
   Experiment: FullVNC_DNg100_Stim
   Version: debug
   Paths template: fly_robot
   Save dir: /Users/sakshaymahna/Documents/fly-cord-robots/data/simulation_output/FullVNC_DNg100_Stim/debug/run_id=closed_loop_s641_r6
Created 1 stimulus configurations
🔄 Creating fresh config for experiment 'FullVNC_DNg100_Stim' with paths template 'fly_robot'
✅ Created fresh config:
   Experiment: FullVNC_DNg100_Stim
   Version: debug
   Paths template: fly_robot
   Save dir: /Users/sakshaymahna/Documents/fly-cord-robots/data/simulation_output/FullVNC_DNg100_Stim/debug/run_id=closed_loop_s641_r0
Created 1 stimulus configurations
🔄 Creating fresh config for experiment 'FullVNC_DNg100_Stim' with paths template 'fly_robot'
✅ Created fresh config:
   Experiment: FullVNC_DNg100_Stim
   Version: debug
   Paths template: fly_robot
   Save dir: /Users/sakshaymahna/Documents/fly-cord-robots/data/simulation_output/FullVNC_DNg100_Stim/debug/run_id=closed_loop_s641_r4
Created 1 stimulus configurationsgen   54  best=+0.3136 med=+0.1734  sigma=0.320  sat=0.22  153s
gen   55  best=+0.3183 med=+0.1675  sigma=0.321  sat=0.09  93s
gen   56  best=+0.2872 med=+0.1882  sigma=0.323  sat=0.19  104s
gen   57  best=+0.2861 med=+0.1188  sigma=0.325  sat=0.25  93s
gen   58  best=+0.3373 med=+0.2284  sigma=0.326  sat=0.12  128s
gen   59  best=+0.3006 med=-1.7554  sigma=0.329  sat=0.59  184s
gen   60  best=+0.3330 med=+0.2199  sigma=0.330  sat=0.38  146s
gen   61  best=+0.3082 med=+0.2329  sigma=0.331  sat=0.03  119s
gen   62  best=+0.3366 med=+0.2180  sigma=0.331  sat=0.03  114s
gen   63  best=+0.2860 med=+0.2276  sigma=0.330  sat=0.16  151s
gen   64  best=+0.3101 med=+0.1169  sigma=0.332  sat=0.19  152s
gen   65  best=+0.3021 med=+0.2508  sigma=0.333  sat=0.31  166s
gen   66  best=+0.3092 med=+0.1922  sigma=0.335  sat=0.06  117s
gen   67  best=+0.2943 med=+0.1147  sigma=0.336  sat=0.00  109s
gen   68  best=+0.2979 med=+0.1675  sigma=0.336  sat=0.06  74s

🔄 Creating fresh config for experiment 'FullVNC_DNg100_Stim' with paths template 'fly_robot'
✅ Created fresh config:
   Experiment: FullVNC_DNg100_Stim
   Version: debug
   Paths template: fly_robot
   Save dir: /Users/sakshaymahna/Documents/fly-cord-robots/data/simulation_output/FullVNC_DNg100_Stim/debug/run_id=closed_loop_s641_r1
Created 1 stimulus configurations
🔄 Creating fresh config for experiment 'FullVNC_DNg100_Stim' with paths template 'fly_robot'
✅ Created fresh config:
   Experiment: FullVNC_DNg100_Stim
   Version: debug
   Paths template: fly_robot
   Save dir: /Users/sakshaymahna/Documents/fly-cord-robots/data/simulation_output/FullVNC_DNg100_Stim/debug/run_id=closed_loop_s641_r6
Created 1 stimulus configurations
🔄 Creating fresh config for experiment 'FullVNC_DNg100_Stim' with paths template 'fly_robot'
✅ Created fresh config:
   Experiment: FullVNC_DNg100_Stim
   Version: debug
   Paths template: fly_robot
   Save dir: /Users/sakshaymahna/Documents/fly-cord-robots/data/simulation_output/FullVNC_DNg100_Stim/debug/run_id=closed_loop_s641_r3
Created 1 stimulus configurations
🔄 Creating fresh config for experiment 'FullVNC_DNg100_Stim' with paths template 'fly_robot'
✅ Created fresh config:
   Experiment: FullVNC_DNg100_Stim
   Version: debug
   Paths template: fly_robot
   Save dir: /Users/sakshaymahna/Documents/fly-cord-robots/data/simulation_output/FullVNC_DNg100_Stim/debug/run_id=closed_loop_s641_r1
Created 1 stimulus configurations
🔄 Creating fresh config for experiment 'FullVNC_DNg100_Stim' with paths template 'fly_robot'
✅ Created fresh config:
   Experiment: FullVNC_DNg100_Stim
   Version: debug
   Paths template: fly_robot
   Save dir: /Users/sakshaymahna/Documents/fly-cord-robots/data/simulation_output/FullVNC_DNg100_Stim/debug/run_id=closed_loop_s641_r6
Created 1 stimulus configurations
🔄 Creating fresh config for experiment 'FullVNC_DNg100_Stim' with paths template 'fly_robot'
✅ Created fresh config:
   Experiment: FullVNC_DNg100_Stim
   Version: debug
   Paths template: fly_robot
   Save dir: /Users/sakshaymahna/Documents/fly-cord-robots/data/simulation_output/FullVNC_DNg100_Stim/debug/run_id=closed_loop_s641_r0
Created 1 stimulus configurations
🔄 Creating fresh config for experiment 'FullVNC_DNg100_Stim' with paths template 'fly_robot'
✅ Created fresh config:
   Experiment: FullVNC_DNg100_Stim
   Version: debug
   Paths template: fly_robot
   Save dir: /Users/sakshaymahna/Documents/fly-cord-robots/data/simulation_output/FullVNC_DNg100_Stim/debug/run_id=closed_loop_s641_r4
Created 1 stimulus configurations
🔄 Creating fresh config for experiment 'FullVNC_DNg100_Stim' with paths template 'fly_robot'
✅ Created fresh config:
   Experiment: FullVNC_DNg100_Stim
   Version: debug
   Paths template: fly_robot
   Save dir: /Users/sakshaymahna/Documents/fly-cord-robots/data/simulation_output/FullVNC_DNg100_Stim/debug/run_id=closed_loop_s641_r1
Created 1 stimulus configurations
🔄 Creating fresh config for experiment 'FullVNC_DNg100_Stim' with paths template 'fly_robot'
✅ Created fresh config:
   Experiment: FullVNC_DNg100_Stim
   Version: debug
   Paths template: fly_robot
   Save dir: /Users/sakshaymahna/Documents/fly-cord-robots/data/simulation_output/FullVNC_DNg100_Stim/debug/run_id=closed_loop_s641_r0
Created 1 stimulus configurations
🔄 Creating fresh config for experiment 'FullVNC_DNg100_Stim' with paths template 'fly_robot'
✅ Created fresh config:
   Experiment: FullVNC_DNg100_Stim
   Version: debug
   Paths template: fly_robot
   Save dir: /Users/sakshaymahna/Documents/fly-cord-robots/data/simulation_output/FullVNC_DNg100_Stim/debug/run_id=closed_loop_s641_r3
Created 1 stimulus configurations
🔄 Creating fresh config for experiment 'FullVNC_DNg100_Stim' with paths template 'fly_robot'
✅ Created fresh config:
   Experiment: FullVNC_DNg100_Stim
   Version: debug
   Paths template: fly_robot
   Save dir: /Users/sakshaymahna/Documents/fly-cord-robots/data/simulation_output/FullVNC_DNg100_Stim/debug/run_id=closed_loop_s641_r1
Created 1 stimulus configurations
🔄 Creating fresh config for experiment 'FullVNC_DNg100_Stim' with paths template 'fly_robot'
✅ Created fresh config:
   Experiment: FullVNC_DNg100_Stim
   Version: debug
   Paths template: fly_robot
   Save dir: /Users/sakshaymahna/Documents/fly-cord-robots/data/simulation_output/FullVNC_DNg100_Stim/debug/run_id=closed_loop_s641_r6
Created 1 stimulus configurations
🔄 Creating fresh config for experiment 'FullVNC_DNg100_Stim' with paths template 'fly_robot'
✅ Created fresh config:
   Experiment: FullVNC_DNg100_Stim
   Version: debug
   Paths template: fly_robot
   Save dir: /Users/sakshaymahna/Documents/fly-cord-robots/data/simulation_output/FullVNC_DNg100_Stim/debug/run_id=closed_loop_s641_r3
Created 1 stimulus configurations
🔄 Creating fresh config for experiment 'FullVNC_DNg100_Stim' with paths template 'fly_robot'
✅ Created fresh config:
   Experiment: FullVNC_DNg100_Stim
   Version: debug
   Paths template: fly_robot
   Save dir: /Users/sakshaymahna/Documents/fly-cord-robots/data/simulation_output/FullVNC_DNg100_Stim/debug/run_id=closed_loop_s641_r1
Created 1 stimulus configurations
🔄 Creating fresh config for experiment 'FullVNC_DNg100_Stim' with paths template 'fly_robot'
✅ Created fresh config:
   Experiment: FullVNC_DNg100_Stim
   Version: debug
   Paths template: fly_robot
   Save dir: /Users/sakshaymahna/Documents/fly-cord-robots/data/simulation_output/FullVNC_DNg100_Stim/debug/run_id=closed_loop_s641_r7
Created 1 stimulus configurations
🔄 Creating fresh config for experiment 'FullVNC_DNg100_Stim' with paths template 'fly_robot'
✅ Created fresh config:
   Experiment: FullVNC_DNg100_Stim
   Version: debug
   Paths template: fly_robot
   Save dir: /Users/sakshaymahna/Documents/fly-cord-robots/data/simulation_output/FullVNC_DNg100_Stim/debug/run_id=closed_loop_s641_r4
Created 1 stimulus configurations
🔄 Creating fresh config for experiment 'FullVNC_DNg100_Stim' with paths template 'fly_robot'
✅ Created fresh config:
   Experiment: FullVNC_DNg100_Stim
   Version: debug
   Paths template: fly_robot
   Save dir: /Users/sakshaymahna/Documents/fly-cord-robots/data/simulation_output/FullVNC_DNg100_Stim/debug/run_id=closed_loop_s641_r6
Created 1 stimulus configurations
🔄 Creating fresh config for experiment 'FullVNC_DNg100_Stim' with paths template 'fly_robot'
✅ Created fresh config:
   Experiment: FullVNC_DNg100_Stim
   Version: debug
   Paths template: fly_robot
   Save dir: /Users/sakshaymahna/Documents/fly-cord-robots/data/simulation_output/FullVNC_DNg100_Stim/debug/run_id=closed_loop_s641_r0
Created 1 stimulus configurations
🔄 Creating fresh config for experiment 'FullVNC_DNg100_Stim' with paths template 'fly_robot'
✅ Created fresh config:
   Experiment: FullVNC_DNg100_Stim
   Version: debug
   Paths template: fly_robot
   Save dir: /Users/sakshaymahna/Documents/fly-cord-robots/data/simulation_output/FullVNC_DNg100_Stim/debug/run_id=closed_loop_s641_r7
Created 1 stimulus configurations
🔄 Creating fresh config for experiment 'FullVNC_DNg100_Stim' with paths template 'fly_robot'
✅ Created fresh config:
   Experiment: FullVNC_DNg100_Stim
   Version: debug
   Paths template: fly_robot
   Save dir: /Users/sakshaymahna/Documents/fly-cord-robots/data/simulation_output/FullVNC_DNg100_Stim/debug/run_id=closed_loop_s641_r6
Created 1 stimulus configurations
🔄 Creating fresh config for experiment 'FullVNC_DNg100_Stim' with paths template 'fly_robot'
✅ Created fresh config:
   Experiment: FullVNC_DNg100_Stim
   Version: debug
   Paths template: fly_robot
   Save dir: /Users/sakshaymahna/Documents/fly-cord-robots/data/simulation_output/FullVNC_DNg100_Stim/debug/run_id=closed_loop_s641_r0
Created 1 stimulus configurations
🔄 Creating fresh config for experiment 'FullVNC_DNg100_Stim' with paths template 'fly_robot'
✅ Created fresh config:
   Experiment: FullVNC_DNg100_Stim
   Version: debug
   Paths template: fly_robot
   Save dir: /Users/sakshaymahna/Documents/fly-cord-robots/data/simulation_output/FullVNC_DNg100_Stim/debug/run_id=closed_loop_s641_r1
Created 1 stimulus configurations
🔄 Creating fresh config for experiment 'FullVNC_DNg100_Stim' with paths template 'fly_robot'
✅ Created fresh config:
   Experiment: FullVNC_DNg100_Stim
   Version: debug
   Paths template: fly_robot
   Save dir: /Users/sakshaymahna/Documents/fly-cord-robots/data/simulation_output/FullVNC_DNg100_Stim/debug/run_id=closed_loop_s641_r1
Created 1 stimulus configurations
🔄 Creating fresh config for experiment 'FullVNC_DNg100_Stim' with paths template 'fly_robot'
✅ Created fresh config:
   Experiment: FullVNC_DNg100_Stim
   Version: debug
   Paths template: fly_robot
   Save dir: /Users/sakshaymahna/Documents/fly-cord-robots/data/simulation_output/FullVNC_DNg100_Stim/debug/run_id=closed_loop_s641_r6
Created 1 stimulus configurations
🔄 Creating fresh config for experiment 'FullVNC_DNg100_Stim' with paths template 'fly_robot'
✅ Created fresh config:
   Experiment: FullVNC_DNg100_Stim
   Version: debug
   Paths template: fly_robot
   Save dir: /Users/sakshaymahna/Documents/fly-cord-robots/data/simulation_output/FullVNC_DNg100_Stim/debug/run_id=closed_loop_s641_r3
Created 1 stimulus configurations
🔄 Creating fresh config for experiment 'FullVNC_DNg100_Stim' with paths template 'fly_robot'
✅ Created fresh config:
   Experiment: FullVNC_DNg100_Stim
   Version: debug
   Paths template: fly_robot
   Save dir: /Users/sakshaymahna/Documents/fly-cord-robots/data/simulation_output/FullVNC_DNg100_Stim/debug/run_id=closed_loop_s641_r1
Created 1 stimulus configurations
🔄 Creating fresh config for experiment 'FullVNC_DNg100_Stim' with paths template 'fly_robot'
✅ Created fresh config:
   Experiment: FullVNC_DNg100_Stim
   Version: debug
   Paths template: fly_robot
   Save dir: /Users/sakshaymahna/Documents/fly-cord-robots/data/simulation_output/FullVNC_DNg100_Stim/debug/run_id=closed_loop_s641_r6
Created 1 stimulus configurations
🔄 Creating fresh config for experiment 'FullVNC_DNg100_Stim' with paths template 'fly_robot'
✅ Created fresh config:
   Experiment: FullVNC_DNg100_Stim
   Version: debug
   Paths template: fly_robot
   Save dir: /Users/sakshaymahna/Documents/fly-cord-robots/data/simulation_output/FullVNC_DNg100_Stim/debug/run_id=closed_loop_s641_r0
Created 1 stimulus configurations
🔄 Creating fresh config for experiment 'FullVNC_DNg100_Stim' with paths template 'fly_robot'
✅ Created fresh config:
   Experiment: FullVNC_DNg100_Stim
   Version: debug
   Paths template: fly_robot
   Save dir: /Users/sakshaymahna/Documents/fly-cord-robots/data/simulation_output/FullVNC_DNg100_Stim/debug/run_id=closed_loop_s641_r4
Created 1 stimulus configurations
🔄 Creating fresh config for experiment 'FullVNC_DNg100_Stim' with paths template 'fly_robot'
✅ Created fresh config:
   Experiment: FullVNC_DNg100_Stim
   Version: debug
   Paths template: fly_robot
   Save dir: /Users/sakshaymahna/Documents/fly-cord-robots/data/simulation_output/FullVNC_DNg100_Stim/debug/run_id=closed_loop_s641_r1
Created 1 stimulus configurations
🔄 Creating fresh config for experiment 'FullVNC_DNg100_Stim' with paths template 'fly_robot'
✅ Created fresh config:
   Experiment: FullVNC_DNg100_Stim
   Version: debug
   Paths template: fly_robot
   Save dir: /Users/sakshaymahna/Documents/fly-cord-robots/data/simulation_output/FullVNC_DNg100_Stim/debug/run_id=closed_loop_s641_r0
Created 1 stimulus configurations
🔄 Creating fresh config for experiment 'FullVNC_DNg100_Stim' with paths template 'fly_robot'
✅ Created fresh config:
   Experiment: FullVNC_DNg100_Stim
   Version: debug
   Paths template: fly_robot
   Save dir: /Users/sakshaymahna/Documents/fly-cord-robots/data/simulation_output/FullVNC_DNg100_Stim/debug/run_id=closed_loop_s641_r3
Created 1 stimulus configurations
🔄 Creating fresh config for experiment 'FullVNC_DNg100_Stim' with paths template 'fly_robot'
✅ Created fresh config:
   Experiment: FullVNC_DNg100_Stim
   Version: debug
   Paths template: fly_robot
   Save dir: /Users/sakshaymahna/Documents/fly-cord-robots/data/simulation_output/FullVNC_DNg100_Stim/debug/run_id=closed_loop_s641_r1
Created 1 stimulus configurations
🔄 Creating fresh config for experiment 'FullVNC_DNg100_Stim' with paths template 'fly_robot'
✅ Created fresh config:
   Experiment: FullVNC_DNg100_Stim
   Version: debug
   Paths template: fly_robot
   Save dir: /Users/sakshaymahna/Documents/fly-cord-robots/data/simulation_output/FullVNC_DNg100_Stim/debug/run_id=closed_loop_s641_r6
Created 1 stimulus configurations
🔄 Creating fresh config for experiment 'FullVNC_DNg100_Stim' with paths template 'fly_robot'
✅ Created fresh config:
   Experiment: FullVNC_DNg100_Stim
   Version: debug
   Paths template: fly_robot
   Save dir: /Users/sakshaymahna/Documents/fly-cord-robots/data/simulation_output/FullVNC_DNg100_Stim/debug/run_id=closed_loop_s641_r3
Created 1 stimulus configurations
🔄 Creating fresh config for experiment 'FullVNC_DNg100_Stim' with paths template 'fly_robot'
✅ Created fresh config:
   Experiment: FullVNC_DNg100_Stim
   Version: debug
   Paths template: fly_robot
   Save dir: /Users/sakshaymahna/Documents/fly-cord-robots/data/simulation_output/FullVNC_DNg100_Stim/debug/run_id=closed_loop_s641_r1
Created 1 stimulus configurations
🔄 Creating fresh config for experiment 'FullVNC_DNg100_Stim' with paths template 'fly_robot'
✅ Created fresh config:
   Experiment: FullVNC_DNg100_Stim
   Version: debug
   Paths template: fly_robot
   Save dir: /Users/sakshaymahna/Documents/fly-cord-robots/data/simulation_output/FullVNC_DNg100_Stim/debug/run_id=closed_loop_s641_r7
Created 1 stimulus configurations
🔄 Creating fresh config for experiment 'FullVNC_DNg100_Stim' with paths template 'fly_robot'
✅ Created fresh config:
   Experiment: FullVNC_DNg100_Stim
   Version: debug
   Paths template: fly_robot
   Save dir: /Users/sakshaymahna/Documents/fly-cord-robots/data/simulation_output/FullVNC_DNg100_Stim/debug/run_id=closed_loop_s641_r4
Created 1 stimulus configurations
🔄 Creating fresh config for experiment 'FullVNC_DNg100_Stim' with paths template 'fly_robot'
✅ Created fresh config:
   Experiment: FullVNC_DNg100_Stim
   Version: debug
   Paths template: fly_robot
   Save dir: /Users/sakshaymahna/Documents/fly-cord-robots/data/simulation_output/FullVNC_DNg100_Stim/debug/run_id=closed_loop_s641_r6
Created 1 stimulus configurations
🔄 Creating fresh config for experiment 'FullVNC_DNg100_Stim' with paths template 'fly_robot'
✅ Created fresh config:
   Experiment: FullVNC_DNg100_Stim
   Version: debug
   Paths template: fly_robot
   Save dir: /Users/sakshaymahna/Documents/fly-cord-robots/data/simulation_output/FullVNC_DNg100_Stim/debug/run_id=closed_loop_s641_r0
Created 1 stimulus configurations
🔄 Creating fresh config for experiment 'FullVNC_DNg100_Stim' with paths template 'fly_robot'
✅ Created fresh config:
   Experiment: FullVNC_DNg100_Stim
   Version: debug
   Paths template: fly_robot
   Save dir: /Users/sakshaymahna/Documents/fly-cord-robots/data/simulation_output/FullVNC_DNg100_Stim/debug/run_id=closed_loop_s641_r7
Created 1 stimulus configurations
🔄 Creating fresh config for experiment 'FullVNC_DNg100_Stim' with paths template 'fly_robot'
✅ Created fresh config:
   Experiment: FullVNC_DNg100_Stim
   Version: debug
   Paths template: fly_robot
   Save dir: /Users/sakshaymahna/Documents/fly-cord-robots/data/simulation_output/FullVNC_DNg100_Stim/debug/run_id=closed_loop_s641_r6
Created 1 stimulus configurations
🔄 Creating fresh config for experiment 'FullVNC_DNg100_Stim' with paths template 'fly_robot'
✅ Created fresh config:
   Experiment: FullVNC_DNg100_Stim
   Version: debug
   Paths template: fly_robot
   Save dir: /Users/sakshaymahna/Documents/fly-cord-robots/data/simulation_output/FullVNC_DNg100_Stim/debug/run_id=closed_loop_s641_r0
Created 1 stimulus configurations
🔄 Creating fresh config for experiment 'FullVNC_DNg100_Stim' with paths template 'fly_robot'
✅ Created fresh config:
   Experiment: FullVNC_DNg100_Stim
   Version: debug
   Paths template: fly_robot
   Save dir: /Users/sakshaymahna/Documents/fly-cord-robots/data/simulation_output/FullVNC_DNg100_Stim/debug/run_id=closed_loop_s641_r1
Created 1 stimulus configurations
🔄 Creating fresh config for experiment 'FullVNC_DNg100_Stim' with paths template 'fly_robot'
✅ Created fresh config:
   Experiment: FullVNC_DNg100_Stim
   Version: debug
   Paths template: fly_robot
   Save dir: /Users/sakshaymahna/Documents/fly-cord-robots/data/simulation_output/FullVNC_DNg100_Stim/debug/run_id=closed_loop_s641_r1
Created 1 stimulus configurations
🔄 Creating fresh config for experiment 'FullVNC_DNg100_Stim' with paths template 'fly_robot'
✅ Created fresh config:
   Experiment: FullVNC_DNg100_Stim
   Version: debug
   Paths template: fly_robot
   Save dir: /Users/sakshaymahna/Documents/fly-cord-robots/data/simulation_output/FullVNC_DNg100_Stim/debug/run_id=closed_loop_s641_r6
Created 1 stimulus configurations
🔄 Creating fresh config for experiment 'FullVNC_DNg100_Stim' with paths template 'fly_robot'
✅ Created fresh config:
   Experiment: FullVNC_DNg100_Stim
   Version: debug
   Paths template: fly_robot
   Save dir: /Users/sakshaymahna/Documents/fly-cord-robots/data/simulation_output/FullVNC_DNg100_Stim/debug/run_id=closed_loop_s641_r3
Created 1 stimulus configurations
🔄 Creating fresh config for experiment 'FullVNC_DNg100_Stim' with paths template 'fly_robot'
✅ Created fresh config:
   Experiment: FullVNC_DNg100_Stim
   Version: debug
   Paths template: fly_robot
   Save dir: /Users/sakshaymahna/Documents/fly-cord-robots/data/simulation_output/FullVNC_DNg100_Stim/debug/run_id=closed_loop_s641_r1
Created 1 stimulus configurations
🔄 Creating fresh config for experiment 'FullVNC_DNg100_Stim' with paths template 'fly_robot'
✅ Created fresh config:
   Experiment: FullVNC_DNg100_Stim
   Version: debug
   Paths template: fly_robot
   Save dir: /Users/sakshaymahna/Documents/fly-cord-robots/data/simulation_output/FullVNC_DNg100_Stim/debug/run_id=closed_loop_s641_r6
Created 1 stimulus configurations
🔄 Creating fresh config for experiment 'FullVNC_DNg100_Stim' with paths template 'fly_robot'
✅ Created fresh config:
   Experiment: FullVNC_DNg100_Stim
   Version: debug
   Paths template: fly_robot
   Save dir: /Users/sakshaymahna/Documents/fly-cord-robots/data/simulation_output/FullVNC_DNg100_Stim/debug/run_id=closed_loop_s641_r0
Created 1 stimulus configurations
🔄 Creating fresh config for experiment 'FullVNC_DNg100_Stim' with paths template 'fly_robot'
✅ Created fresh config:
   Experiment: FullVNC_DNg100_Stim
   Version: debug
   Paths template: fly_robot
   Save dir: /Users/sakshaymahna/Documents/fly-cord-robots/data/simulation_output/FullVNC_DNg100_Stim/debug/run_id=closed_loop_s641_r4
Created 1 stimulus configurations
🔄 Creating fresh config for experiment 'FullVNC_DNg100_Stim' with paths template 'fly_robot'
✅ Created fresh config:
   Experiment: FullVNC_DNg100_Stim
   Version: debug
   Paths template: fly_robot
   Save dir: /Users/sakshaymahna/Documents/fly-cord-robots/data/simulation_output/FullVNC_DNg100_Stim/debug/run_id=closed_loop_s641_r1
Created 1 stimulus configurations
🔄 Creating fresh config for experiment 'FullVNC_DNg100_Stim' with paths template 'fly_robot'
✅ Created fresh config:
   Experiment: FullVNC_DNg100_Stim
   Version: debug
   Paths template: fly_robot
   Save dir: /Users/sakshaymahna/Documents/fly-cord-robots/data/simulation_output/FullVNC_DNg100_Stim/debug/run_id=closed_loop_s641_r0
Created 1 stimulus configurations
🔄 Creating fresh config for experiment 'FullVNC_DNg100_Stim' with paths template 'fly_robot'
✅ Created fresh config:
   Experiment: FullVNC_DNg100_Stim
   Version: debug
   Paths template: fly_robot
   Save dir: /Users/sakshaymahna/Documents/fly-cord-robots/data/simulation_output/FullVNC_DNg100_Stim/debug/run_id=closed_loop_s641_r3
Created 1 stimulus configurations
🔄 Creating fresh config for experiment 'FullVNC_DNg100_Stim' with paths template 'fly_robot'
✅ Created fresh config:
   Experiment: FullVNC_DNg100_Stim
   Version: debug
   Paths template: fly_robot
   Save dir: /Users/sakshaymahna/Documents/fly-cord-robots/data/simulation_output/FullVNC_DNg100_Stim/debug/run_id=closed_loop_s641_r1
Created 1 stimulus configurations
🔄 Creating fresh config for experiment 'FullVNC_DNg100_Stim' with paths template 'fly_robot'
✅ Created fresh config:
   Experiment: FullVNC_DNg100_Stim
   Version: debug
   Paths template: fly_robot
   Save dir: /Users/sakshaymahna/Documents/fly-cord-robots/data/simulation_output/FullVNC_DNg100_Stim/debug/run_id=closed_loop_s641_r6
Created 1 stimulus configurations
🔄 Creating fresh config for experiment 'FullVNC_DNg100_Stim' with paths template 'fly_robot'
✅ Created fresh config:
   Experiment: FullVNC_DNg100_Stim
   Version: debug
   Paths template: fly_robot
   Save dir: /Users/sakshaymahna/Documents/fly-cord-robots/data/simulation_output/FullVNC_DNg100_Stim/debug/run_id=closed_loop_s641_r3
Created 1 stimulus configurations
🔄 Creating fresh config for experiment 'FullVNC_DNg100_Stim' with paths template 'fly_robot'
✅ Created fresh config:
   Experiment: FullVNC_DNg100_Stim
   Version: debug
   Paths template: fly_robot
   Save dir: /Users/sakshaymahna/Documents/fly-cord-robots/data/simulation_output/FullVNC_DNg100_Stim/debug/run_id=closed_loop_s641_r1
Created 1 stimulus configurations
🔄 Creating fresh config for experiment 'FullVNC_DNg100_Stim' with paths template 'fly_robot'
✅ Created fresh config:
   Experiment: FullVNC_DNg100_Stim
   Version: debug
   Paths template: fly_robot
   Save dir: /Users/sakshaymahna/Documents/fly-cord-robots/data/simulation_output/FullVNC_DNg100_Stim/debug/run_id=closed_loop_s641_r7
Created 1 stimulus configurations
🔄 Creating fresh config for experiment 'FullVNC_DNg100_Stim' with paths template 'fly_robot'
✅ Created fresh config:
   Experiment: FullVNC_DNg100_Stim
   Version: debug
   Paths template: fly_robot
   Save dir: /Users/sakshaymahna/Documents/fly-cord-robots/data/simulation_output/FullVNC_DNg100_Stim/debug/run_id=closed_loop_s641_r4
Created 1 stimulus configurations
🔄 Creating fresh config for experiment 'FullVNC_DNg100_Stim' with paths template 'fly_robot'
✅ Created fresh config:
   Experiment: FullVNC_DNg100_Stim
   Version: debug
   Paths template: fly_robot
   Save dir: /Users/sakshaymahna/Documents/fly-cord-robots/data/simulation_output/FullVNC_DNg100_Stim/debug/run_id=closed_loop_s641_r6
Created 1 stimulus configurations
🔄 Creating fresh config for experiment 'FullVNC_DNg100_Stim' with paths template 'fly_robot'
✅ Created fresh config:
   Experiment: FullVNC_DNg100_Stim
   Version: debug
   Paths template: fly_robot
   Save dir: /Users/sakshaymahna/Documents/fly-cord-robots/data/simulation_output/FullVNC_DNg100_Stim/debug/run_id=closed_loop_s641_r0
Created 1 stimulus configurations
🔄 Creating fresh config for experiment 'FullVNC_DNg100_Stim' with paths template 'fly_robot'
✅ Created fresh config:
   Experiment: FullVNC_DNg100_Stim
   Version: debug
   Paths template: fly_robot
   Save dir: /Users/sakshaymahna/Documents/fly-cord-robots/data/simulation_output/FullVNC_DNg100_Stim/debug/run_id=closed_loop_s641_r7
Created 1 stimulus configurations
🔄 Creating fresh config for experiment 'FullVNC_DNg100_Stim' with paths template 'fly_robot'
✅ Created fresh config:
   Experiment: FullVNC_DNg100_Stim
   Version: debug
   Paths template: fly_robot
   Save dir: /Users/sakshaymahna/Documents/fly-cord-robots/data/simulation_output/FullVNC_DNg100_Stim/debug/run_id=closed_loop_s641_r6
Created 1 stimulus configurations
🔄 Creating fresh config for experiment 'FullVNC_DNg100_Stim' with paths template 'fly_robot'
✅ Created fresh config:
   Experiment: FullVNC_DNg100_Stim
   Version: debug
   Paths template: fly_robot
   Save dir: /Users/sakshaymahna/Documents/fly-cord-robots/data/simulation_output/FullVNC_DNg100_Stim/debug/run_id=closed_loop_s641_r0
Created 1 stimulus configurations
🔄 Creating fresh config for experiment 'FullVNC_DNg100_Stim' with paths template 'fly_robot'
✅ Created fresh config:
   Experiment: FullVNC_DNg100_Stim
   Version: debug
   Paths template: fly_robot
   Save dir: /Users/sakshaymahna/Documents/fly-cord-robots/data/simulation_output/FullVNC_DNg100_Stim/debug/run_id=closed_loop_s641_r1
Created 1 stimulus configurations
🔄 Creating fresh config for experiment 'FullVNC_DNg100_Stim' with paths template 'fly_robot'
✅ Created fresh config:
   Experiment: FullVNC_DNg100_Stim
   Version: debug
   Paths template: fly_robot
   Save dir: /Users/sakshaymahna/Documents/fly-cord-robots/data/simulation_output/FullVNC_DNg100_Stim/debug/run_id=closed_loop_s641_r1
Created 1 stimulus configurations
🔄 Creating fresh config for experiment 'FullVNC_DNg100_Stim' with paths template 'fly_robot'
✅ Created fresh config:
   Experiment: FullVNC_DNg100_Stim
   Version: debug
   Paths template: fly_robot
   Save dir: /Users/sakshaymahna/Documents/fly-cord-robots/data/simulation_output/FullVNC_DNg100_Stim/debug/run_id=closed_loop_s641_r6
Created 1 stimulus configurations
🔄 Creating fresh config for experiment 'FullVNC_DNg100_Stim' with paths template 'fly_robot'
✅ Created fresh config:
   Experiment: FullVNC_DNg100_Stim
   Version: debug
   Paths template: fly_robot
   Save dir: /Users/sakshaymahna/Documents/fly-cord-robots/data/simulation_output/FullVNC_DNg100_Stim/debug/run_id=closed_loop_s641_r3
Created 1 stimulus configurations
🔄 Creating fresh config for experiment 'FullVNC_DNg100_Stim' with paths template 'fly_robot'
✅ Created fresh config:
   Experiment: FullVNC_DNg100_Stim
   Version: debug
   Paths template: fly_robot
   Save dir: /Users/sakshaymahna/Documents/fly-cord-robots/data/simulation_output/FullVNC_DNg100_Stim/debug/run_id=closed_loop_s641_r1
Created 1 stimulus configurations
🔄 Creating fresh config for experiment 'FullVNC_DNg100_Stim' with paths template 'fly_robot'
✅ Created fresh config:
   Experiment: FullVNC_DNg100_Stim
   Version: debug
   Paths template: fly_robot
   Save dir: /Users/sakshaymahna/Documents/fly-cord-robots/data/simulation_output/FullVNC_DNg100_Stim/debug/run_id=closed_loop_s641_r6
Created 1 stimulus configurations
🔄 Creating fresh config for experiment 'FullVNC_DNg100_Stim' with paths template 'fly_robot'
✅ Created fresh config:
   Experiment: FullVNC_DNg100_Stim
   Version: debug
   Paths template: fly_robot
   Save dir: /Users/sakshaymahna/Documents/fly-cord-robots/data/simulation_output/FullVNC_DNg100_Stim/debug/run_id=closed_loop_s641_r0
Created 1 stimulus configurations
🔄 Creating fresh config for experiment 'FullVNC_DNg100_Stim' with paths template 'fly_robot'
✅ Created fresh config:
   Experiment: FullVNC_DNg100_Stim
   Version: debug
   Paths template: fly_robot
   Save dir: /Users/sakshaymahna/Documents/fly-cord-robots/data/simulation_output/FullVNC_DNg100_Stim/debug/run_id=closed_loop_s641_r4
Created 1 stimulus configurations
🔄 Creating fresh config for experiment 'FullVNC_DNg100_Stim' with paths template 'fly_robot'
✅ Created fresh config:
   Experiment: FullVNC_DNg100_Stim
   Version: debug
   Paths template: fly_robot
   Save dir: /Users/sakshaymahna/Documents/fly-cord-robots/data/simulation_output/FullVNC_DNg100_Stim/debug/run_id=closed_loop_s641_r1
Created 1 stimulus configurations
🔄 Creating fresh config for experiment 'FullVNC_DNg100_Stim' with paths template 'fly_robot'
✅ Created fresh config:
   Experiment: FullVNC_DNg100_Stim
   Version: debug
   Paths template: fly_robot
   Save dir: /Users/sakshaymahna/Documents/fly-cord-robots/data/simulation_output/FullVNC_DNg100_Stim/debug/run_id=closed_loop_s641_r0
Created 1 stimulus configurations
🔄 Creating fresh config for experiment 'FullVNC_DNg100_Stim' with paths template 'fly_robot'
✅ Created fresh config:
   Experiment: FullVNC_DNg100_Stim
   Version: debug
   Paths template: fly_robot
   Save dir: /Users/sakshaymahna/Documents/fly-cord-robots/data/simulation_output/FullVNC_DNg100_Stim/debug/run_id=closed_loop_s641_r3
Created 1 stimulus configurations
🔄 Creating fresh config for experiment 'FullVNC_DNg100_Stim' with paths template 'fly_robot'
✅ Created fresh config:
   Experiment: FullVNC_DNg100_Stim
   Version: debug
   Paths template: fly_robot
   Save dir: /Users/sakshaymahna/Documents/fly-cord-robots/data/simulation_output/FullVNC_DNg100_Stim/debug/run_id=closed_loop_s641_r1
Created 1 stimulus configurations
🔄 Creating fresh config for experiment 'FullVNC_DNg100_Stim' with paths template 'fly_robot'
✅ Created fresh config:
   Experiment: FullVNC_DNg100_Stim
   Version: debug
   Paths template: fly_robot
   Save dir: /Users/sakshaymahna/Documents/fly-cord-robots/data/simulation_output/FullVNC_DNg100_Stim/debug/run_id=closed_loop_s641_r6
Created 1 stimulus configurations
🔄 Creating fresh config for experiment 'FullVNC_DNg100_Stim' with paths template 'fly_robot'
✅ Created fresh config:
   Experiment: FullVNC_DNg100_Stim
   Version: debug
   Paths template: fly_robot
   Save dir: /Users/sakshaymahna/Documents/fly-cord-robots/data/simulation_output/FullVNC_DNg100_Stim/debug/run_id=closed_loop_s641_r3
Created 1 stimulus configurations
🔄 Creating fresh config for experiment 'FullVNC_DNg100_Stim' with paths template 'fly_robot'
✅ Created fresh config:
   Experiment: FullVNC_DNg100_Stim
   Version: debug
   Paths template: fly_robot
   Save dir: /Users/sakshaymahna/Documents/fly-cord-robots/data/simulation_output/FullVNC_DNg100_Stim/debug/run_id=closed_loop_s641_r1
Created 1 stimulus configurations
🔄 Creating fresh config for experiment 'FullVNC_DNg100_Stim' with paths template 'fly_robot'
✅ Created fresh config:
   Experiment: FullVNC_DNg100_Stim
   Version: debug
   Paths template: fly_robot
   Save dir: /Users/sakshaymahna/Documents/fly-cord-robots/data/simulation_output/FullVNC_DNg100_Stim/debug/run_id=closed_loop_s641_r7
Created 1 stimulus configurations
🔄 Creating fresh config for experiment 'FullVNC_DNg100_Stim' with paths template 'fly_robot'
✅ Created fresh config:
   Experiment: FullVNC_DNg100_Stim
   Version: debug
   Paths template: fly_robot
   Save dir: /Users/sakshaymahna/Documents/fly-cord-robots/data/simulation_output/FullVNC_DNg100_Stim/debug/run_id=closed_loop_s641_r4
Created 1 stimulus configurations
🔄 Creating fresh config for experiment 'FullVNC_DNg100_Stim' with paths template 'fly_robot'
✅ Created fresh config:
   Experiment: FullVNC_DNg100_Stim
   Version: debug
   Paths template: fly_robot
   Save dir: /Users/sakshaymahna/Documents/fly-cord-robots/data/simulation_output/FullVNC_DNg100_Stim/debug/run_id=closed_loop_s641_r6
Created 1 stimulus configurations
🔄 Creating fresh config for experiment 'FullVNC_DNg100_Stim' with paths template 'fly_robot'
✅ Created fresh config:
   Experiment: FullVNC_DNg100_Stim
   Version: debug
   Paths template: fly_robot
   Save dir: /Users/sakshaymahna/Documents/fly-cord-robots/data/simulation_output/FullVNC_DNg100_Stim/debug/run_id=closed_loop_s641_r0
Created 1 stimulus configurations
🔄 Creating fresh config for experiment 'FullVNC_DNg100_Stim' with paths template 'fly_robot'
✅ Created fresh config:
   Experiment: FullVNC_DNg100_Stim
   Version: debug
   Paths template: fly_robot
   Save dir: /Users/sakshaymahna/Documents/fly-cord-robots/data/simulation_output/FullVNC_DNg100_Stim/debug/run_id=closed_loop_s641_r7
Created 1 stimulus configurations
🔄 Creating fresh config for experiment 'FullVNC_DNg100_Stim' with paths template 'fly_robot'
✅ Created fresh config:
   Experiment: FullVNC_DNg100_Stim
   Version: debug
   Paths template: fly_robot
   Save dir: /Users/sakshaymahna/Documents/fly-cord-robots/data/simulation_output/FullVNC_DNg100_Stim/debug/run_id=closed_loop_s641_r6
Created 1 stimulus configurations
🔄 Creating fresh config for experiment 'FullVNC_DNg100_Stim' with paths template 'fly_robot'
✅ Created fresh config:
   Experiment: FullVNC_DNg100_Stim
   Version: debug
   Paths template: fly_robot
   Save dir: /Users/sakshaymahna/Documents/fly-cord-robots/data/simulation_output/FullVNC_DNg100_Stim/debug/run_id=closed_loop_s641_r0
Created 1 stimulus configurations
🔄 Creating fresh config for experiment 'FullVNC_DNg100_Stim' with paths template 'fly_robot'
✅ Created fresh config:
   Experiment: FullVNC_DNg100_Stim
   Version: debug
   Paths template: fly_robot
   Save dir: /Users/sakshaymahna/Documents/fly-cord-robots/data/simulation_output/FullVNC_DNg100_Stim/debug/run_id=closed_loop_s641_r1
Created 1 stimulus configurations
🔄 Creating fresh config for experiment 'FullVNC_DNg100_Stim' with paths template 'fly_robot'
✅ Created fresh config:
   Experiment: FullVNC_DNg100_Stim
   Version: debug
   Paths template: fly_robot
   Save dir: /Users/sakshaymahna/Documents/fly-cord-robots/data/simulation_output/FullVNC_DNg100_Stim/debug/run_id=closed_loop_s641_r1
Created 1 stimulus configurations
🔄 Creating fresh config for experiment 'FullVNC_DNg100_Stim' with paths template 'fly_robot'
✅ Created fresh config:
   Experiment: FullVNC_DNg100_Stim
   Version: debug
   Paths template: fly_robot
   Save dir: /Users/sakshaymahna/Documents/fly-cord-robots/data/simulation_output/FullVNC_DNg100_Stim/debug/run_id=closed_loop_s641_r6
Created 1 stimulus configurations
🔄 Creating fresh config for experiment 'FullVNC_DNg100_Stim' with paths template 'fly_robot'
✅ Created fresh config:
   Experiment: FullVNC_DNg100_Stim
   Version: debug
   Paths template: fly_robot
   Save dir: /Users/sakshaymahna/Documents/fly-cord-robots/data/simulation_output/FullVNC_DNg100_Stim/debug/run_id=closed_loop_s641_r3
Created 1 stimulus configurations
🔄 Creating fresh config for experiment 'FullVNC_DNg100_Stim' with paths template 'fly_robot'
✅ Created fresh config:
   Experiment: FullVNC_DNg100_Stim
   Version: debug
   Paths template: fly_robot
   Save dir: /Users/sakshaymahna/Documents/fly-cord-robots/data/simulation_output/FullVNC_DNg100_Stim/debug/run_id=closed_loop_s641_r1
Created 1 stimulus configurations
🔄 Creating fresh config for experiment 'FullVNC_DNg100_Stim' with paths template 'fly_robot'
✅ Created fresh config:
   Experiment: FullVNC_DNg100_Stim
   Version: debug
   Paths template: fly_robot
   Save dir: /Users/sakshaymahna/Documents/fly-cord-robots/data/simulation_output/FullVNC_DNg100_Stim/debug/run_id=closed_loop_s641_r6
Created 1 stimulus configurations
🔄 Creating fresh config for experiment 'FullVNC_DNg100_Stim' with paths template 'fly_robot'
✅ Created fresh config:
   Experiment: FullVNC_DNg100_Stim
   Version: debug
   Paths template: fly_robot
   Save dir: /Users/sakshaymahna/Documents/fly-cord-robots/data/simulation_output/FullVNC_DNg100_Stim/debug/run_id=closed_loop_s641_r0
Created 1 stimulus configurations
🔄 Creating fresh config for experiment 'FullVNC_DNg100_Stim' with paths template 'fly_robot'
✅ Created fresh config:
   Experiment: FullVNC_DNg100_Stim
   Version: debug
   Paths template: fly_robot
   Save dir: /Users/sakshaymahna/Documents/fly-cord-robots/data/simulation_output/FullVNC_DNg100_Stim/debug/run_id=closed_loop_s641_r4
Created 1 stimulus configurations
🔄 Creating fresh config for experiment 'FullVNC_DNg100_Stim' with paths template 'fly_robot'
✅ Created fresh config:
   Experiment: FullVNC_DNg100_Stim
   Version: debug
   Paths template: fly_robot
   Save dir: /Users/sakshaymahna/Documents/fly-cord-robots/data/simulation_output/FullVNC_DNg100_Stim/debug/run_id=closed_loop_s641_r1
Created 1 stimulus configurations
🔄 Creating fresh config for experiment 'FullVNC_DNg100_Stim' with paths template 'fly_robot'
✅ Created fresh config:
   Experiment: FullVNC_DNg100_Stim
   Version: debug
   Paths template: fly_robot
   Save dir: /Users/sakshaymahna/Documents/fly-cord-robots/data/simulation_output/FullVNC_DNg100_Stim/debug/run_id=closed_loop_s641_r0
Created 1 stimulus configurations
🔄 Creating fresh config for experiment 'FullVNC_DNg100_Stim' with paths template 'fly_robot'
✅ Created fresh config:
   Experiment: FullVNC_DNg100_Stim
   Version: debug
   Paths template: fly_robot
   Save dir: /Users/sakshaymahna/Documents/fly-cord-robots/data/simulation_output/FullVNC_DNg100_Stim/debug/run_id=closed_loop_s641_r3
Created 1 stimulus configurations
🔄 Creating fresh config for experiment 'FullVNC_DNg100_Stim' with paths template 'fly_robot'
✅ Created fresh config:
   Experiment: FullVNC_DNg100_Stim
   Version: debug
   Paths template: fly_robot
   Save dir: /Users/sakshaymahna/Documents/fly-cord-robots/data/simulation_output/FullVNC_DNg100_Stim/debug/run_id=closed_loop_s641_r1
Created 1 stimulus configurations
🔄 Creating fresh config for experiment 'FullVNC_DNg100_Stim' with paths template 'fly_robot'
✅ Created fresh config:
   Experiment: FullVNC_DNg100_Stim
   Version: debug
   Paths template: fly_robot
   Save dir: /Users/sakshaymahna/Documents/fly-cord-robots/data/simulation_output/FullVNC_DNg100_Stim/debug/run_id=closed_loop_s641_r6
Created 1 stimulus configurations
🔄 Creating fresh config for experiment 'FullVNC_DNg100_Stim' with paths template 'fly_robot'
✅ Created fresh config:
   Experiment: FullVNC_DNg100_Stim
   Version: debug
   Paths template: fly_robot
   Save dir: /Users/sakshaymahna/Documents/fly-cord-robots/data/simulation_output/FullVNC_DNg100_Stim/debug/run_id=closed_loop_s641_r3
Created 1 stimulus configurations
🔄 Creating fresh config for experiment 'FullVNC_DNg100_Stim' with paths template 'fly_robot'
✅ Created fresh config:
   Experiment: FullVNC_DNg100_Stim
   Version: debug
   Paths template: fly_robot
   Save dir: /Users/sakshaymahna/Documents/fly-cord-robots/data/simulation_output/FullVNC_DNg100_Stim/debug/run_id=closed_loop_s641_r1
Created 1 stimulus configurations
🔄 Creating fresh config for experiment 'FullVNC_DNg100_Stim' with paths template 'fly_robot'
✅ Created fresh config:
   Experiment: FullVNC_DNg100_Stim
   Version: debug
   Paths template: fly_robot
   Save dir: /Users/sakshaymahna/Documents/fly-cord-robots/data/simulation_output/FullVNC_DNg100_Stim/debug/run_id=closed_loop_s641_r7
Created 1 stimulus configurations
🔄 Creating fresh config for experiment 'FullVNC_DNg100_Stim' with paths template 'fly_robot'
✅ Created fresh config:
   Experiment: FullVNC_DNg100_Stim
   Version: debug
   Paths template: fly_robot
   Save dir: /Users/sakshaymahna/Documents/fly-cord-robots/data/simulation_output/FullVNC_DNg100_Stim/debug/run_id=closed_loop_s641_r4
Created 1 stimulus configurations
🔄 Creating fresh config for experiment 'FullVNC_DNg100_Stim' with paths template 'fly_robot'
✅ Created fresh config:
   Experiment: FullVNC_DNg100_Stim
   Version: debug
   Paths template: fly_robot
   Save dir: /Users/sakshaymahna/Documents/fly-cord-robots/data/simulation_output/FullVNC_DNg100_Stim/debug/run_id=closed_loop_s641_r6
Created 1 stimulus configurations
🔄 Creating fresh config for experiment 'FullVNC_DNg100_Stim' with paths template 'fly_robot'
✅ Created fresh config:
   Experiment: FullVNC_DNg100_Stim
   Version: debug
   Paths template: fly_robot
   Save dir: /Users/sakshaymahna/Documents/fly-cord-robots/data/simulation_output/FullVNC_DNg100_Stim/debug/run_id=closed_loop_s641_r0
Created 1 stimulus configurations
🔄 Creating fresh config for experiment 'FullVNC_DNg100_Stim' with paths template 'fly_robot'
✅ Created fresh config:
   Experiment: FullVNC_DNg100_Stim
   Version: debug
   Paths template: fly_robot
   Save dir: /Users/sakshaymahna/Documents/fly-cord-robots/data/simulation_output/FullVNC_DNg100_Stim/debug/run_id=closed_loop_s641_r7
Created 1 stimulus configurations
🔄 Creating fresh config for experiment 'FullVNC_DNg100_Stim' with paths template 'fly_robot'
✅ Created fresh config:
   Experiment: FullVNC_DNg100_Stim
   Version: debug
   Paths template: fly_robot
   Save dir: /Users/sakshaymahna/Documents/fly-cord-robots/data/simulation_output/FullVNC_DNg100_Stim/debug/run_id=closed_loop_s641_r6
Created 1 stimulus configurations
🔄 Creating fresh config for experiment 'FullVNC_DNg100_Stim' with paths template 'fly_robot'
✅ Created fresh config:
   Experiment: FullVNC_DNg100_Stim
   Version: debug
   Paths template: fly_robot
   Save dir: /Users/sakshaymahna/Documents/fly-cord-robots/data/simulation_output/FullVNC_DNg100_Stim/debug/run_id=closed_loop_s641_r0
Created 1 stimulus configurations
🔄 Creating fresh config for experiment 'FullVNC_DNg100_Stim' with paths template 'fly_robot'
✅ Created fresh config:
   Experiment: FullVNC_DNg100_Stim
   Version: debug
   Paths template: fly_robot
   Save dir: /Users/sakshaymahna/Documents/fly-cord-robots/data/simulation_output/FullVNC_DNg100_Stim/debug/run_id=closed_loop_s641_r1
Created 1 stimulus configurations
🔄 Creating fresh config for experiment 'FullVNC_DNg100_Stim' with paths template 'fly_robot'
✅ Created fresh config:
   Experiment: FullVNC_DNg100_Stim
   Version: debug
   Paths template: fly_robot
   Save dir: /Users/sakshaymahna/Documents/fly-cord-robots/data/simulation_output/FullVNC_DNg100_Stim/debug/run_id=closed_loop_s641_r1
Created 1 stimulus configurations
🔄 Creating fresh config for experiment 'FullVNC_DNg100_Stim' with paths template 'fly_robot'
✅ Created fresh config:
   Experiment: FullVNC_DNg100_Stim
   Version: debug
   Paths template: fly_robot
   Save dir: /Users/sakshaymahna/Documents/fly-cord-robots/data/simulation_output/FullVNC_DNg100_Stim/debug/run_id=closed_loop_s641_r6
Created 1 stimulus configurations
🔄 Creating fresh config for experiment 'FullVNC_DNg100_Stim' with paths template 'fly_robot'
✅ Created fresh config:
   Experiment: FullVNC_DNg100_Stim
   Version: debug
   Paths template: fly_robot
   Save dir: /Users/sakshaymahna/Documents/fly-cord-robots/data/simulation_output/FullVNC_DNg100_Stim/debug/run_id=closed_loop_s641_r3
Created 1 stimulus configurations
🔄 Creating fresh config for experiment 'FullVNC_DNg100_Stim' with paths template 'fly_robot'
✅ Created fresh config:
   Experiment: FullVNC_DNg100_Stim
   Version: debug
   Paths template: fly_robot
   Save dir: /Users/sakshaymahna/Documents/fly-cord-robots/data/simulation_output/FullVNC_DNg100_Stim/debug/run_id=closed_loop_s641_r1
Created 1 stimulus configurations
🔄 Creating fresh config for experiment 'FullVNC_DNg100_Stim' with paths template 'fly_robot'
✅ Created fresh config:
   Experiment: FullVNC_DNg100_Stim
   Version: debug
   Paths template: fly_robot
   Save dir: /Users/sakshaymahna/Documents/fly-cord-robots/data/simulation_output/FullVNC_DNg100_Stim/debug/run_id=closed_loop_s641_r6
Created 1 stimulus configurations
🔄 Creating fresh config for experiment 'FullVNC_DNg100_Stim' with paths template 'fly_robot'
✅ Created fresh config:
   Experiment: FullVNC_DNg100_Stim
   Version: debug
   Paths template: fly_robot
   Save dir: /Users/sakshaymahna/Documents/fly-cord-robots/data/simulation_output/FullVNC_DNg100_Stim/debug/run_id=closed_loop_s641_r0
Created 1 stimulus configurations
🔄 Creating fresh config for experiment 'FullVNC_DNg100_Stim' with paths template 'fly_robot'
✅ Created fresh config:
   Experiment: FullVNC_DNg100_Stim
   Version: debug
   Paths template: fly_robot
   Save dir: /Users/sakshaymahna/Documents/fly-cord-robots/data/simulation_output/FullVNC_DNg100_Stim/debug/run_id=closed_loop_s641_r4
Created 1 stimulus configurations
🔄 Creating fresh config for experiment 'FullVNC_DNg100_Stim' with paths template 'fly_robot'
✅ Created fresh config:
   Experiment: FullVNC_DNg100_Stim
   Version: debug
   Paths template: fly_robot
   Save dir: /Users/sakshaymahna/Documents/fly-cord-robots/data/simulation_output/FullVNC_DNg100_Stim/debug/run_id=closed_loop_s641_r1
Created 1 stimulus configurations
🔄 Creating fresh config for experiment 'FullVNC_DNg100_Stim' with paths template 'fly_robot'
✅ Created fresh config:
   Experiment: FullVNC_DNg100_Stim
   Version: debug
   Paths template: fly_robot
   Save dir: /Users/sakshaymahna/Documents/fly-cord-robots/data/simulation_output/FullVNC_DNg100_Stim/debug/run_id=closed_loop_s641_r0
Created 1 stimulus configurations
🔄 Creating fresh config for experiment 'FullVNC_DNg100_Stim' with paths template 'fly_robot'
✅ Created fresh config:
   Experiment: FullVNC_DNg100_Stim
   Version: debug
   Paths template: fly_robot
   Save dir: /Users/sakshaymahna/Documents/fly-cord-robots/data/simulation_output/FullVNC_DNg100_Stim/debug/run_id=closed_loop_s641_r3
Created 1 stimulus configurations
🔄 Creating fresh config for experiment 'FullVNC_DNg100_Stim' with paths template 'fly_robot'
✅ Created fresh config:
   Experiment: FullVNC_DNg100_Stim
   Version: debug
   Paths template: fly_robot
   Save dir: /Users/sakshaymahna/Documents/fly-cord-robots/data/simulation_output/FullVNC_DNg100_Stim/debug/run_id=closed_loop_s641_r1
Created 1 stimulus configurations
🔄 Creating fresh config for experiment 'FullVNC_DNg100_Stim' with paths template 'fly_robot'
✅ Created fresh config:
   Experiment: FullVNC_DNg100_Stim
   Version: debug
   Paths template: fly_robot
   Save dir: /Users/sakshaymahna/Documents/fly-cord-robots/data/simulation_output/FullVNC_DNg100_Stim/debug/run_id=closed_loop_s641_r6
Created 1 stimulus configurations
🔄 Creating fresh config for experiment 'FullVNC_DNg100_Stim' with paths template 'fly_robot'
✅ Created fresh config:
   Experiment: FullVNC_DNg100_Stim
   Version: debug
   Paths template: fly_robot
   Save dir: /Users/sakshaymahna/Documents/fly-cord-robots/data/simulation_output/FullVNC_DNg100_Stim/debug/run_id=closed_loop_s641_r3
Created 1 stimulus configurations
🔄 Creating fresh config for experiment 'FullVNC_DNg100_Stim' with paths template 'fly_robot'
✅ Created fresh config:
   Experiment: FullVNC_DNg100_Stim
   Version: debug
   Paths template: fly_robot
   Save dir: /Users/sakshaymahna/Documents/fly-cord-robots/data/simulation_output/FullVNC_DNg100_Stim/debug/run_id=closed_loop_s641_r1
Created 1 stimulus configurations
🔄 Creating fresh config for experiment 'FullVNC_DNg100_Stim' with paths template 'fly_robot'
✅ Created fresh config:
   Experiment: FullVNC_DNg100_Stim
   Version: debug
   Paths template: fly_robot
   Save dir: /Users/sakshaymahna/Documents/fly-cord-robots/data/simulation_output/FullVNC_DNg100_Stim/debug/run_id=closed_loop_s641_r7
Created 1 stimulus configurations
🔄 Creating fresh config for experiment 'FullVNC_DNg100_Stim' with paths template 'fly_robot'
✅ Created fresh config:
   Experiment: FullVNC_DNg100_Stim
   Version: debug
   Paths template: fly_robot
   Save dir: /Users/sakshaymahna/Documents/fly-cord-robots/data/simulation_output/FullVNC_DNg100_Stim/debug/run_id=closed_loop_s641_r4
Created 1 stimulus configurations
🔄 Creating fresh config for experiment 'FullVNC_DNg100_Stim' with paths template 'fly_robot'
✅ Created fresh config:
   Experiment: FullVNC_DNg100_Stim
   Version: debug
   Paths template: fly_robot
   Save dir: /Users/sakshaymahna/Documents/fly-cord-robots/data/simulation_output/FullVNC_DNg100_Stim/debug/run_id=closed_loop_s641_r6
Created 1 stimulus configurations
🔄 Creating fresh config for experiment 'FullVNC_DNg100_Stim' with paths template 'fly_robot'
✅ Created fresh config:
   Experiment: FullVNC_DNg100_Stim
   Version: debug
   Paths template: fly_robot
   Save dir: /Users/sakshaymahna/Documents/fly-cord-robots/data/simulation_output/FullVNC_DNg100_Stim/debug/run_id=closed_loop_s641_r0
Created 1 stimulus configurations
🔄 Creating fresh config for experiment 'FullVNC_DNg100_Stim' with paths template 'fly_robot'
✅ Created fresh config:
   Experiment: FullVNC_DNg100_Stim
   Version: debug
   Paths template: fly_robot
   Save dir: /Users/sakshaymahna/Documents/fly-cord-robots/data/simulation_output/FullVNC_DNg100_Stim/debug/run_id=closed_loop_s641_r7
Created 1 stimulus configurations
🔄 Creating fresh config for experiment 'FullVNC_DNg100_Stim' with paths template 'fly_robot'
✅ Created fresh config:
   Experiment: FullVNC_DNg100_Stim
   Version: debug
   Paths template: fly_robot
   Save dir: /Users/sakshaymahna/Documents/fly-cord-robots/data/simulation_output/FullVNC_DNg100_Stim/debug/run_id=closed_loop_s641_r6
Created 1 stimulus configurations
🔄 Creating fresh config for experiment 'FullVNC_DNg100_Stim' with paths template 'fly_robot'
✅ Created fresh config:
   Experiment: FullVNC_DNg100_Stim
   Version: debug
   Paths template: fly_robot
   Save dir: /Users/sakshaymahna/Documents/fly-cord-robots/data/simulation_output/FullVNC_DNg100_Stim/debug/run_id=closed_loop_s641_r0
Created 1 stimulus configurations
🔄 Creating fresh config for experiment 'FullVNC_DNg100_Stim' with paths template 'fly_robot'
✅ Created fresh config:
   Experiment: FullVNC_DNg100_Stim
   Version: debug
   Paths template: fly_robot
   Save dir: /Users/sakshaymahna/Documents/fly-cord-robots/data/simulation_output/FullVNC_DNg100_Stim/debug/run_id=closed_loop_s641_r1
Created 1 stimulus configurationsgen   69  best=+0.2861 med=+0.1534  sigma=0.337  sat=0.28  136s
gen   70  best=+0.3105 med=+0.2257  sigma=0.336  sat=0.16  149s
gen   71  best=+0.3038 med=+0.1519  sigma=0.334  sat=0.25  142s
gen   72  best=+0.2864 med=+0.2160  sigma=0.332  sat=0.16  100s
gen   73  best=+0.3000 med=+0.2156  sigma=0.331  sat=0.12  132s
gen   74  best=+0.3332 med=+0.2199  sigma=0.333  sat=0.12  128s
gen   75  best=+0.3277 med=+0.2158  sigma=0.335  sat=0.06  117s
gen   76  best=+0.3272 med=+0.2798  sigma=0.332  sat=0.09  136s
gen   77  best=+0.2999 med=+0.2349  sigma=0.333  sat=0.19  105s
gen   78  best=+0.2950 med=+0.2503  sigma=0.332  sat=0.00  115s
gen   79  best=+0.3174 med=+0.1409  sigma=0.334  sat=0.00  110s
gen   80  best=+0.3007 med=+0.2081  sigma=0.336  sat=0.19  117s
gen   81  best=+0.2650 med=-0.8032  sigma=0.340  sat=0.34  102s
gen   82  best=+0.2960 med=+0.2595  sigma=0.341  sat=0.22  116s

🔄 Creating fresh config for experiment 'FullVNC_DNg100_Stim' with paths template 'fly_robot'
✅ Created fresh config:
   Experiment: FullVNC_DNg100_Stim
   Version: debug
   Paths template: fly_robot
   Save dir: /Users/sakshaymahna/Documents/fly-cord-robots/data/simulation_output/FullVNC_DNg100_Stim/debug/run_id=closed_loop_s641_r6
Created 1 stimulus configurations
🔄 Creating fresh config for experiment 'FullVNC_DNg100_Stim' with paths template 'fly_robot'
✅ Created fresh config:
   Experiment: FullVNC_DNg100_Stim
   Version: debug
   Paths template: fly_robot
   Save dir: /Users/sakshaymahna/Documents/fly-cord-robots/data/simulation_output/FullVNC_DNg100_Stim/debug/run_id=closed_loop_s641_r7
Created 1 stimulus configurations
🔄 Creating fresh config for experiment 'FullVNC_DNg100_Stim' with paths template 'fly_robot'
✅ Created fresh config:
   Experiment: FullVNC_DNg100_Stim
   Version: debug
   Paths template: fly_robot
   Save dir: /Users/sakshaymahna/Documents/fly-cord-robots/data/simulation_output/FullVNC_DNg100_Stim/debug/run_id=closed_loop_s641_r1
Created 1 stimulus configurations
🔄 Creating fresh config for experiment 'FullVNC_DNg100_Stim' with paths template 'fly_robot'
✅ Created fresh config:
   Experiment: FullVNC_DNg100_Stim
   Version: debug
   Paths template: fly_robot
   Save dir: /Users/sakshaymahna/Documents/fly-cord-robots/data/simulation_output/FullVNC_DNg100_Stim/debug/run_id=closed_loop_s641_r0
Created 1 stimulus configurations
🔄 Creating fresh config for experiment 'FullVNC_DNg100_Stim' with paths template 'fly_robot'
✅ Created fresh config:
   Experiment: FullVNC_DNg100_Stim
   Version: debug
   Paths template: fly_robot
   Save dir: /Users/sakshaymahna/Documents/fly-cord-robots/data/simulation_output/FullVNC_DNg100_Stim/debug/run_id=closed_loop_s641_r6
Created 1 stimulus configurations
🔄 Creating fresh config for experiment 'FullVNC_DNg100_Stim' with paths template 'fly_robot'
✅ Created fresh config:
   Experiment: FullVNC_DNg100_Stim
   Version: debug
   Paths template: fly_robot
   Save dir: /Users/sakshaymahna/Documents/fly-cord-robots/data/simulation_output/FullVNC_DNg100_Stim/debug/run_id=closed_loop_s641_r7
Created 1 stimulus configurations
🔄 Creating fresh config for experiment 'FullVNC_DNg100_Stim' with paths template 'fly_robot'
✅ Created fresh config:
   Experiment: FullVNC_DNg100_Stim
   Version: debug
   Paths template: fly_robot
   Save dir: /Users/sakshaymahna/Documents/fly-cord-robots/data/simulation_output/FullVNC_DNg100_Stim/debug/run_id=closed_loop_s641_r0
Created 1 stimulus configurations
🔄 Creating fresh config for experiment 'FullVNC_DNg100_Stim' with paths template 'fly_robot'
✅ Created fresh config:
   Experiment: FullVNC_DNg100_Stim
   Version: debug
   Paths template: fly_robot
   Save dir: /Users/sakshaymahna/Documents/fly-cord-robots/data/simulation_output/FullVNC_DNg100_Stim/debug/run_id=closed_loop_s641_r1
Created 1 stimulus configurations
🔄 Creating fresh config for experiment 'FullVNC_DNg100_Stim' with paths template 'fly_robot'
✅ Created fresh config:
   Experiment: FullVNC_DNg100_Stim
   Version: debug
   Paths template: fly_robot
   Save dir: /Users/sakshaymahna/Documents/fly-cord-robots/data/simulation_output/FullVNC_DNg100_Stim/debug/run_id=closed_loop_s641_r3
Created 1 stimulus configurations
🔄 Creating fresh config for experiment 'FullVNC_DNg100_Stim' with paths template 'fly_robot'
✅ Created fresh config:
   Experiment: FullVNC_DNg100_Stim
   Version: debug
   Paths template: fly_robot
   Save dir: /Users/sakshaymahna/Documents/fly-cord-robots/data/simulation_output/FullVNC_DNg100_Stim/debug/run_id=closed_loop_s641_r0
Created 1 stimulus configurations
🔄 Creating fresh config for experiment 'FullVNC_DNg100_Stim' with paths template 'fly_robot'
✅ Created fresh config:
   Experiment: FullVNC_DNg100_Stim
   Version: debug
   Paths template: fly_robot
   Save dir: /Users/sakshaymahna/Documents/fly-cord-robots/data/simulation_output/FullVNC_DNg100_Stim/debug/run_id=closed_loop_s641_r4
Created 1 stimulus configurations
🔄 Creating fresh config for experiment 'FullVNC_DNg100_Stim' with paths template 'fly_robot'
✅ Created fresh config:
   Experiment: FullVNC_DNg100_Stim
   Version: debug
   Paths template: fly_robot
   Save dir: /Users/sakshaymahna/Documents/fly-cord-robots/data/simulation_output/FullVNC_DNg100_Stim/debug/run_id=closed_loop_s641_r3
Created 1 stimulus configurations
🔄 Creating fresh config for experiment 'FullVNC_DNg100_Stim' with paths template 'fly_robot'
✅ Created fresh config:
   Experiment: FullVNC_DNg100_Stim
   Version: debug
   Paths template: fly_robot
   Save dir: /Users/sakshaymahna/Documents/fly-cord-robots/data/simulation_output/FullVNC_DNg100_Stim/debug/run_id=closed_loop_s641_r0
Created 1 stimulus configurations
🔄 Creating fresh config for experiment 'FullVNC_DNg100_Stim' with paths template 'fly_robot'
✅ Created fresh config:
   Experiment: FullVNC_DNg100_Stim
   Version: debug
   Paths template: fly_robot
   Save dir: /Users/sakshaymahna/Documents/fly-cord-robots/data/simulation_output/FullVNC_DNg100_Stim/debug/run_id=closed_loop_s641_r4
Created 1 stimulus configurations
🔄 Creating fresh config for experiment 'FullVNC_DNg100_Stim' with paths template 'fly_robot'
✅ Created fresh config:
   Experiment: FullVNC_DNg100_Stim
   Version: debug
   Paths template: fly_robot
   Save dir: /Users/sakshaymahna/Documents/fly-cord-robots/data/simulation_output/FullVNC_DNg100_Stim/debug/run_id=closed_loop_s641_r6
Created 1 stimulus configurations
🔄 Creating fresh config for experiment 'FullVNC_DNg100_Stim' with paths template 'fly_robot'
✅ Created fresh config:
   Experiment: FullVNC_DNg100_Stim
   Version: debug
   Paths template: fly_robot
   Save dir: /Users/sakshaymahna/Documents/fly-cord-robots/data/simulation_output/FullVNC_DNg100_Stim/debug/run_id=closed_loop_s641_r7
Created 1 stimulus configurations
🔄 Creating fresh config for experiment 'FullVNC_DNg100_Stim' with paths template 'fly_robot'
✅ Created fresh config:
   Experiment: FullVNC_DNg100_Stim
   Version: debug
   Paths template: fly_robot
   Save dir: /Users/sakshaymahna/Documents/fly-cord-robots/data/simulation_output/FullVNC_DNg100_Stim/debug/run_id=closed_loop_s641_r4
Created 1 stimulus configurations
🔄 Creating fresh config for experiment 'FullVNC_DNg100_Stim' with paths template 'fly_robot'
✅ Created fresh config:
   Experiment: FullVNC_DNg100_Stim
   Version: debug
   Paths template: fly_robot
   Save dir: /Users/sakshaymahna/Documents/fly-cord-robots/data/simulation_output/FullVNC_DNg100_Stim/debug/run_id=closed_loop_s641_r0
Created 1 stimulus configurations
🔄 Creating fresh config for experiment 'FullVNC_DNg100_Stim' with paths template 'fly_robot'
✅ Created fresh config:
   Experiment: FullVNC_DNg100_Stim
   Version: debug
   Paths template: fly_robot
   Save dir: /Users/sakshaymahna/Documents/fly-cord-robots/data/simulation_output/FullVNC_DNg100_Stim/debug/run_id=closed_loop_s641_r1
Created 1 stimulus configurations
🔄 Creating fresh config for experiment 'FullVNC_DNg100_Stim' with paths template 'fly_robot'
✅ Created fresh config:
   Experiment: FullVNC_DNg100_Stim
   Version: debug
   Paths template: fly_robot
   Save dir: /Users/sakshaymahna/Documents/fly-cord-robots/data/simulation_output/FullVNC_DNg100_Stim/debug/run_id=closed_loop_s641_r4
Created 1 stimulus configurations
🔄 Creating fresh config for experiment 'FullVNC_DNg100_Stim' with paths template 'fly_robot'
✅ Created fresh config:
   Experiment: FullVNC_DNg100_Stim
   Version: debug
   Paths template: fly_robot
   Save dir: /Users/sakshaymahna/Documents/fly-cord-robots/data/simulation_output/FullVNC_DNg100_Stim/debug/run_id=closed_loop_s641_r6
Created 1 stimulus configurations
🔄 Creating fresh config for experiment 'FullVNC_DNg100_Stim' with paths template 'fly_robot'
✅ Created fresh config:
   Experiment: FullVNC_DNg100_Stim
   Version: debug
   Paths template: fly_robot
   Save dir: /Users/sakshaymahna/Documents/fly-cord-robots/data/simulation_output/FullVNC_DNg100_Stim/debug/run_id=closed_loop_s641_r3
Created 1 stimulus configurations
🔄 Creating fresh config for experiment 'FullVNC_DNg100_Stim' with paths template 'fly_robot'
✅ Created fresh config:
   Experiment: FullVNC_DNg100_Stim
   Version: debug
   Paths template: fly_robot
   Save dir: /Users/sakshaymahna/Documents/fly-cord-robots/data/simulation_output/FullVNC_DNg100_Stim/debug/run_id=closed_loop_s641_r6
Created 1 stimulus configurations
🔄 Creating fresh config for experiment 'FullVNC_DNg100_Stim' with paths template 'fly_robot'
✅ Created fresh config:
   Experiment: FullVNC_DNg100_Stim
   Version: debug
   Paths template: fly_robot
   Save dir: /Users/sakshaymahna/Documents/fly-cord-robots/data/simulation_output/FullVNC_DNg100_Stim/debug/run_id=closed_loop_s641_r7
Created 1 stimulus configurations
🔄 Creating fresh config for experiment 'FullVNC_DNg100_Stim' with paths template 'fly_robot'
✅ Created fresh config:
   Experiment: FullVNC_DNg100_Stim
   Version: debug
   Paths template: fly_robot
   Save dir: /Users/sakshaymahna/Documents/fly-cord-robots/data/simulation_output/FullVNC_DNg100_Stim/debug/run_id=closed_loop_s641_r1
Created 1 stimulus configurations
🔄 Creating fresh config for experiment 'FullVNC_DNg100_Stim' with paths template 'fly_robot'
✅ Created fresh config:
   Experiment: FullVNC_DNg100_Stim
   Version: debug
   Paths template: fly_robot
   Save dir: /Users/sakshaymahna/Documents/fly-cord-robots/data/simulation_output/FullVNC_DNg100_Stim/debug/run_id=closed_loop_s641_r0
Created 1 stimulus configurations
🔄 Creating fresh config for experiment 'FullVNC_DNg100_Stim' with paths template 'fly_robot'
✅ Created fresh config:
   Experiment: FullVNC_DNg100_Stim
   Version: debug
   Paths template: fly_robot
   Save dir: /Users/sakshaymahna/Documents/fly-cord-robots/data/simulation_output/FullVNC_DNg100_Stim/debug/run_id=closed_loop_s641_r6
Created 1 stimulus configurations
🔄 Creating fresh config for experiment 'FullVNC_DNg100_Stim' with paths template 'fly_robot'
✅ Created fresh config:
   Experiment: FullVNC_DNg100_Stim
   Version: debug
   Paths template: fly_robot
   Save dir: /Users/sakshaymahna/Documents/fly-cord-robots/data/simulation_output/FullVNC_DNg100_Stim/debug/run_id=closed_loop_s641_r7
Created 1 stimulus configurations
🔄 Creating fresh config for experiment 'FullVNC_DNg100_Stim' with paths template 'fly_robot'
✅ Created fresh config:
   Experiment: FullVNC_DNg100_Stim
   Version: debug
   Paths template: fly_robot
   Save dir: /Users/sakshaymahna/Documents/fly-cord-robots/data/simulation_output/FullVNC_DNg100_Stim/debug/run_id=closed_loop_s641_r0
Created 1 stimulus configurations
🔄 Creating fresh config for experiment 'FullVNC_DNg100_Stim' with paths template 'fly_robot'
✅ Created fresh config:
   Experiment: FullVNC_DNg100_Stim
   Version: debug
   Paths template: fly_robot
   Save dir: /Users/sakshaymahna/Documents/fly-cord-robots/data/simulation_output/FullVNC_DNg100_Stim/debug/run_id=closed_loop_s641_r1
Created 1 stimulus configurations
🔄 Creating fresh config for experiment 'FullVNC_DNg100_Stim' with paths template 'fly_robot'
✅ Created fresh config:
   Experiment: FullVNC_DNg100_Stim
   Version: debug
   Paths template: fly_robot
   Save dir: /Users/sakshaymahna/Documents/fly-cord-robots/data/simulation_output/FullVNC_DNg100_Stim/debug/run_id=closed_loop_s641_r3
Created 1 stimulus configurations
🔄 Creating fresh config for experiment 'FullVNC_DNg100_Stim' with paths template 'fly_robot'
✅ Created fresh config:
   Experiment: FullVNC_DNg100_Stim
   Version: debug
   Paths template: fly_robot
   Save dir: /Users/sakshaymahna/Documents/fly-cord-robots/data/simulation_output/FullVNC_DNg100_Stim/debug/run_id=closed_loop_s641_r0
Created 1 stimulus configurations
🔄 Creating fresh config for experiment 'FullVNC_DNg100_Stim' with paths template 'fly_robot'
✅ Created fresh config:
   Experiment: FullVNC_DNg100_Stim
   Version: debug
   Paths template: fly_robot
   Save dir: /Users/sakshaymahna/Documents/fly-cord-robots/data/simulation_output/FullVNC_DNg100_Stim/debug/run_id=closed_loop_s641_r4
Created 1 stimulus configurations
🔄 Creating fresh config for experiment 'FullVNC_DNg100_Stim' with paths template 'fly_robot'
✅ Created fresh config:
   Experiment: FullVNC_DNg100_Stim
   Version: debug
   Paths template: fly_robot
   Save dir: /Users/sakshaymahna/Documents/fly-cord-robots/data/simulation_output/FullVNC_DNg100_Stim/debug/run_id=closed_loop_s641_r3
Created 1 stimulus configurations
🔄 Creating fresh config for experiment 'FullVNC_DNg100_Stim' with paths template 'fly_robot'
✅ Created fresh config:
   Experiment: FullVNC_DNg100_Stim
   Version: debug
   Paths template: fly_robot
   Save dir: /Users/sakshaymahna/Documents/fly-cord-robots/data/simulation_output/FullVNC_DNg100_Stim/debug/run_id=closed_loop_s641_r0
Created 1 stimulus configurations
🔄 Creating fresh config for experiment 'FullVNC_DNg100_Stim' with paths template 'fly_robot'
✅ Created fresh config:
   Experiment: FullVNC_DNg100_Stim
   Version: debug
   Paths template: fly_robot
   Save dir: /Users/sakshaymahna/Documents/fly-cord-robots/data/simulation_output/FullVNC_DNg100_Stim/debug/run_id=closed_loop_s641_r4
Created 1 stimulus configurations
🔄 Creating fresh config for experiment 'FullVNC_DNg100_Stim' with paths template 'fly_robot'
✅ Created fresh config:
   Experiment: FullVNC_DNg100_Stim
   Version: debug
   Paths template: fly_robot
   Save dir: /Users/sakshaymahna/Documents/fly-cord-robots/data/simulation_output/FullVNC_DNg100_Stim/debug/run_id=closed_loop_s641_r6
Created 1 stimulus configurations
🔄 Creating fresh config for experiment 'FullVNC_DNg100_Stim' with paths template 'fly_robot'
✅ Created fresh config:
   Experiment: FullVNC_DNg100_Stim
   Version: debug
   Paths template: fly_robot
   Save dir: /Users/sakshaymahna/Documents/fly-cord-robots/data/simulation_output/FullVNC_DNg100_Stim/debug/run_id=closed_loop_s641_r7
Created 1 stimulus configurations
🔄 Creating fresh config for experiment 'FullVNC_DNg100_Stim' with paths template 'fly_robot'
✅ Created fresh config:
   Experiment: FullVNC_DNg100_Stim
   Version: debug
   Paths template: fly_robot
   Save dir: /Users/sakshaymahna/Documents/fly-cord-robots/data/simulation_output/FullVNC_DNg100_Stim/debug/run_id=closed_loop_s641_r4
Created 1 stimulus configurations
🔄 Creating fresh config for experiment 'FullVNC_DNg100_Stim' with paths template 'fly_robot'
✅ Created fresh config:
   Experiment: FullVNC_DNg100_Stim
   Version: debug
   Paths template: fly_robot
   Save dir: /Users/sakshaymahna/Documents/fly-cord-robots/data/simulation_output/FullVNC_DNg100_Stim/debug/run_id=closed_loop_s641_r0
Created 1 stimulus configurations
🔄 Creating fresh config for experiment 'FullVNC_DNg100_Stim' with paths template 'fly_robot'
✅ Created fresh config:
   Experiment: FullVNC_DNg100_Stim
   Version: debug
   Paths template: fly_robot
   Save dir: /Users/sakshaymahna/Documents/fly-cord-robots/data/simulation_output/FullVNC_DNg100_Stim/debug/run_id=closed_loop_s641_r1
Created 1 stimulus configurations
🔄 Creating fresh config for experiment 'FullVNC_DNg100_Stim' with paths template 'fly_robot'
✅ Created fresh config:
   Experiment: FullVNC_DNg100_Stim
   Version: debug
   Paths template: fly_robot
   Save dir: /Users/sakshaymahna/Documents/fly-cord-robots/data/simulation_output/FullVNC_DNg100_Stim/debug/run_id=closed_loop_s641_r4
Created 1 stimulus configurations
🔄 Creating fresh config for experiment 'FullVNC_DNg100_Stim' with paths template 'fly_robot'
✅ Created fresh config:
   Experiment: FullVNC_DNg100_Stim
   Version: debug
   Paths template: fly_robot
   Save dir: /Users/sakshaymahna/Documents/fly-cord-robots/data/simulation_output/FullVNC_DNg100_Stim/debug/run_id=closed_loop_s641_r6
Created 1 stimulus configurations
🔄 Creating fresh config for experiment 'FullVNC_DNg100_Stim' with paths template 'fly_robot'
✅ Created fresh config:
   Experiment: FullVNC_DNg100_Stim
   Version: debug
   Paths template: fly_robot
   Save dir: /Users/sakshaymahna/Documents/fly-cord-robots/data/simulation_output/FullVNC_DNg100_Stim/debug/run_id=closed_loop_s641_r3
Created 1 stimulus configurations
🔄 Creating fresh config for experiment 'FullVNC_DNg100_Stim' with paths template 'fly_robot'
✅ Created fresh config:
   Experiment: FullVNC_DNg100_Stim
   Version: debug
   Paths template: fly_robot
   Save dir: /Users/sakshaymahna/Documents/fly-cord-robots/data/simulation_output/FullVNC_DNg100_Stim/debug/run_id=closed_loop_s641_r6
Created 1 stimulus configurations
🔄 Creating fresh config for experiment 'FullVNC_DNg100_Stim' with paths template 'fly_robot'
✅ Created fresh config:
   Experiment: FullVNC_DNg100_Stim
   Version: debug
   Paths template: fly_robot
   Save dir: /Users/sakshaymahna/Documents/fly-cord-robots/data/simulation_output/FullVNC_DNg100_Stim/debug/run_id=closed_loop_s641_r7
Created 1 stimulus configurations
🔄 Creating fresh config for experiment 'FullVNC_DNg100_Stim' with paths template 'fly_robot'
✅ Created fresh config:
   Experiment: FullVNC_DNg100_Stim
   Version: debug
   Paths template: fly_robot
   Save dir: /Users/sakshaymahna/Documents/fly-cord-robots/data/simulation_output/FullVNC_DNg100_Stim/debug/run_id=closed_loop_s641_r1
Created 1 stimulus configurations
🔄 Creating fresh config for experiment 'FullVNC_DNg100_Stim' with paths template 'fly_robot'
✅ Created fresh config:
   Experiment: FullVNC_DNg100_Stim
   Version: debug
   Paths template: fly_robot
   Save dir: /Users/sakshaymahna/Documents/fly-cord-robots/data/simulation_output/FullVNC_DNg100_Stim/debug/run_id=closed_loop_s641_r0
Created 1 stimulus configurations
🔄 Creating fresh config for experiment 'FullVNC_DNg100_Stim' with paths template 'fly_robot'
✅ Created fresh config:
   Experiment: FullVNC_DNg100_Stim
   Version: debug
   Paths template: fly_robot
   Save dir: /Users/sakshaymahna/Documents/fly-cord-robots/data/simulation_output/FullVNC_DNg100_Stim/debug/run_id=closed_loop_s641_r6
Created 1 stimulus configurations
🔄 Creating fresh config for experiment 'FullVNC_DNg100_Stim' with paths template 'fly_robot'
✅ Created fresh config:
   Experiment: FullVNC_DNg100_Stim
   Version: debug
   Paths template: fly_robot
   Save dir: /Users/sakshaymahna/Documents/fly-cord-robots/data/simulation_output/FullVNC_DNg100_Stim/debug/run_id=closed_loop_s641_r7
Created 1 stimulus configurations
🔄 Creating fresh config for experiment 'FullVNC_DNg100_Stim' with paths template 'fly_robot'
✅ Created fresh config:
   Experiment: FullVNC_DNg100_Stim
   Version: debug
   Paths template: fly_robot
   Save dir: /Users/sakshaymahna/Documents/fly-cord-robots/data/simulation_output/FullVNC_DNg100_Stim/debug/run_id=closed_loop_s641_r0
Created 1 stimulus configurations
🔄 Creating fresh config for experiment 'FullVNC_DNg100_Stim' with paths template 'fly_robot'
✅ Created fresh config:
   Experiment: FullVNC_DNg100_Stim
   Version: debug
   Paths template: fly_robot
   Save dir: /Users/sakshaymahna/Documents/fly-cord-robots/data/simulation_output/FullVNC_DNg100_Stim/debug/run_id=closed_loop_s641_r1
Created 1 stimulus configurations
🔄 Creating fresh config for experiment 'FullVNC_DNg100_Stim' with paths template 'fly_robot'
✅ Created fresh config:
   Experiment: FullVNC_DNg100_Stim
   Version: debug
   Paths template: fly_robot
   Save dir: /Users/sakshaymahna/Documents/fly-cord-robots/data/simulation_output/FullVNC_DNg100_Stim/debug/run_id=closed_loop_s641_r3
Created 1 stimulus configurations
🔄 Creating fresh config for experiment 'FullVNC_DNg100_Stim' with paths template 'fly_robot'
✅ Created fresh config:
   Experiment: FullVNC_DNg100_Stim
   Version: debug
   Paths template: fly_robot
   Save dir: /Users/sakshaymahna/Documents/fly-cord-robots/data/simulation_output/FullVNC_DNg100_Stim/debug/run_id=closed_loop_s641_r0
Created 1 stimulus configurations
🔄 Creating fresh config for experiment 'FullVNC_DNg100_Stim' with paths template 'fly_robot'
✅ Created fresh config:
   Experiment: FullVNC_DNg100_Stim
   Version: debug
   Paths template: fly_robot
   Save dir: /Users/sakshaymahna/Documents/fly-cord-robots/data/simulation_output/FullVNC_DNg100_Stim/debug/run_id=closed_loop_s641_r4
Created 1 stimulus configurations
🔄 Creating fresh config for experiment 'FullVNC_DNg100_Stim' with paths template 'fly_robot'
✅ Created fresh config:
   Experiment: FullVNC_DNg100_Stim
   Version: debug
   Paths template: fly_robot
   Save dir: /Users/sakshaymahna/Documents/fly-cord-robots/data/simulation_output/FullVNC_DNg100_Stim/debug/run_id=closed_loop_s641_r3
Created 1 stimulus configurations
🔄 Creating fresh config for experiment 'FullVNC_DNg100_Stim' with paths template 'fly_robot'
✅ Created fresh config:
   Experiment: FullVNC_DNg100_Stim
   Version: debug
   Paths template: fly_robot
   Save dir: /Users/sakshaymahna/Documents/fly-cord-robots/data/simulation_output/FullVNC_DNg100_Stim/debug/run_id=closed_loop_s641_r0
Created 1 stimulus configurations
🔄 Creating fresh config for experiment 'FullVNC_DNg100_Stim' with paths template 'fly_robot'
✅ Created fresh config:
   Experiment: FullVNC_DNg100_Stim
   Version: debug
   Paths template: fly_robot
   Save dir: /Users/sakshaymahna/Documents/fly-cord-robots/data/simulation_output/FullVNC_DNg100_Stim/debug/run_id=closed_loop_s641_r4
Created 1 stimulus configurations
🔄 Creating fresh config for experiment 'FullVNC_DNg100_Stim' with paths template 'fly_robot'
✅ Created fresh config:
   Experiment: FullVNC_DNg100_Stim
   Version: debug
   Paths template: fly_robot
   Save dir: /Users/sakshaymahna/Documents/fly-cord-robots/data/simulation_output/FullVNC_DNg100_Stim/debug/run_id=closed_loop_s641_r6
Created 1 stimulus configurations
🔄 Creating fresh config for experiment 'FullVNC_DNg100_Stim' with paths template 'fly_robot'
✅ Created fresh config:
   Experiment: FullVNC_DNg100_Stim
   Version: debug
   Paths template: fly_robot
   Save dir: /Users/sakshaymahna/Documents/fly-cord-robots/data/simulation_output/FullVNC_DNg100_Stim/debug/run_id=closed_loop_s641_r7
Created 1 stimulus configurations
🔄 Creating fresh config for experiment 'FullVNC_DNg100_Stim' with paths template 'fly_robot'
✅ Created fresh config:
   Experiment: FullVNC_DNg100_Stim
   Version: debug
   Paths template: fly_robot
   Save dir: /Users/sakshaymahna/Documents/fly-cord-robots/data/simulation_output/FullVNC_DNg100_Stim/debug/run_id=closed_loop_s641_r4
Created 1 stimulus configurations
🔄 Creating fresh config for experiment 'FullVNC_DNg100_Stim' with paths template 'fly_robot'
✅ Created fresh config:
   Experiment: FullVNC_DNg100_Stim
   Version: debug
   Paths template: fly_robot
   Save dir: /Users/sakshaymahna/Documents/fly-cord-robots/data/simulation_output/FullVNC_DNg100_Stim/debug/run_id=closed_loop_s641_r0
Created 1 stimulus configurations
🔄 Creating fresh config for experiment 'FullVNC_DNg100_Stim' with paths template 'fly_robot'
✅ Created fresh config:
   Experiment: FullVNC_DNg100_Stim
   Version: debug
   Paths template: fly_robot
   Save dir: /Users/sakshaymahna/Documents/fly-cord-robots/data/simulation_output/FullVNC_DNg100_Stim/debug/run_id=closed_loop_s641_r1
Created 1 stimulus configurations
🔄 Creating fresh config for experiment 'FullVNC_DNg100_Stim' with paths template 'fly_robot'
✅ Created fresh config:
   Experiment: FullVNC_DNg100_Stim
   Version: debug
   Paths template: fly_robot
   Save dir: /Users/sakshaymahna/Documents/fly-cord-robots/data/simulation_output/FullVNC_DNg100_Stim/debug/run_id=closed_loop_s641_r4
Created 1 stimulus configurations
🔄 Creating fresh config for experiment 'FullVNC_DNg100_Stim' with paths template 'fly_robot'
✅ Created fresh config:
   Experiment: FullVNC_DNg100_Stim
   Version: debug
   Paths template: fly_robot
   Save dir: /Users/sakshaymahna/Documents/fly-cord-robots/data/simulation_output/FullVNC_DNg100_Stim/debug/run_id=closed_loop_s641_r6
Created 1 stimulus configurations
🔄 Creating fresh config for experiment 'FullVNC_DNg100_Stim' with paths template 'fly_robot'
✅ Created fresh config:
   Experiment: FullVNC_DNg100_Stim
   Version: debug
   Paths template: fly_robot
   Save dir: /Users/sakshaymahna/Documents/fly-cord-robots/data/simulation_output/FullVNC_DNg100_Stim/debug/run_id=closed_loop_s641_r3
Created 1 stimulus configurations
🔄 Creating fresh config for experiment 'FullVNC_DNg100_Stim' with paths template 'fly_robot'
✅ Created fresh config:
   Experiment: FullVNC_DNg100_Stim
   Version: debug
   Paths template: fly_robot
   Save dir: /Users/sakshaymahna/Documents/fly-cord-robots/data/simulation_output/FullVNC_DNg100_Stim/debug/run_id=closed_loop_s641_r6
Created 1 stimulus configurations
🔄 Creating fresh config for experiment 'FullVNC_DNg100_Stim' with paths template 'fly_robot'
✅ Created fresh config:
   Experiment: FullVNC_DNg100_Stim
   Version: debug
   Paths template: fly_robot
   Save dir: /Users/sakshaymahna/Documents/fly-cord-robots/data/simulation_output/FullVNC_DNg100_Stim/debug/run_id=closed_loop_s641_r7
Created 1 stimulus configurations
🔄 Creating fresh config for experiment 'FullVNC_DNg100_Stim' with paths template 'fly_robot'
✅ Created fresh config:
   Experiment: FullVNC_DNg100_Stim
   Version: debug
   Paths template: fly_robot
   Save dir: /Users/sakshaymahna/Documents/fly-cord-robots/data/simulation_output/FullVNC_DNg100_Stim/debug/run_id=closed_loop_s641_r1
Created 1 stimulus configurations
🔄 Creating fresh config for experiment 'FullVNC_DNg100_Stim' with paths template 'fly_robot'
✅ Created fresh config:
   Experiment: FullVNC_DNg100_Stim
   Version: debug
   Paths template: fly_robot
   Save dir: /Users/sakshaymahna/Documents/fly-cord-robots/data/simulation_output/FullVNC_DNg100_Stim/debug/run_id=closed_loop_s641_r0
Created 1 stimulus configurations
🔄 Creating fresh config for experiment 'FullVNC_DNg100_Stim' with paths template 'fly_robot'
✅ Created fresh config:
   Experiment: FullVNC_DNg100_Stim
   Version: debug
   Paths template: fly_robot
   Save dir: /Users/sakshaymahna/Documents/fly-cord-robots/data/simulation_output/FullVNC_DNg100_Stim/debug/run_id=closed_loop_s641_r6
Created 1 stimulus configurations
🔄 Creating fresh config for experiment 'FullVNC_DNg100_Stim' with paths template 'fly_robot'
✅ Created fresh config:
   Experiment: FullVNC_DNg100_Stim
   Version: debug
   Paths template: fly_robot
   Save dir: /Users/sakshaymahna/Documents/fly-cord-robots/data/simulation_output/FullVNC_DNg100_Stim/debug/run_id=closed_loop_s641_r7
Created 1 stimulus configurations
🔄 Creating fresh config for experiment 'FullVNC_DNg100_Stim' with paths template 'fly_robot'
✅ Created fresh config:
   Experiment: FullVNC_DNg100_Stim
   Version: debug
   Paths template: fly_robot
   Save dir: /Users/sakshaymahna/Documents/fly-cord-robots/data/simulation_output/FullVNC_DNg100_Stim/debug/run_id=closed_loop_s641_r0
Created 1 stimulus configurations
🔄 Creating fresh config for experiment 'FullVNC_DNg100_Stim' with paths template 'fly_robot'
✅ Created fresh config:
   Experiment: FullVNC_DNg100_Stim
   Version: debug
   Paths template: fly_robot
   Save dir: /Users/sakshaymahna/Documents/fly-cord-robots/data/simulation_output/FullVNC_DNg100_Stim/debug/run_id=closed_loop_s641_r1
Created 1 stimulus configurations
🔄 Creating fresh config for experiment 'FullVNC_DNg100_Stim' with paths template 'fly_robot'
✅ Created fresh config:
   Experiment: FullVNC_DNg100_Stim
   Version: debug
   Paths template: fly_robot
   Save dir: /Users/sakshaymahna/Documents/fly-cord-robots/data/simulation_output/FullVNC_DNg100_Stim/debug/run_id=closed_loop_s641_r3
Created 1 stimulus configurations
🔄 Creating fresh config for experiment 'FullVNC_DNg100_Stim' with paths template 'fly_robot'
✅ Created fresh config:
   Experiment: FullVNC_DNg100_Stim
   Version: debug
   Paths template: fly_robot
   Save dir: /Users/sakshaymahna/Documents/fly-cord-robots/data/simulation_output/FullVNC_DNg100_Stim/debug/run_id=closed_loop_s641_r0
Created 1 stimulus configurations
🔄 Creating fresh config for experiment 'FullVNC_DNg100_Stim' with paths template 'fly_robot'
✅ Created fresh config:
   Experiment: FullVNC_DNg100_Stim
   Version: debug
   Paths template: fly_robot
   Save dir: /Users/sakshaymahna/Documents/fly-cord-robots/data/simulation_output/FullVNC_DNg100_Stim/debug/run_id=closed_loop_s641_r4
Created 1 stimulus configurations
🔄 Creating fresh config for experiment 'FullVNC_DNg100_Stim' with paths template 'fly_robot'
✅ Created fresh config:
   Experiment: FullVNC_DNg100_Stim
   Version: debug
   Paths template: fly_robot
   Save dir: /Users/sakshaymahna/Documents/fly-cord-robots/data/simulation_output/FullVNC_DNg100_Stim/debug/run_id=closed_loop_s641_r3
Created 1 stimulus configurations
🔄 Creating fresh config for experiment 'FullVNC_DNg100_Stim' with paths template 'fly_robot'
✅ Created fresh config:
   Experiment: FullVNC_DNg100_Stim
   Version: debug
   Paths template: fly_robot
   Save dir: /Users/sakshaymahna/Documents/fly-cord-robots/data/simulation_output/FullVNC_DNg100_Stim/debug/run_id=closed_loop_s641_r0
Created 1 stimulus configurations
🔄 Creating fresh config for experiment 'FullVNC_DNg100_Stim' with paths template 'fly_robot'
✅ Created fresh config:
   Experiment: FullVNC_DNg100_Stim
   Version: debug
   Paths template: fly_robot
   Save dir: /Users/sakshaymahna/Documents/fly-cord-robots/data/simulation_output/FullVNC_DNg100_Stim/debug/run_id=closed_loop_s641_r4
Created 1 stimulus configurations
🔄 Creating fresh config for experiment 'FullVNC_DNg100_Stim' with paths template 'fly_robot'
✅ Created fresh config:
   Experiment: FullVNC_DNg100_Stim
   Version: debug
   Paths template: fly_robot
   Save dir: /Users/sakshaymahna/Documents/fly-cord-robots/data/simulation_output/FullVNC_DNg100_Stim/debug/run_id=closed_loop_s641_r6
Created 1 stimulus configurations
🔄 Creating fresh config for experiment 'FullVNC_DNg100_Stim' with paths template 'fly_robot'
✅ Created fresh config:
   Experiment: FullVNC_DNg100_Stim
   Version: debug
   Paths template: fly_robot
   Save dir: /Users/sakshaymahna/Documents/fly-cord-robots/data/simulation_output/FullVNC_DNg100_Stim/debug/run_id=closed_loop_s641_r7
Created 1 stimulus configurations
🔄 Creating fresh config for experiment 'FullVNC_DNg100_Stim' with paths template 'fly_robot'
✅ Created fresh config:
   Experiment: FullVNC_DNg100_Stim
   Version: debug
   Paths template: fly_robot
   Save dir: /Users/sakshaymahna/Documents/fly-cord-robots/data/simulation_output/FullVNC_DNg100_Stim/debug/run_id=closed_loop_s641_r4
Created 1 stimulus configurations
🔄 Creating fresh config for experiment 'FullVNC_DNg100_Stim' with paths template 'fly_robot'
✅ Created fresh config:
   Experiment: FullVNC_DNg100_Stim
   Version: debug
   Paths template: fly_robot
   Save dir: /Users/sakshaymahna/Documents/fly-cord-robots/data/simulation_output/FullVNC_DNg100_Stim/debug/run_id=closed_loop_s641_r0
Created 1 stimulus configurations
🔄 Creating fresh config for experiment 'FullVNC_DNg100_Stim' with paths template 'fly_robot'
✅ Created fresh config:
   Experiment: FullVNC_DNg100_Stim
   Version: debug
   Paths template: fly_robot
   Save dir: /Users/sakshaymahna/Documents/fly-cord-robots/data/simulation_output/FullVNC_DNg100_Stim/debug/run_id=closed_loop_s641_r1
Created 1 stimulus configurations
🔄 Creating fresh config for experiment 'FullVNC_DNg100_Stim' with paths template 'fly_robot'
✅ Created fresh config:
   Experiment: FullVNC_DNg100_Stim
   Version: debug
   Paths template: fly_robot
   Save dir: /Users/sakshaymahna/Documents/fly-cord-robots/data/simulation_output/FullVNC_DNg100_Stim/debug/run_id=closed_loop_s641_r4
Created 1 stimulus configurations
🔄 Creating fresh config for experiment 'FullVNC_DNg100_Stim' with paths template 'fly_robot'
✅ Created fresh config:
   Experiment: FullVNC_DNg100_Stim
   Version: debug
   Paths template: fly_robot
   Save dir: /Users/sakshaymahna/Documents/fly-cord-robots/data/simulation_output/FullVNC_DNg100_Stim/debug/run_id=closed_loop_s641_r6
Created 1 stimulus configurations
🔄 Creating fresh config for experiment 'FullVNC_DNg100_Stim' with paths template 'fly_robot'
✅ Created fresh config:
   Experiment: FullVNC_DNg100_Stim
   Version: debug
   Paths template: fly_robot
   Save dir: /Users/sakshaymahna/Documents/fly-cord-robots/data/simulation_output/FullVNC_DNg100_Stim/debug/run_id=closed_loop_s641_r3
Created 1 stimulus configurations
🔄 Creating fresh config for experiment 'FullVNC_DNg100_Stim' with paths template 'fly_robot'
✅ Created fresh config:
   Experiment: FullVNC_DNg100_Stim
   Version: debug
   Paths template: fly_robot
   Save dir: /Users/sakshaymahna/Documents/fly-cord-robots/data/simulation_output/FullVNC_DNg100_Stim/debug/run_id=closed_loop_s641_r6
Created 1 stimulus configurations
🔄 Creating fresh config for experiment 'FullVNC_DNg100_Stim' with paths template 'fly_robot'
✅ Created fresh config:
   Experiment: FullVNC_DNg100_Stim
   Version: debug
   Paths template: fly_robot
   Save dir: /Users/sakshaymahna/Documents/fly-cord-robots/data/simulation_output/FullVNC_DNg100_Stim/debug/run_id=closed_loop_s641_r7
Created 1 stimulus configurations
🔄 Creating fresh config for experiment 'FullVNC_DNg100_Stim' with paths template 'fly_robot'
✅ Created fresh config:
   Experiment: FullVNC_DNg100_Stim
   Version: debug
   Paths template: fly_robot
   Save dir: /Users/sakshaymahna/Documents/fly-cord-robots/data/simulation_output/FullVNC_DNg100_Stim/debug/run_id=closed_loop_s641_r1
Created 1 stimulus configurations
🔄 Creating fresh config for experiment 'FullVNC_DNg100_Stim' with paths template 'fly_robot'
✅ Created fresh config:
   Experiment: FullVNC_DNg100_Stim
   Version: debug
   Paths template: fly_robot
   Save dir: /Users/sakshaymahna/Documents/fly-cord-robots/data/simulation_output/FullVNC_DNg100_Stim/debug/run_id=closed_loop_s641_r0
Created 1 stimulus configurations
🔄 Creating fresh config for experiment 'FullVNC_DNg100_Stim' with paths template 'fly_robot'
✅ Created fresh config:
   Experiment: FullVNC_DNg100_Stim
   Version: debug
   Paths template: fly_robot
   Save dir: /Users/sakshaymahna/Documents/fly-cord-robots/data/simulation_output/FullVNC_DNg100_Stim/debug/run_id=closed_loop_s641_r6
Created 1 stimulus configurations
🔄 Creating fresh config for experiment 'FullVNC_DNg100_Stim' with paths template 'fly_robot'
✅ Created fresh config:
   Experiment: FullVNC_DNg100_Stim
   Version: debug
   Paths template: fly_robot
   Save dir: /Users/sakshaymahna/Documents/fly-cord-robots/data/simulation_output/FullVNC_DNg100_Stim/debug/run_id=closed_loop_s641_r7
Created 1 stimulus configurations
🔄 Creating fresh config for experiment 'FullVNC_DNg100_Stim' with paths template 'fly_robot'
✅ Created fresh config:
   Experiment: FullVNC_DNg100_Stim
   Version: debug
   Paths template: fly_robot
   Save dir: /Users/sakshaymahna/Documents/fly-cord-robots/data/simulation_output/FullVNC_DNg100_Stim/debug/run_id=closed_loop_s641_r0
Created 1 stimulus configurations
🔄 Creating fresh config for experiment 'FullVNC_DNg100_Stim' with paths template 'fly_robot'
✅ Created fresh config:
   Experiment: FullVNC_DNg100_Stim
   Version: debug
   Paths template: fly_robot
   Save dir: /Users/sakshaymahna/Documents/fly-cord-robots/data/simulation_output/FullVNC_DNg100_Stim/debug/run_id=closed_loop_s641_r1
Created 1 stimulus configurations
🔄 Creating fresh config for experiment 'FullVNC_DNg100_Stim' with paths template 'fly_robot'
✅ Created fresh config:
   Experiment: FullVNC_DNg100_Stim
   Version: debug
   Paths template: fly_robot
   Save dir: /Users/sakshaymahna/Documents/fly-cord-robots/data/simulation_output/FullVNC_DNg100_Stim/debug/run_id=closed_loop_s641_r3
Created 1 stimulus configurations
🔄 Creating fresh config for experiment 'FullVNC_DNg100_Stim' with paths template 'fly_robot'
✅ Created fresh config:
   Experiment: FullVNC_DNg100_Stim
   Version: debug
   Paths template: fly_robot
   Save dir: /Users/sakshaymahna/Documents/fly-cord-robots/data/simulation_output/FullVNC_DNg100_Stim/debug/run_id=closed_loop_s641_r0
Created 1 stimulus configurations
🔄 Creating fresh config for experiment 'FullVNC_DNg100_Stim' with paths template 'fly_robot'
✅ Created fresh config:
   Experiment: FullVNC_DNg100_Stim
   Version: debug
   Paths template: fly_robot
   Save dir: /Users/sakshaymahna/Documents/fly-cord-robots/data/simulation_output/FullVNC_DNg100_Stim/debug/run_id=closed_loop_s641_r4
Created 1 stimulus configurations
🔄 Creating fresh config for experiment 'FullVNC_DNg100_Stim' with paths template 'fly_robot'
✅ Created fresh config:
   Experiment: FullVNC_DNg100_Stim
   Version: debug
   Paths template: fly_robot
   Save dir: /Users/sakshaymahna/Documents/fly-cord-robots/data/simulation_output/FullVNC_DNg100_Stim/debug/run_id=closed_loop_s641_r3
Created 1 stimulus configurations
🔄 Creating fresh config for experiment 'FullVNC_DNg100_Stim' with paths template 'fly_robot'
✅ Created fresh config:
   Experiment: FullVNC_DNg100_Stim
   Version: debug
   Paths template: fly_robot
   Save dir: /Users/sakshaymahna/Documents/fly-cord-robots/data/simulation_output/FullVNC_DNg100_Stim/debug/run_id=closed_loop_s641_r0
Created 1 stimulus configurations
🔄 Creating fresh config for experiment 'FullVNC_DNg100_Stim' with paths template 'fly_robot'
✅ Created fresh config:
   Experiment: FullVNC_DNg100_Stim
   Version: debug
   Paths template: fly_robot
   Save dir: /Users/sakshaymahna/Documents/fly-cord-robots/data/simulation_output/FullVNC_DNg100_Stim/debug/run_id=closed_loop_s641_r4
Created 1 stimulus configurations
🔄 Creating fresh config for experiment 'FullVNC_DNg100_Stim' with paths template 'fly_robot'
✅ Created fresh config:
   Experiment: FullVNC_DNg100_Stim
   Version: debug
   Paths template: fly_robot
   Save dir: /Users/sakshaymahna/Documents/fly-cord-robots/data/simulation_output/FullVNC_DNg100_Stim/debug/run_id=closed_loop_s641_r6
Created 1 stimulus configurations
🔄 Creating fresh config for experiment 'FullVNC_DNg100_Stim' with paths template 'fly_robot'
✅ Created fresh config:
   Experiment: FullVNC_DNg100_Stim
   Version: debug
   Paths template: fly_robot
   Save dir: /Users/sakshaymahna/Documents/fly-cord-robots/data/simulation_output/FullVNC_DNg100_Stim/debug/run_id=closed_loop_s641_r7
Created 1 stimulus configurations
🔄 Creating fresh config for experiment 'FullVNC_DNg100_Stim' with paths template 'fly_robot'
✅ Created fresh config:
   Experiment: FullVNC_DNg100_Stim
   Version: debug
   Paths template: fly_robot
   Save dir: /Users/sakshaymahna/Documents/fly-cord-robots/data/simulation_output/FullVNC_DNg100_Stim/debug/run_id=closed_loop_s641_r4
Created 1 stimulus configurations
🔄 Creating fresh config for experiment 'FullVNC_DNg100_Stim' with paths template 'fly_robot'
✅ Created fresh config:
   Experiment: FullVNC_DNg100_Stim
   Version: debug
   Paths template: fly_robot
   Save dir: /Users/sakshaymahna/Documents/fly-cord-robots/data/simulation_output/FullVNC_DNg100_Stim/debug/run_id=closed_loop_s641_r0
Created 1 stimulus configurations
🔄 Creating fresh config for experiment 'FullVNC_DNg100_Stim' with paths template 'fly_robot'
✅ Created fresh config:
   Experiment: FullVNC_DNg100_Stim
   Version: debug
   Paths template: fly_robot
   Save dir: /Users/sakshaymahna/Documents/fly-cord-robots/data/simulation_output/FullVNC_DNg100_Stim/debug/run_id=closed_loop_s641_r1
Created 1 stimulus configurations
🔄 Creating fresh config for experiment 'FullVNC_DNg100_Stim' with paths template 'fly_robot'
✅ Created fresh config:
   Experiment: FullVNC_DNg100_Stim
   Version: debug
   Paths template: fly_robot
   Save dir: /Users/sakshaymahna/Documents/fly-cord-robots/data/simulation_output/FullVNC_DNg100_Stim/debug/run_id=closed_loop_s641_r4
Created 1 stimulus configurations
🔄 Creating fresh config for experiment 'FullVNC_DNg100_Stim' with paths template 'fly_robot'
✅ Created fresh config:
   Experiment: FullVNC_DNg100_Stim
   Version: debug
   Paths template: fly_robot
   Save dir: /Users/sakshaymahna/Documents/fly-cord-robots/data/simulation_output/FullVNC_DNg100_Stim/debug/run_id=closed_loop_s641_r6
Created 1 stimulus configurations
🔄 Creating fresh config for experiment 'FullVNC_DNg100_Stim' with paths template 'fly_robot'
✅ Created fresh config:
   Experiment: FullVNC_DNg100_Stim
   Version: debug
   Paths template: fly_robot
   Save dir: /Users/sakshaymahna/Documents/fly-cord-robots/data/simulation_output/FullVNC_DNg100_Stim/debug/run_id=closed_loop_s641_r3
Created 1 stimulus configurations
🔄 Creating fresh config for experiment 'FullVNC_DNg100_Stim' with paths template 'fly_robot'
✅ Created fresh config:
   Experiment: FullVNC_DNg100_Stim
   Version: debug
   Paths template: fly_robot
   Save dir: /Users/sakshaymahna/Documents/fly-cord-robots/data/simulation_output/FullVNC_DNg100_Stim/debug/run_id=closed_loop_s641_r6
Created 1 stimulus configurations
🔄 Creating fresh config for experiment 'FullVNC_DNg100_Stim' with paths template 'fly_robot'
✅ Created fresh config:
   Experiment: FullVNC_DNg100_Stim
   Version: debug
   Paths template: fly_robot
   Save dir: /Users/sakshaymahna/Documents/fly-cord-robots/data/simulation_output/FullVNC_DNg100_Stim/debug/run_id=closed_loop_s641_r7
Created 1 stimulus configurations
🔄 Creating fresh config for experiment 'FullVNC_DNg100_Stim' with paths template 'fly_robot'
✅ Created fresh config:
   Experiment: FullVNC_DNg100_Stim
   Version: debug
   Paths template: fly_robot
   Save dir: /Users/sakshaymahna/Documents/fly-cord-robots/data/simulation_output/FullVNC_DNg100_Stim/debug/run_id=closed_loop_s641_r1
Created 1 stimulus configurations
🔄 Creating fresh config for experiment 'FullVNC_DNg100_Stim' with paths template 'fly_robot'
✅ Created fresh config:
   Experiment: FullVNC_DNg100_Stim
   Version: debug
   Paths template: fly_robot
   Save dir: /Users/sakshaymahna/Documents/fly-cord-robots/data/simulation_output/FullVNC_DNg100_Stim/debug/run_id=closed_loop_s641_r0
Created 1 stimulus configurations
🔄 Creating fresh config for experiment 'FullVNC_DNg100_Stim' with paths template 'fly_robot'
✅ Created fresh config:
   Experiment: FullVNC_DNg100_Stim
   Version: debug
   Paths template: fly_robot
   Save dir: /Users/sakshaymahna/Documents/fly-cord-robots/data/simulation_output/FullVNC_DNg100_Stim/debug/run_id=closed_loop_s641_r6
Created 1 stimulus configurations
🔄 Creating fresh config for experiment 'FullVNC_DNg100_Stim' with paths template 'fly_robot'
✅ Created fresh config:
   Experiment: FullVNC_DNg100_Stim
   Version: debug
   Paths template: fly_robot
   Save dir: /Users/sakshaymahna/Documents/fly-cord-robots/data/simulation_output/FullVNC_DNg100_Stim/debug/run_id=closed_loop_s641_r7
Created 1 stimulus configurations
🔄 Creating fresh config for experiment 'FullVNC_DNg100_Stim' with paths template 'fly_robot'
✅ Created fresh config:
   Experiment: FullVNC_DNg100_Stim
   Version: debug
   Paths template: fly_robot
   Save dir: /Users/sakshaymahna/Documents/fly-cord-robots/data/simulation_output/FullVNC_DNg100_Stim/debug/run_id=closed_loop_s641_r0
Created 1 stimulus configurations
🔄 Creating fresh config for experiment 'FullVNC_DNg100_Stim' with paths template 'fly_robot'
✅ Created fresh config:
   Experiment: FullVNC_DNg100_Stim
   Version: debug
   Paths template: fly_robot
   Save dir: /Users/sakshaymahna/Documents/fly-cord-robots/data/simulation_output/FullVNC_DNg100_Stim/debug/run_id=closed_loop_s641_r1
Created 1 stimulus configurations
🔄 Creating fresh config for experiment 'FullVNC_DNg100_Stim' with paths template 'fly_robot'
✅ Created fresh config:
   Experiment: FullVNC_DNg100_Stim
   Version: debug
   Paths template: fly_robot
   Save dir: /Users/sakshaymahna/Documents/fly-cord-robots/data/simulation_output/FullVNC_DNg100_Stim/debug/run_id=closed_loop_s641_r3
Created 1 stimulus configurations
🔄 Creating fresh config for experiment 'FullVNC_DNg100_Stim' with paths template 'fly_robot'
✅ Created fresh config:
   Experiment: FullVNC_DNg100_Stim
   Version: debug
   Paths template: fly_robot
   Save dir: /Users/sakshaymahna/Documents/fly-cord-robots/data/simulation_output/FullVNC_DNg100_Stim/debug/run_id=closed_loop_s641_r0
Created 1 stimulus configurations
🔄 Creating fresh config for experiment 'FullVNC_DNg100_Stim' with paths template 'fly_robot'
✅ Created fresh config:
   Experiment: FullVNC_DNg100_Stim
   Version: debug
   Paths template: fly_robot
   Save dir: /Users/sakshaymahna/Documents/fly-cord-robots/data/simulation_output/FullVNC_DNg100_Stim/debug/run_id=closed_loop_s641_r4
Created 1 stimulus configurations
🔄 Creating fresh config for experiment 'FullVNC_DNg100_Stim' with paths template 'fly_robot'
✅ Created fresh config:
   Experiment: FullVNC_DNg100_Stim
   Version: debug
   Paths template: fly_robot
   Save dir: /Users/sakshaymahna/Documents/fly-cord-robots/data/simulation_output/FullVNC_DNg100_Stim/debug/run_id=closed_loop_s641_r3
Created 1 stimulus configurations
🔄 Creating fresh config for experiment 'FullVNC_DNg100_Stim' with paths template 'fly_robot'
✅ Created fresh config:
   Experiment: FullVNC_DNg100_Stim
   Version: debug
   Paths template: fly_robot
   Save dir: /Users/sakshaymahna/Documents/fly-cord-robots/data/simulation_output/FullVNC_DNg100_Stim/debug/run_id=closed_loop_s641_r0
Created 1 stimulus configurations
🔄 Creating fresh config for experiment 'FullVNC_DNg100_Stim' with paths template 'fly_robot'
✅ Created fresh config:
   Experiment: FullVNC_DNg100_Stim
   Version: debug
   Paths template: fly_robot
   Save dir: /Users/sakshaymahna/Documents/fly-cord-robots/data/simulation_output/FullVNC_DNg100_Stim/debug/run_id=closed_loop_s641_r4
Created 1 stimulus configurations
🔄 Creating fresh config for experiment 'FullVNC_DNg100_Stim' with paths template 'fly_robot'
✅ Created fresh config:
   Experiment: FullVNC_DNg100_Stim
   Version: debug
   Paths template: fly_robot
   Save dir: /Users/sakshaymahna/Documents/fly-cord-robots/data/simulation_output/FullVNC_DNg100_Stim/debug/run_id=closed_loop_s641_r6
Created 1 stimulus configurations
🔄 Creating fresh config for experiment 'FullVNC_DNg100_Stim' with paths template 'fly_robot'
✅ Created fresh config:
   Experiment: FullVNC_DNg100_Stim
   Version: debug
   Paths template: fly_robot
   Save dir: /Users/sakshaymahna/Documents/fly-cord-robots/data/simulation_output/FullVNC_DNg100_Stim/debug/run_id=closed_loop_s641_r7
Created 1 stimulus configurations
🔄 Creating fresh config for experiment 'FullVNC_DNg100_Stim' with paths template 'fly_robot'
✅ Created fresh config:
   Experiment: FullVNC_DNg100_Stim
   Version: debug
   Paths template: fly_robot
   Save dir: /Users/sakshaymahna/Documents/fly-cord-robots/data/simulation_output/FullVNC_DNg100_Stim/debug/run_id=closed_loop_s641_r4
Created 1 stimulus configurations
🔄 Creating fresh config for experiment 'FullVNC_DNg100_Stim' with paths template 'fly_robot'
✅ Created fresh config:
   Experiment: FullVNC_DNg100_Stim
   Version: debug
   Paths template: fly_robot
   Save dir: /Users/sakshaymahna/Documents/fly-cord-robots/data/simulation_output/FullVNC_DNg100_Stim/debug/run_id=closed_loop_s641_r0
Created 1 stimulus configurations
🔄 Creating fresh config for experiment 'FullVNC_DNg100_Stim' with paths template 'fly_robot'
✅ Created fresh config:
   Experiment: FullVNC_DNg100_Stim
   Version: debug
   Paths template: fly_robot
   Save dir: /Users/sakshaymahna/Documents/fly-cord-robots/data/simulation_output/FullVNC_DNg100_Stim/debug/run_id=closed_loop_s641_r1
Created 1 stimulus configurations
🔄 Creating fresh config for experiment 'FullVNC_DNg100_Stim' with paths template 'fly_robot'
✅ Created fresh config:
   Experiment: FullVNC_DNg100_Stim
   Version: debug
   Paths template: fly_robot
   Save dir: /Users/sakshaymahna/Documents/fly-cord-robots/data/simulation_output/FullVNC_DNg100_Stim/debug/run_id=closed_loop_s641_r4
Created 1 stimulus configurations
🔄 Creating fresh config for experiment 'FullVNC_DNg100_Stim' with paths template 'fly_robot'
✅ Created fresh config:
   Experiment: FullVNC_DNg100_Stim
   Version: debug
   Paths template: fly_robot
   Save dir: /Users/sakshaymahna/Documents/fly-cord-robots/data/simulation_output/FullVNC_DNg100_Stim/debug/run_id=closed_loop_s641_r6
Created 1 stimulus configurations
🔄 Creating fresh config for experiment 'FullVNC_DNg100_Stim' with paths template 'fly_robot'
✅ Created fresh config:
   Experiment: FullVNC_DNg100_Stim
   Version: debug
   Paths template: fly_robot
   Save dir: /Users/sakshaymahna/Documents/fly-cord-robots/data/simulation_output/FullVNC_DNg100_Stim/debug/run_id=closed_loop_s641_r3
Created 1 stimulus configurationsgen   83  best=+0.3480 med=+0.1329  sigma=0.342  sat=0.06  114s
gen   84  best=+0.3416 med=+0.2615  sigma=0.342  sat=0.16  90s
gen   85  best=+0.3144 med=-1.4994  sigma=0.344  sat=0.28  161s
gen   86  best=+0.3380 med=+0.2662  sigma=0.348  sat=0.22  153s
gen   87  best=+0.3005 med=+0.1915  sigma=0.354  sat=0.06  120s
gen   88  best=+0.3063 med=+0.2224  sigma=0.360  sat=0.06  123s
gen   89  best=+0.3333 med=+0.2915  sigma=0.364  sat=0.25  176s
gen   90  best=+0.3011 med=+0.1292  sigma=0.366  sat=0.03  115s
gen   91  best=+0.2670 med=+0.1428  sigma=0.366  sat=0.25  158s
gen   92  best=+0.2971 med=+0.2546  sigma=0.367  sat=0.00  85s
gen   93  best=+0.2979 med=+0.1976  sigma=0.366  sat=0.00  79s
gen   94  best=+0.3363 med=+0.2627  sigma=0.365  sat=0.22  111s
gen   95  best=+0.2879 med=+0.2361  sigma=0.365  sat=0.12  120s
gen   96  best=+0.3032 med=+0.2462  sigma=0.364  sat=0.16  92s

🔄 Creating fresh config for experiment 'FullVNC_DNg100_Stim' with paths template 'fly_robot'
✅ Created fresh config:
   Experiment: FullVNC_DNg100_Stim
   Version: debug
   Paths template: fly_robot
   Save dir: /Users/sakshaymahna/Documents/fly-cord-robots/data/simulation_output/FullVNC_DNg100_Stim/debug/run_id=closed_loop_s641_r1
Created 1 stimulus configurations
🔄 Creating fresh config for experiment 'FullVNC_DNg100_Stim' with paths template 'fly_robot'
✅ Created fresh config:
   Experiment: FullVNC_DNg100_Stim
   Version: debug
   Paths template: fly_robot
   Save dir: /Users/sakshaymahna/Documents/fly-cord-robots/data/simulation_output/FullVNC_DNg100_Stim/debug/run_id=closed_loop_s641_r6
Created 1 stimulus configurations
🔄 Creating fresh config for experiment 'FullVNC_DNg100_Stim' with paths template 'fly_robot'
✅ Created fresh config:
   Experiment: FullVNC_DNg100_Stim
   Version: debug
   Paths template: fly_robot
   Save dir: /Users/sakshaymahna/Documents/fly-cord-robots/data/simulation_output/FullVNC_DNg100_Stim/debug/run_id=closed_loop_s641_r3
Created 1 stimulus configurations
🔄 Creating fresh config for experiment 'FullVNC_DNg100_Stim' with paths template 'fly_robot'
✅ Created fresh config:
   Experiment: FullVNC_DNg100_Stim
   Version: debug
   Paths template: fly_robot
   Save dir: /Users/sakshaymahna/Documents/fly-cord-robots/data/simulation_output/FullVNC_DNg100_Stim/debug/run_id=closed_loop_s641_r4
Created 1 stimulus configurations
🔄 Creating fresh config for experiment 'FullVNC_DNg100_Stim' with paths template 'fly_robot'
✅ Created fresh config:
   Experiment: FullVNC_DNg100_Stim
   Version: debug
   Paths template: fly_robot
   Save dir: /Users/sakshaymahna/Documents/fly-cord-robots/data/simulation_output/FullVNC_DNg100_Stim/debug/run_id=closed_loop_s641_r0
Created 1 stimulus configurations
🔄 Creating fresh config for experiment 'FullVNC_DNg100_Stim' with paths template 'fly_robot'
✅ Created fresh config:
   Experiment: FullVNC_DNg100_Stim
   Version: debug
   Paths template: fly_robot
   Save dir: /Users/sakshaymahna/Documents/fly-cord-robots/data/simulation_output/FullVNC_DNg100_Stim/debug/run_id=closed_loop_s641_r1
Created 1 stimulus configurations
🔄 Creating fresh config for experiment 'FullVNC_DNg100_Stim' with paths template 'fly_robot'
✅ Created fresh config:
   Experiment: FullVNC_DNg100_Stim
   Version: debug
   Paths template: fly_robot
   Save dir: /Users/sakshaymahna/Documents/fly-cord-robots/data/simulation_output/FullVNC_DNg100_Stim/debug/run_id=closed_loop_s641_r6
Created 1 stimulus configurations
🔄 Creating fresh config for experiment 'FullVNC_DNg100_Stim' with paths template 'fly_robot'
✅ Created fresh config:
   Experiment: FullVNC_DNg100_Stim
   Version: debug
   Paths template: fly_robot
   Save dir: /Users/sakshaymahna/Documents/fly-cord-robots/data/simulation_output/FullVNC_DNg100_Stim/debug/run_id=closed_loop_s641_r7
Created 1 stimulus configurations
🔄 Creating fresh config for experiment 'FullVNC_DNg100_Stim' with paths template 'fly_robot'
✅ Created fresh config:
   Experiment: FullVNC_DNg100_Stim
   Version: debug
   Paths template: fly_robot
   Save dir: /Users/sakshaymahna/Documents/fly-cord-robots/data/simulation_output/FullVNC_DNg100_Stim/debug/run_id=closed_loop_s641_r1
Created 1 stimulus configurations
🔄 Creating fresh config for experiment 'FullVNC_DNg100_Stim' with paths template 'fly_robot'
✅ Created fresh config:
   Experiment: FullVNC_DNg100_Stim
   Version: debug
   Paths template: fly_robot
   Save dir: /Users/sakshaymahna/Documents/fly-cord-robots/data/simulation_output/FullVNC_DNg100_Stim/debug/run_id=closed_loop_s641_r4
Created 1 stimulus configurations
🔄 Creating fresh config for experiment 'FullVNC_DNg100_Stim' with paths template 'fly_robot'
✅ Created fresh config:
   Experiment: FullVNC_DNg100_Stim
   Version: debug
   Paths template: fly_robot
   Save dir: /Users/sakshaymahna/Documents/fly-cord-robots/data/simulation_output/FullVNC_DNg100_Stim/debug/run_id=closed_loop_s641_r0
Created 1 stimulus configurations
🔄 Creating fresh config for experiment 'FullVNC_DNg100_Stim' with paths template 'fly_robot'
✅ Created fresh config:
   Experiment: FullVNC_DNg100_Stim
   Version: debug
   Paths template: fly_robot
   Save dir: /Users/sakshaymahna/Documents/fly-cord-robots/data/simulation_output/FullVNC_DNg100_Stim/debug/run_id=closed_loop_s641_r7
Created 1 stimulus configurations
🔄 Creating fresh config for experiment 'FullVNC_DNg100_Stim' with paths template 'fly_robot'
✅ Created fresh config:
   Experiment: FullVNC_DNg100_Stim
   Version: debug
   Paths template: fly_robot
   Save dir: /Users/sakshaymahna/Documents/fly-cord-robots/data/simulation_output/FullVNC_DNg100_Stim/debug/run_id=closed_loop_s641_r3
Created 1 stimulus configurations
🔄 Creating fresh config for experiment 'FullVNC_DNg100_Stim' with paths template 'fly_robot'
✅ Created fresh config:
   Experiment: FullVNC_DNg100_Stim
   Version: debug
   Paths template: fly_robot
   Save dir: /Users/sakshaymahna/Documents/fly-cord-robots/data/simulation_output/FullVNC_DNg100_Stim/debug/run_id=closed_loop_s641_r1
Created 1 stimulus configurations
🔄 Creating fresh config for experiment 'FullVNC_DNg100_Stim' with paths template 'fly_robot'
✅ Created fresh config:
   Experiment: FullVNC_DNg100_Stim
   Version: debug
   Paths template: fly_robot
   Save dir: /Users/sakshaymahna/Documents/fly-cord-robots/data/simulation_output/FullVNC_DNg100_Stim/debug/run_id=closed_loop_s641_r0
Created 1 stimulus configurations
🔄 Creating fresh config for experiment 'FullVNC_DNg100_Stim' with paths template 'fly_robot'
✅ Created fresh config:
   Experiment: FullVNC_DNg100_Stim
   Version: debug
   Paths template: fly_robot
   Save dir: /Users/sakshaymahna/Documents/fly-cord-robots/data/simulation_output/FullVNC_DNg100_Stim/debug/run_id=closed_loop_s641_r7
Created 1 stimulus configurations
🔄 Creating fresh config for experiment 'FullVNC_DNg100_Stim' with paths template 'fly_robot'
✅ Created fresh config:
   Experiment: FullVNC_DNg100_Stim
   Version: debug
   Paths template: fly_robot
   Save dir: /Users/sakshaymahna/Documents/fly-cord-robots/data/simulation_output/FullVNC_DNg100_Stim/debug/run_id=closed_loop_s641_r1
Created 1 stimulus configurations
🔄 Creating fresh config for experiment 'FullVNC_DNg100_Stim' with paths template 'fly_robot'
✅ Created fresh config:
   Experiment: FullVNC_DNg100_Stim
   Version: debug
   Paths template: fly_robot
   Save dir: /Users/sakshaymahna/Documents/fly-cord-robots/data/simulation_output/FullVNC_DNg100_Stim/debug/run_id=closed_loop_s641_r0
Created 1 stimulus configurations
🔄 Creating fresh config for experiment 'FullVNC_DNg100_Stim' with paths template 'fly_robot'
✅ Created fresh config:
   Experiment: FullVNC_DNg100_Stim
   Version: debug
   Paths template: fly_robot
   Save dir: /Users/sakshaymahna/Documents/fly-cord-robots/data/simulation_output/FullVNC_DNg100_Stim/debug/run_id=closed_loop_s641_r7
Created 1 stimulus configurations
🔄 Creating fresh config for experiment 'FullVNC_DNg100_Stim' with paths template 'fly_robot'
✅ Created fresh config:
   Experiment: FullVNC_DNg100_Stim
   Version: debug
   Paths template: fly_robot
   Save dir: /Users/sakshaymahna/Documents/fly-cord-robots/data/simulation_output/FullVNC_DNg100_Stim/debug/run_id=closed_loop_s641_r6
Created 1 stimulus configurations
🔄 Creating fresh config for experiment 'FullVNC_DNg100_Stim' with paths template 'fly_robot'
✅ Created fresh config:
   Experiment: FullVNC_DNg100_Stim
   Version: debug
   Paths template: fly_robot
   Save dir: /Users/sakshaymahna/Documents/fly-cord-robots/data/simulation_output/FullVNC_DNg100_Stim/debug/run_id=closed_loop_s641_r4
Created 1 stimulus configurations
🔄 Creating fresh config for experiment 'FullVNC_DNg100_Stim' with paths template 'fly_robot'
✅ Created fresh config:
   Experiment: FullVNC_DNg100_Stim
   Version: debug
   Paths template: fly_robot
   Save dir: /Users/sakshaymahna/Documents/fly-cord-robots/data/simulation_output/FullVNC_DNg100_Stim/debug/run_id=closed_loop_s641_r0
Created 1 stimulus configurations
🔄 Creating fresh config for experiment 'FullVNC_DNg100_Stim' with paths template 'fly_robot'
✅ Created fresh config:
   Experiment: FullVNC_DNg100_Stim
   Version: debug
   Paths template: fly_robot
   Save dir: /Users/sakshaymahna/Documents/fly-cord-robots/data/simulation_output/FullVNC_DNg100_Stim/debug/run_id=closed_loop_s641_r1
Created 1 stimulus configurations
🔄 Creating fresh config for experiment 'FullVNC_DNg100_Stim' with paths template 'fly_robot'
✅ Created fresh config:
   Experiment: FullVNC_DNg100_Stim
   Version: debug
   Paths template: fly_robot
   Save dir: /Users/sakshaymahna/Documents/fly-cord-robots/data/simulation_output/FullVNC_DNg100_Stim/debug/run_id=closed_loop_s641_r6
Created 1 stimulus configurations
🔄 Creating fresh config for experiment 'FullVNC_DNg100_Stim' with paths template 'fly_robot'
✅ Created fresh config:
   Experiment: FullVNC_DNg100_Stim
   Version: debug
   Paths template: fly_robot
   Save dir: /Users/sakshaymahna/Documents/fly-cord-robots/data/simulation_output/FullVNC_DNg100_Stim/debug/run_id=closed_loop_s641_r3
Created 1 stimulus configurations
🔄 Creating fresh config for experiment 'FullVNC_DNg100_Stim' with paths template 'fly_robot'
✅ Created fresh config:
   Experiment: FullVNC_DNg100_Stim
   Version: debug
   Paths template: fly_robot
   Save dir: /Users/sakshaymahna/Documents/fly-cord-robots/data/simulation_output/FullVNC_DNg100_Stim/debug/run_id=closed_loop_s641_r4
Created 1 stimulus configurations
🔄 Creating fresh config for experiment 'FullVNC_DNg100_Stim' with paths template 'fly_robot'
✅ Created fresh config:
   Experiment: FullVNC_DNg100_Stim
   Version: debug
   Paths template: fly_robot
   Save dir: /Users/sakshaymahna/Documents/fly-cord-robots/data/simulation_output/FullVNC_DNg100_Stim/debug/run_id=closed_loop_s641_r0
Created 1 stimulus configurations
🔄 Creating fresh config for experiment 'FullVNC_DNg100_Stim' with paths template 'fly_robot'
✅ Created fresh config:
   Experiment: FullVNC_DNg100_Stim
   Version: debug
   Paths template: fly_robot
   Save dir: /Users/sakshaymahna/Documents/fly-cord-robots/data/simulation_output/FullVNC_DNg100_Stim/debug/run_id=closed_loop_s641_r1
Created 1 stimulus configurations
🔄 Creating fresh config for experiment 'FullVNC_DNg100_Stim' with paths template 'fly_robot'
✅ Created fresh config:
   Experiment: FullVNC_DNg100_Stim
   Version: debug
   Paths template: fly_robot
   Save dir: /Users/sakshaymahna/Documents/fly-cord-robots/data/simulation_output/FullVNC_DNg100_Stim/debug/run_id=closed_loop_s641_r6
Created 1 stimulus configurations
🔄 Creating fresh config for experiment 'FullVNC_DNg100_Stim' with paths template 'fly_robot'
✅ Created fresh config:
   Experiment: FullVNC_DNg100_Stim
   Version: debug
   Paths template: fly_robot
   Save dir: /Users/sakshaymahna/Documents/fly-cord-robots/data/simulation_output/FullVNC_DNg100_Stim/debug/run_id=closed_loop_s641_r7
Created 1 stimulus configurations
🔄 Creating fresh config for experiment 'FullVNC_DNg100_Stim' with paths template 'fly_robot'
✅ Created fresh config:
   Experiment: FullVNC_DNg100_Stim
   Version: debug
   Paths template: fly_robot
   Save dir: /Users/sakshaymahna/Documents/fly-cord-robots/data/simulation_output/FullVNC_DNg100_Stim/debug/run_id=closed_loop_s641_r1
Created 1 stimulus configurations
🔄 Creating fresh config for experiment 'FullVNC_DNg100_Stim' with paths template 'fly_robot'
✅ Created fresh config:
   Experiment: FullVNC_DNg100_Stim
   Version: debug
   Paths template: fly_robot
   Save dir: /Users/sakshaymahna/Documents/fly-cord-robots/data/simulation_output/FullVNC_DNg100_Stim/debug/run_id=closed_loop_s641_r4
Created 1 stimulus configurations
🔄 Creating fresh config for experiment 'FullVNC_DNg100_Stim' with paths template 'fly_robot'
✅ Created fresh config:
   Experiment: FullVNC_DNg100_Stim
   Version: debug
   Paths template: fly_robot
   Save dir: /Users/sakshaymahna/Documents/fly-cord-robots/data/simulation_output/FullVNC_DNg100_Stim/debug/run_id=closed_loop_s641_r0
Created 1 stimulus configurations
🔄 Creating fresh config for experiment 'FullVNC_DNg100_Stim' with paths template 'fly_robot'
✅ Created fresh config:
   Experiment: FullVNC_DNg100_Stim
   Version: debug
   Paths template: fly_robot
   Save dir: /Users/sakshaymahna/Documents/fly-cord-robots/data/simulation_output/FullVNC_DNg100_Stim/debug/run_id=closed_loop_s641_r7
Created 1 stimulus configurations
🔄 Creating fresh config for experiment 'FullVNC_DNg100_Stim' with paths template 'fly_robot'
✅ Created fresh config:
   Experiment: FullVNC_DNg100_Stim
   Version: debug
   Paths template: fly_robot
   Save dir: /Users/sakshaymahna/Documents/fly-cord-robots/data/simulation_output/FullVNC_DNg100_Stim/debug/run_id=closed_loop_s641_r3
Created 1 stimulus configurations
🔄 Creating fresh config for experiment 'FullVNC_DNg100_Stim' with paths template 'fly_robot'
✅ Created fresh config:
   Experiment: FullVNC_DNg100_Stim
   Version: debug
   Paths template: fly_robot
   Save dir: /Users/sakshaymahna/Documents/fly-cord-robots/data/simulation_output/FullVNC_DNg100_Stim/debug/run_id=closed_loop_s641_r1
Created 1 stimulus configurations
🔄 Creating fresh config for experiment 'FullVNC_DNg100_Stim' with paths template 'fly_robot'
✅ Created fresh config:
   Experiment: FullVNC_DNg100_Stim
   Version: debug
   Paths template: fly_robot
   Save dir: /Users/sakshaymahna/Documents/fly-cord-robots/data/simulation_output/FullVNC_DNg100_Stim/debug/run_id=closed_loop_s641_r0
Created 1 stimulus configurations
🔄 Creating fresh config for experiment 'FullVNC_DNg100_Stim' with paths template 'fly_robot'
✅ Created fresh config:
   Experiment: FullVNC_DNg100_Stim
   Version: debug
   Paths template: fly_robot
   Save dir: /Users/sakshaymahna/Documents/fly-cord-robots/data/simulation_output/FullVNC_DNg100_Stim/debug/run_id=closed_loop_s641_r7
Created 1 stimulus configurations
🔄 Creating fresh config for experiment 'FullVNC_DNg100_Stim' with paths template 'fly_robot'
✅ Created fresh config:
   Experiment: FullVNC_DNg100_Stim
   Version: debug
   Paths template: fly_robot
   Save dir: /Users/sakshaymahna/Documents/fly-cord-robots/data/simulation_output/FullVNC_DNg100_Stim/debug/run_id=closed_loop_s641_r1
Created 1 stimulus configurations
🔄 Creating fresh config for experiment 'FullVNC_DNg100_Stim' with paths template 'fly_robot'
✅ Created fresh config:
   Experiment: FullVNC_DNg100_Stim
   Version: debug
   Paths template: fly_robot
   Save dir: /Users/sakshaymahna/Documents/fly-cord-robots/data/simulation_output/FullVNC_DNg100_Stim/debug/run_id=closed_loop_s641_r0
Created 1 stimulus configurations
🔄 Creating fresh config for experiment 'FullVNC_DNg100_Stim' with paths template 'fly_robot'
✅ Created fresh config:
   Experiment: FullVNC_DNg100_Stim
   Version: debug
   Paths template: fly_robot
   Save dir: /Users/sakshaymahna/Documents/fly-cord-robots/data/simulation_output/FullVNC_DNg100_Stim/debug/run_id=closed_loop_s641_r7
Created 1 stimulus configurations
🔄 Creating fresh config for experiment 'FullVNC_DNg100_Stim' with paths template 'fly_robot'
✅ Created fresh config:
   Experiment: FullVNC_DNg100_Stim
   Version: debug
   Paths template: fly_robot
   Save dir: /Users/sakshaymahna/Documents/fly-cord-robots/data/simulation_output/FullVNC_DNg100_Stim/debug/run_id=closed_loop_s641_r6
Created 1 stimulus configurations
🔄 Creating fresh config for experiment 'FullVNC_DNg100_Stim' with paths template 'fly_robot'
✅ Created fresh config:
   Experiment: FullVNC_DNg100_Stim
   Version: debug
   Paths template: fly_robot
   Save dir: /Users/sakshaymahna/Documents/fly-cord-robots/data/simulation_output/FullVNC_DNg100_Stim/debug/run_id=closed_loop_s641_r4
Created 1 stimulus configurations
🔄 Creating fresh config for experiment 'FullVNC_DNg100_Stim' with paths template 'fly_robot'
✅ Created fresh config:
   Experiment: FullVNC_DNg100_Stim
   Version: debug
   Paths template: fly_robot
   Save dir: /Users/sakshaymahna/Documents/fly-cord-robots/data/simulation_output/FullVNC_DNg100_Stim/debug/run_id=closed_loop_s641_r0
Created 1 stimulus configurations
🔄 Creating fresh config for experiment 'FullVNC_DNg100_Stim' with paths template 'fly_robot'
✅ Created fresh config:
   Experiment: FullVNC_DNg100_Stim
   Version: debug
   Paths template: fly_robot
   Save dir: /Users/sakshaymahna/Documents/fly-cord-robots/data/simulation_output/FullVNC_DNg100_Stim/debug/run_id=closed_loop_s641_r1
Created 1 stimulus configurations
🔄 Creating fresh config for experiment 'FullVNC_DNg100_Stim' with paths template 'fly_robot'
✅ Created fresh config:
   Experiment: FullVNC_DNg100_Stim
   Version: debug
   Paths template: fly_robot
   Save dir: /Users/sakshaymahna/Documents/fly-cord-robots/data/simulation_output/FullVNC_DNg100_Stim/debug/run_id=closed_loop_s641_r6
Created 1 stimulus configurations
🔄 Creating fresh config for experiment 'FullVNC_DNg100_Stim' with paths template 'fly_robot'
✅ Created fresh config:
   Experiment: FullVNC_DNg100_Stim
   Version: debug
   Paths template: fly_robot
   Save dir: /Users/sakshaymahna/Documents/fly-cord-robots/data/simulation_output/FullVNC_DNg100_Stim/debug/run_id=closed_loop_s641_r3
Created 1 stimulus configurations
🔄 Creating fresh config for experiment 'FullVNC_DNg100_Stim' with paths template 'fly_robot'
✅ Created fresh config:
   Experiment: FullVNC_DNg100_Stim
   Version: debug
   Paths template: fly_robot
   Save dir: /Users/sakshaymahna/Documents/fly-cord-robots/data/simulation_output/FullVNC_DNg100_Stim/debug/run_id=closed_loop_s641_r4
Created 1 stimulus configurations
🔄 Creating fresh config for experiment 'FullVNC_DNg100_Stim' with paths template 'fly_robot'
✅ Created fresh config:
   Experiment: FullVNC_DNg100_Stim
   Version: debug
   Paths template: fly_robot
   Save dir: /Users/sakshaymahna/Documents/fly-cord-robots/data/simulation_output/FullVNC_DNg100_Stim/debug/run_id=closed_loop_s641_r0
Created 1 stimulus configurations
🔄 Creating fresh config for experiment 'FullVNC_DNg100_Stim' with paths template 'fly_robot'
✅ Created fresh config:
   Experiment: FullVNC_DNg100_Stim
   Version: debug
   Paths template: fly_robot
   Save dir: /Users/sakshaymahna/Documents/fly-cord-robots/data/simulation_output/FullVNC_DNg100_Stim/debug/run_id=closed_loop_s641_r1
Created 1 stimulus configurations
🔄 Creating fresh config for experiment 'FullVNC_DNg100_Stim' with paths template 'fly_robot'
✅ Created fresh config:
   Experiment: FullVNC_DNg100_Stim
   Version: debug
   Paths template: fly_robot
   Save dir: /Users/sakshaymahna/Documents/fly-cord-robots/data/simulation_output/FullVNC_DNg100_Stim/debug/run_id=closed_loop_s641_r6
Created 1 stimulus configurations
🔄 Creating fresh config for experiment 'FullVNC_DNg100_Stim' with paths template 'fly_robot'
✅ Created fresh config:
   Experiment: FullVNC_DNg100_Stim
   Version: debug
   Paths template: fly_robot
   Save dir: /Users/sakshaymahna/Documents/fly-cord-robots/data/simulation_output/FullVNC_DNg100_Stim/debug/run_id=closed_loop_s641_r7
Created 1 stimulus configurations
🔄 Creating fresh config for experiment 'FullVNC_DNg100_Stim' with paths template 'fly_robot'
✅ Created fresh config:
   Experiment: FullVNC_DNg100_Stim
   Version: debug
   Paths template: fly_robot
   Save dir: /Users/sakshaymahna/Documents/fly-cord-robots/data/simulation_output/FullVNC_DNg100_Stim/debug/run_id=closed_loop_s641_r1
Created 1 stimulus configurations
🔄 Creating fresh config for experiment 'FullVNC_DNg100_Stim' with paths template 'fly_robot'
✅ Created fresh config:
   Experiment: FullVNC_DNg100_Stim
   Version: debug
   Paths template: fly_robot
   Save dir: /Users/sakshaymahna/Documents/fly-cord-robots/data/simulation_output/FullVNC_DNg100_Stim/debug/run_id=closed_loop_s641_r4
Created 1 stimulus configurations
🔄 Creating fresh config for experiment 'FullVNC_DNg100_Stim' with paths template 'fly_robot'
✅ Created fresh config:
   Experiment: FullVNC_DNg100_Stim
   Version: debug
   Paths template: fly_robot
   Save dir: /Users/sakshaymahna/Documents/fly-cord-robots/data/simulation_output/FullVNC_DNg100_Stim/debug/run_id=closed_loop_s641_r0
Created 1 stimulus configurations
🔄 Creating fresh config for experiment 'FullVNC_DNg100_Stim' with paths template 'fly_robot'
✅ Created fresh config:
   Experiment: FullVNC_DNg100_Stim
   Version: debug
   Paths template: fly_robot
   Save dir: /Users/sakshaymahna/Documents/fly-cord-robots/data/simulation_output/FullVNC_DNg100_Stim/debug/run_id=closed_loop_s641_r7
Created 1 stimulus configurations
🔄 Creating fresh config for experiment 'FullVNC_DNg100_Stim' with paths template 'fly_robot'
✅ Created fresh config:
   Experiment: FullVNC_DNg100_Stim
   Version: debug
   Paths template: fly_robot
   Save dir: /Users/sakshaymahna/Documents/fly-cord-robots/data/simulation_output/FullVNC_DNg100_Stim/debug/run_id=closed_loop_s641_r3
Created 1 stimulus configurations
🔄 Creating fresh config for experiment 'FullVNC_DNg100_Stim' with paths template 'fly_robot'
✅ Created fresh config:
   Experiment: FullVNC_DNg100_Stim
   Version: debug
   Paths template: fly_robot
   Save dir: /Users/sakshaymahna/Documents/fly-cord-robots/data/simulation_output/FullVNC_DNg100_Stim/debug/run_id=closed_loop_s641_r1
Created 1 stimulus configurations
🔄 Creating fresh config for experiment 'FullVNC_DNg100_Stim' with paths template 'fly_robot'
✅ Created fresh config:
   Experiment: FullVNC_DNg100_Stim
   Version: debug
   Paths template: fly_robot
   Save dir: /Users/sakshaymahna/Documents/fly-cord-robots/data/simulation_output/FullVNC_DNg100_Stim/debug/run_id=closed_loop_s641_r0
Created 1 stimulus configurations
🔄 Creating fresh config for experiment 'FullVNC_DNg100_Stim' with paths template 'fly_robot'
✅ Created fresh config:
   Experiment: FullVNC_DNg100_Stim
   Version: debug
   Paths template: fly_robot
   Save dir: /Users/sakshaymahna/Documents/fly-cord-robots/data/simulation_output/FullVNC_DNg100_Stim/debug/run_id=closed_loop_s641_r7
Created 1 stimulus configurations
🔄 Creating fresh config for experiment 'FullVNC_DNg100_Stim' with paths template 'fly_robot'
✅ Created fresh config:
   Experiment: FullVNC_DNg100_Stim
   Version: debug
   Paths template: fly_robot
   Save dir: /Users/sakshaymahna/Documents/fly-cord-robots/data/simulation_output/FullVNC_DNg100_Stim/debug/run_id=closed_loop_s641_r1
Created 1 stimulus configurations
🔄 Creating fresh config for experiment 'FullVNC_DNg100_Stim' with paths template 'fly_robot'
✅ Created fresh config:
   Experiment: FullVNC_DNg100_Stim
   Version: debug
   Paths template: fly_robot
   Save dir: /Users/sakshaymahna/Documents/fly-cord-robots/data/simulation_output/FullVNC_DNg100_Stim/debug/run_id=closed_loop_s641_r0
Created 1 stimulus configurations
🔄 Creating fresh config for experiment 'FullVNC_DNg100_Stim' with paths template 'fly_robot'
✅ Created fresh config:
   Experiment: FullVNC_DNg100_Stim
   Version: debug
   Paths template: fly_robot
   Save dir: /Users/sakshaymahna/Documents/fly-cord-robots/data/simulation_output/FullVNC_DNg100_Stim/debug/run_id=closed_loop_s641_r7
Created 1 stimulus configurations
🔄 Creating fresh config for experiment 'FullVNC_DNg100_Stim' with paths template 'fly_robot'
✅ Created fresh config:
   Experiment: FullVNC_DNg100_Stim
   Version: debug
   Paths template: fly_robot
   Save dir: /Users/sakshaymahna/Documents/fly-cord-robots/data/simulation_output/FullVNC_DNg100_Stim/debug/run_id=closed_loop_s641_r6
Created 1 stimulus configurations
🔄 Creating fresh config for experiment 'FullVNC_DNg100_Stim' with paths template 'fly_robot'
✅ Created fresh config:
   Experiment: FullVNC_DNg100_Stim
   Version: debug
   Paths template: fly_robot
   Save dir: /Users/sakshaymahna/Documents/fly-cord-robots/data/simulation_output/FullVNC_DNg100_Stim/debug/run_id=closed_loop_s641_r4
Created 1 stimulus configurations
🔄 Creating fresh config for experiment 'FullVNC_DNg100_Stim' with paths template 'fly_robot'
✅ Created fresh config:
   Experiment: FullVNC_DNg100_Stim
   Version: debug
   Paths template: fly_robot
   Save dir: /Users/sakshaymahna/Documents/fly-cord-robots/data/simulation_output/FullVNC_DNg100_Stim/debug/run_id=closed_loop_s641_r0
Created 1 stimulus configurations
🔄 Creating fresh config for experiment 'FullVNC_DNg100_Stim' with paths template 'fly_robot'
✅ Created fresh config:
   Experiment: FullVNC_DNg100_Stim
   Version: debug
   Paths template: fly_robot
   Save dir: /Users/sakshaymahna/Documents/fly-cord-robots/data/simulation_output/FullVNC_DNg100_Stim/debug/run_id=closed_loop_s641_r1
Created 1 stimulus configurations
🔄 Creating fresh config for experiment 'FullVNC_DNg100_Stim' with paths template 'fly_robot'
✅ Created fresh config:
   Experiment: FullVNC_DNg100_Stim
   Version: debug
   Paths template: fly_robot
   Save dir: /Users/sakshaymahna/Documents/fly-cord-robots/data/simulation_output/FullVNC_DNg100_Stim/debug/run_id=closed_loop_s641_r6
Created 1 stimulus configurations
🔄 Creating fresh config for experiment 'FullVNC_DNg100_Stim' with paths template 'fly_robot'
✅ Created fresh config:
   Experiment: FullVNC_DNg100_Stim
   Version: debug
   Paths template: fly_robot
   Save dir: /Users/sakshaymahna/Documents/fly-cord-robots/data/simulation_output/FullVNC_DNg100_Stim/debug/run_id=closed_loop_s641_r3
Created 1 stimulus configurations
🔄 Creating fresh config for experiment 'FullVNC_DNg100_Stim' with paths template 'fly_robot'
✅ Created fresh config:
   Experiment: FullVNC_DNg100_Stim
   Version: debug
   Paths template: fly_robot
   Save dir: /Users/sakshaymahna/Documents/fly-cord-robots/data/simulation_output/FullVNC_DNg100_Stim/debug/run_id=closed_loop_s641_r4
Created 1 stimulus configurations
🔄 Creating fresh config for experiment 'FullVNC_DNg100_Stim' with paths template 'fly_robot'
✅ Created fresh config:
   Experiment: FullVNC_DNg100_Stim
   Version: debug
   Paths template: fly_robot
   Save dir: /Users/sakshaymahna/Documents/fly-cord-robots/data/simulation_output/FullVNC_DNg100_Stim/debug/run_id=closed_loop_s641_r0
Created 1 stimulus configurations
🔄 Creating fresh config for experiment 'FullVNC_DNg100_Stim' with paths template 'fly_robot'
✅ Created fresh config:
   Experiment: FullVNC_DNg100_Stim
   Version: debug
   Paths template: fly_robot
   Save dir: /Users/sakshaymahna/Documents/fly-cord-robots/data/simulation_output/FullVNC_DNg100_Stim/debug/run_id=closed_loop_s641_r1
Created 1 stimulus configurations
🔄 Creating fresh config for experiment 'FullVNC_DNg100_Stim' with paths template 'fly_robot'
✅ Created fresh config:
   Experiment: FullVNC_DNg100_Stim
   Version: debug
   Paths template: fly_robot
   Save dir: /Users/sakshaymahna/Documents/fly-cord-robots/data/simulation_output/FullVNC_DNg100_Stim/debug/run_id=closed_loop_s641_r6
Created 1 stimulus configurations
🔄 Creating fresh config for experiment 'FullVNC_DNg100_Stim' with paths template 'fly_robot'
✅ Created fresh config:
   Experiment: FullVNC_DNg100_Stim
   Version: debug
   Paths template: fly_robot
   Save dir: /Users/sakshaymahna/Documents/fly-cord-robots/data/simulation_output/FullVNC_DNg100_Stim/debug/run_id=closed_loop_s641_r7
Created 1 stimulus configurations
🔄 Creating fresh config for experiment 'FullVNC_DNg100_Stim' with paths template 'fly_robot'
✅ Created fresh config:
   Experiment: FullVNC_DNg100_Stim
   Version: debug
   Paths template: fly_robot
   Save dir: /Users/sakshaymahna/Documents/fly-cord-robots/data/simulation_output/FullVNC_DNg100_Stim/debug/run_id=closed_loop_s641_r1
Created 1 stimulus configurations
🔄 Creating fresh config for experiment 'FullVNC_DNg100_Stim' with paths template 'fly_robot'
✅ Created fresh config:
   Experiment: FullVNC_DNg100_Stim
   Version: debug
   Paths template: fly_robot
   Save dir: /Users/sakshaymahna/Documents/fly-cord-robots/data/simulation_output/FullVNC_DNg100_Stim/debug/run_id=closed_loop_s641_r4
Created 1 stimulus configurations
🔄 Creating fresh config for experiment 'FullVNC_DNg100_Stim' with paths template 'fly_robot'
✅ Created fresh config:
   Experiment: FullVNC_DNg100_Stim
   Version: debug
   Paths template: fly_robot
   Save dir: /Users/sakshaymahna/Documents/fly-cord-robots/data/simulation_output/FullVNC_DNg100_Stim/debug/run_id=closed_loop_s641_r0
Created 1 stimulus configurations
🔄 Creating fresh config for experiment 'FullVNC_DNg100_Stim' with paths template 'fly_robot'
✅ Created fresh config:
   Experiment: FullVNC_DNg100_Stim
   Version: debug
   Paths template: fly_robot
   Save dir: /Users/sakshaymahna/Documents/fly-cord-robots/data/simulation_output/FullVNC_DNg100_Stim/debug/run_id=closed_loop_s641_r7
Created 1 stimulus configurations
🔄 Creating fresh config for experiment 'FullVNC_DNg100_Stim' with paths template 'fly_robot'
✅ Created fresh config:
   Experiment: FullVNC_DNg100_Stim
   Version: debug
   Paths template: fly_robot
   Save dir: /Users/sakshaymahna/Documents/fly-cord-robots/data/simulation_output/FullVNC_DNg100_Stim/debug/run_id=closed_loop_s641_r3
Created 1 stimulus configurations
🔄 Creating fresh config for experiment 'FullVNC_DNg100_Stim' with paths template 'fly_robot'
✅ Created fresh config:
   Experiment: FullVNC_DNg100_Stim
   Version: debug
   Paths template: fly_robot
   Save dir: /Users/sakshaymahna/Documents/fly-cord-robots/data/simulation_output/FullVNC_DNg100_Stim/debug/run_id=closed_loop_s641_r1
Created 1 stimulus configurations
🔄 Creating fresh config for experiment 'FullVNC_DNg100_Stim' with paths template 'fly_robot'
✅ Created fresh config:
   Experiment: FullVNC_DNg100_Stim
   Version: debug
   Paths template: fly_robot
   Save dir: /Users/sakshaymahna/Documents/fly-cord-robots/data/simulation_output/FullVNC_DNg100_Stim/debug/run_id=closed_loop_s641_r0
Created 1 stimulus configurations
🔄 Creating fresh config for experiment 'FullVNC_DNg100_Stim' with paths template 'fly_robot'
✅ Created fresh config:
   Experiment: FullVNC_DNg100_Stim
   Version: debug
   Paths template: fly_robot
   Save dir: /Users/sakshaymahna/Documents/fly-cord-robots/data/simulation_output/FullVNC_DNg100_Stim/debug/run_id=closed_loop_s641_r7
Created 1 stimulus configurations
🔄 Creating fresh config for experiment 'FullVNC_DNg100_Stim' with paths template 'fly_robot'
✅ Created fresh config:
   Experiment: FullVNC_DNg100_Stim
   Version: debug
   Paths template: fly_robot
   Save dir: /Users/sakshaymahna/Documents/fly-cord-robots/data/simulation_output/FullVNC_DNg100_Stim/debug/run_id=closed_loop_s641_r1
Created 1 stimulus configurations
🔄 Creating fresh config for experiment 'FullVNC_DNg100_Stim' with paths template 'fly_robot'
✅ Created fresh config:
   Experiment: FullVNC_DNg100_Stim
   Version: debug
   Paths template: fly_robot
   Save dir: /Users/sakshaymahna/Documents/fly-cord-robots/data/simulation_output/FullVNC_DNg100_Stim/debug/run_id=closed_loop_s641_r0
Created 1 stimulus configurations
🔄 Creating fresh config for experiment 'FullVNC_DNg100_Stim' with paths template 'fly_robot'
✅ Created fresh config:
   Experiment: FullVNC_DNg100_Stim
   Version: debug
   Paths template: fly_robot
   Save dir: /Users/sakshaymahna/Documents/fly-cord-robots/data/simulation_output/FullVNC_DNg100_Stim/debug/run_id=closed_loop_s641_r7
Created 1 stimulus configurations
🔄 Creating fresh config for experiment 'FullVNC_DNg100_Stim' with paths template 'fly_robot'
✅ Created fresh config:
   Experiment: FullVNC_DNg100_Stim
   Version: debug
   Paths template: fly_robot
   Save dir: /Users/sakshaymahna/Documents/fly-cord-robots/data/simulation_output/FullVNC_DNg100_Stim/debug/run_id=closed_loop_s641_r6
Created 1 stimulus configurations
🔄 Creating fresh config for experiment 'FullVNC_DNg100_Stim' with paths template 'fly_robot'
✅ Created fresh config:
   Experiment: FullVNC_DNg100_Stim
   Version: debug
   Paths template: fly_robot
   Save dir: /Users/sakshaymahna/Documents/fly-cord-robots/data/simulation_output/FullVNC_DNg100_Stim/debug/run_id=closed_loop_s641_r4
Created 1 stimulus configurations
🔄 Creating fresh config for experiment 'FullVNC_DNg100_Stim' with paths template 'fly_robot'
✅ Created fresh config:
   Experiment: FullVNC_DNg100_Stim
   Version: debug
   Paths template: fly_robot
   Save dir: /Users/sakshaymahna/Documents/fly-cord-robots/data/simulation_output/FullVNC_DNg100_Stim/debug/run_id=closed_loop_s641_r0
Created 1 stimulus configurations
🔄 Creating fresh config for experiment 'FullVNC_DNg100_Stim' with paths template 'fly_robot'
✅ Created fresh config:
   Experiment: FullVNC_DNg100_Stim
   Version: debug
   Paths template: fly_robot
   Save dir: /Users/sakshaymahna/Documents/fly-cord-robots/data/simulation_output/FullVNC_DNg100_Stim/debug/run_id=closed_loop_s641_r1
Created 1 stimulus configurations
🔄 Creating fresh config for experiment 'FullVNC_DNg100_Stim' with paths template 'fly_robot'
✅ Created fresh config:
   Experiment: FullVNC_DNg100_Stim
   Version: debug
   Paths template: fly_robot
   Save dir: /Users/sakshaymahna/Documents/fly-cord-robots/data/simulation_output/FullVNC_DNg100_Stim/debug/run_id=closed_loop_s641_r6
Created 1 stimulus configurations
🔄 Creating fresh config for experiment 'FullVNC_DNg100_Stim' with paths template 'fly_robot'
✅ Created fresh config:
   Experiment: FullVNC_DNg100_Stim
   Version: debug
   Paths template: fly_robot
   Save dir: /Users/sakshaymahna/Documents/fly-cord-robots/data/simulation_output/FullVNC_DNg100_Stim/debug/run_id=closed_loop_s641_r3
Created 1 stimulus configurations
🔄 Creating fresh config for experiment 'FullVNC_DNg100_Stim' with paths template 'fly_robot'
✅ Created fresh config:
   Experiment: FullVNC_DNg100_Stim
   Version: debug
   Paths template: fly_robot
   Save dir: /Users/sakshaymahna/Documents/fly-cord-robots/data/simulation_output/FullVNC_DNg100_Stim/debug/run_id=closed_loop_s641_r4
Created 1 stimulus configurations
🔄 Creating fresh config for experiment 'FullVNC_DNg100_Stim' with paths template 'fly_robot'
✅ Created fresh config:
   Experiment: FullVNC_DNg100_Stim
   Version: debug
   Paths template: fly_robot
   Save dir: /Users/sakshaymahna/Documents/fly-cord-robots/data/simulation_output/FullVNC_DNg100_Stim/debug/run_id=closed_loop_s641_r0
Created 1 stimulus configurations
🔄 Creating fresh config for experiment 'FullVNC_DNg100_Stim' with paths template 'fly_robot'
✅ Created fresh config:
   Experiment: FullVNC_DNg100_Stim
   Version: debug
   Paths template: fly_robot
   Save dir: /Users/sakshaymahna/Documents/fly-cord-robots/data/simulation_output/FullVNC_DNg100_Stim/debug/run_id=closed_loop_s641_r1
Created 1 stimulus configurations
🔄 Creating fresh config for experiment 'FullVNC_DNg100_Stim' with paths template 'fly_robot'
✅ Created fresh config:
   Experiment: FullVNC_DNg100_Stim
   Version: debug
   Paths template: fly_robot
   Save dir: /Users/sakshaymahna/Documents/fly-cord-robots/data/simulation_output/FullVNC_DNg100_Stim/debug/run_id=closed_loop_s641_r6
Created 1 stimulus configurations
🔄 Creating fresh config for experiment 'FullVNC_DNg100_Stim' with paths template 'fly_robot'
✅ Created fresh config:
   Experiment: FullVNC_DNg100_Stim
   Version: debug
   Paths template: fly_robot
   Save dir: /Users/sakshaymahna/Documents/fly-cord-robots/data/simulation_output/FullVNC_DNg100_Stim/debug/run_id=closed_loop_s641_r7
Created 1 stimulus configurations
🔄 Creating fresh config for experiment 'FullVNC_DNg100_Stim' with paths template 'fly_robot'
✅ Created fresh config:
   Experiment: FullVNC_DNg100_Stim
   Version: debug
   Paths template: fly_robot
   Save dir: /Users/sakshaymahna/Documents/fly-cord-robots/data/simulation_output/FullVNC_DNg100_Stim/debug/run_id=closed_loop_s641_r1
Created 1 stimulus configurations
🔄 Creating fresh config for experiment 'FullVNC_DNg100_Stim' with paths template 'fly_robot'
✅ Created fresh config:
   Experiment: FullVNC_DNg100_Stim
   Version: debug
   Paths template: fly_robot
   Save dir: /Users/sakshaymahna/Documents/fly-cord-robots/data/simulation_output/FullVNC_DNg100_Stim/debug/run_id=closed_loop_s641_r4
Created 1 stimulus configurations
🔄 Creating fresh config for experiment 'FullVNC_DNg100_Stim' with paths template 'fly_robot'
✅ Created fresh config:
   Experiment: FullVNC_DNg100_Stim
   Version: debug
   Paths template: fly_robot
   Save dir: /Users/sakshaymahna/Documents/fly-cord-robots/data/simulation_output/FullVNC_DNg100_Stim/debug/run_id=closed_loop_s641_r0
Created 1 stimulus configurations
🔄 Creating fresh config for experiment 'FullVNC_DNg100_Stim' with paths template 'fly_robot'
✅ Created fresh config:
   Experiment: FullVNC_DNg100_Stim
   Version: debug
   Paths template: fly_robot
   Save dir: /Users/sakshaymahna/Documents/fly-cord-robots/data/simulation_output/FullVNC_DNg100_Stim/debug/run_id=closed_loop_s641_r7
Created 1 stimulus configurations
🔄 Creating fresh config for experiment 'FullVNC_DNg100_Stim' with paths template 'fly_robot'
✅ Created fresh config:
   Experiment: FullVNC_DNg100_Stim
   Version: debug
   Paths template: fly_robot
   Save dir: /Users/sakshaymahna/Documents/fly-cord-robots/data/simulation_output/FullVNC_DNg100_Stim/debug/run_id=closed_loop_s641_r3
Created 1 stimulus configurations
🔄 Creating fresh config for experiment 'FullVNC_DNg100_Stim' with paths template 'fly_robot'
✅ Created fresh config:
   Experiment: FullVNC_DNg100_Stim
   Version: debug
   Paths template: fly_robot
   Save dir: /Users/sakshaymahna/Documents/fly-cord-robots/data/simulation_output/FullVNC_DNg100_Stim/debug/run_id=closed_loop_s641_r1
Created 1 stimulus configurations
🔄 Creating fresh config for experiment 'FullVNC_DNg100_Stim' with paths template 'fly_robot'
✅ Created fresh config:
   Experiment: FullVNC_DNg100_Stim
   Version: debug
   Paths template: fly_robot
   Save dir: /Users/sakshaymahna/Documents/fly-cord-robots/data/simulation_output/FullVNC_DNg100_Stim/debug/run_id=closed_loop_s641_r0
Created 1 stimulus configurations
🔄 Creating fresh config for experiment 'FullVNC_DNg100_Stim' with paths template 'fly_robot'
✅ Created fresh config:
   Experiment: FullVNC_DNg100_Stim
   Version: debug
   Paths template: fly_robot
   Save dir: /Users/sakshaymahna/Documents/fly-cord-robots/data/simulation_output/FullVNC_DNg100_Stim/debug/run_id=closed_loop_s641_r7
Created 1 stimulus configurations
🔄 Creating fresh config for experiment 'FullVNC_DNg100_Stim' with paths template 'fly_robot'
✅ Created fresh config:
   Experiment: FullVNC_DNg100_Stim
   Version: debug
   Paths template: fly_robot
   Save dir: /Users/sakshaymahna/Documents/fly-cord-robots/data/simulation_output/FullVNC_DNg100_Stim/debug/run_id=closed_loop_s641_r1
Created 1 stimulus configurations
🔄 Creating fresh config for experiment 'FullVNC_DNg100_Stim' with paths template 'fly_robot'
✅ Created fresh config:
   Experiment: FullVNC_DNg100_Stim
   Version: debug
   Paths template: fly_robot
   Save dir: /Users/sakshaymahna/Documents/fly-cord-robots/data/simulation_output/FullVNC_DNg100_Stim/debug/run_id=closed_loop_s641_r0
Created 1 stimulus configurations
🔄 Creating fresh config for experiment 'FullVNC_DNg100_Stim' with paths template 'fly_robot'
✅ Created fresh config:
   Experiment: FullVNC_DNg100_Stim
   Version: debug
   Paths template: fly_robot
   Save dir: /Users/sakshaymahna/Documents/fly-cord-robots/data/simulation_output/FullVNC_DNg100_Stim/debug/run_id=closed_loop_s641_r7
Created 1 stimulus configurations
🔄 Creating fresh config for experiment 'FullVNC_DNg100_Stim' with paths template 'fly_robot'
✅ Created fresh config:
   Experiment: FullVNC_DNg100_Stim
   Version: debug
   Paths template: fly_robot
   Save dir: /Users/sakshaymahna/Documents/fly-cord-robots/data/simulation_output/FullVNC_DNg100_Stim/debug/run_id=closed_loop_s641_r6
Created 1 stimulus configurations
🔄 Creating fresh config for experiment 'FullVNC_DNg100_Stim' with paths template 'fly_robot'
✅ Created fresh config:
   Experiment: FullVNC_DNg100_Stim
   Version: debug
   Paths template: fly_robot
   Save dir: /Users/sakshaymahna/Documents/fly-cord-robots/data/simulation_output/FullVNC_DNg100_Stim/debug/run_id=closed_loop_s641_r4
Created 1 stimulus configurations
🔄 Creating fresh config for experiment 'FullVNC_DNg100_Stim' with paths template 'fly_robot'
✅ Created fresh config:
   Experiment: FullVNC_DNg100_Stim
   Version: debug
   Paths template: fly_robot
   Save dir: /Users/sakshaymahna/Documents/fly-cord-robots/data/simulation_output/FullVNC_DNg100_Stim/debug/run_id=closed_loop_s641_r0
Created 1 stimulus configurations
🔄 Creating fresh config for experiment 'FullVNC_DNg100_Stim' with paths template 'fly_robot'
✅ Created fresh config:
   Experiment: FullVNC_DNg100_Stim
   Version: debug
   Paths template: fly_robot
   Save dir: /Users/sakshaymahna/Documents/fly-cord-robots/data/simulation_output/FullVNC_DNg100_Stim/debug/run_id=closed_loop_s641_r1
Created 1 stimulus configurations
🔄 Creating fresh config for experiment 'FullVNC_DNg100_Stim' with paths template 'fly_robot'
✅ Created fresh config:
   Experiment: FullVNC_DNg100_Stim
   Version: debug
   Paths template: fly_robot
   Save dir: /Users/sakshaymahna/Documents/fly-cord-robots/data/simulation_output/FullVNC_DNg100_Stim/debug/run_id=closed_loop_s641_r6
Created 1 stimulus configurations
🔄 Creating fresh config for experiment 'FullVNC_DNg100_Stim' with paths template 'fly_robot'
✅ Created fresh config:
   Experiment: FullVNC_DNg100_Stim
   Version: debug
   Paths template: fly_robot
   Save dir: /Users/sakshaymahna/Documents/fly-cord-robots/data/simulation_output/FullVNC_DNg100_Stim/debug/run_id=closed_loop_s641_r3
Created 1 stimulus configurations
🔄 Creating fresh config for experiment 'FullVNC_DNg100_Stim' with paths template 'fly_robot'
✅ Created fresh config:
   Experiment: FullVNC_DNg100_Stim
   Version: debug
   Paths template: fly_robot
   Save dir: /Users/sakshaymahna/Documents/fly-cord-robots/data/simulation_output/FullVNC_DNg100_Stim/debug/run_id=closed_loop_s641_r4
Created 1 stimulus configurations
🔄 Creating fresh config for experiment 'FullVNC_DNg100_Stim' with paths template 'fly_robot'
✅ Created fresh config:
   Experiment: FullVNC_DNg100_Stim
   Version: debug
   Paths template: fly_robot
   Save dir: /Users/sakshaymahna/Documents/fly-cord-robots/data/simulation_output/FullVNC_DNg100_Stim/debug/run_id=closed_loop_s641_r0
Created 1 stimulus configurations
🔄 Creating fresh config for experiment 'FullVNC_DNg100_Stim' with paths template 'fly_robot'
✅ Created fresh config:
   Experiment: FullVNC_DNg100_Stim
   Version: debug
   Paths template: fly_robot
   Save dir: /Users/sakshaymahna/Documents/fly-cord-robots/data/simulation_output/FullVNC_DNg100_Stim/debug/run_id=closed_loop_s641_r1
Created 1 stimulus configurations
🔄 Creating fresh config for experiment 'FullVNC_DNg100_Stim' with paths template 'fly_robot'
✅ Created fresh config:
   Experiment: FullVNC_DNg100_Stim
   Version: debug
   Paths template: fly_robot
   Save dir: /Users/sakshaymahna/Documents/fly-cord-robots/data/simulation_output/FullVNC_DNg100_Stim/debug/run_id=closed_loop_s641_r6
Created 1 stimulus configurations
🔄 Creating fresh config for experiment 'FullVNC_DNg100_Stim' with paths template 'fly_robot'
✅ Created fresh config:
   Experiment: FullVNC_DNg100_Stim
   Version: debug
   Paths template: fly_robot
   Save dir: /Users/sakshaymahna/Documents/fly-cord-robots/data/simulation_output/FullVNC_DNg100_Stim/debug/run_id=closed_loop_s641_r7
Created 1 stimulus configurations
🔄 Creating fresh config for experiment 'FullVNC_DNg100_Stim' with paths template 'fly_robot'
✅ Created fresh config:
   Experiment: FullVNC_DNg100_Stim
   Version: debug
   Paths template: fly_robot
   Save dir: /Users/sakshaymahna/Documents/fly-cord-robots/data/simulation_output/FullVNC_DNg100_Stim/debug/run_id=closed_loop_s641_r1
Created 1 stimulus configurations
🔄 Creating fresh config for experiment 'FullVNC_DNg100_Stim' with paths template 'fly_robot'
✅ Created fresh config:
   Experiment: FullVNC_DNg100_Stim
   Version: debug
   Paths template: fly_robot
   Save dir: /Users/sakshaymahna/Documents/fly-cord-robots/data/simulation_output/FullVNC_DNg100_Stim/debug/run_id=closed_loop_s641_r4
Created 1 stimulus configurations
🔄 Creating fresh config for experiment 'FullVNC_DNg100_Stim' with paths template 'fly_robot'
✅ Created fresh config:
   Experiment: FullVNC_DNg100_Stim
   Version: debug
   Paths template: fly_robot
   Save dir: /Users/sakshaymahna/Documents/fly-cord-robots/data/simulation_output/FullVNC_DNg100_Stim/debug/run_id=closed_loop_s641_r0
Created 1 stimulus configurations
🔄 Creating fresh config for experiment 'FullVNC_DNg100_Stim' with paths template 'fly_robot'
✅ Created fresh config:
   Experiment: FullVNC_DNg100_Stim
   Version: debug
   Paths template: fly_robot
   Save dir: /Users/sakshaymahna/Documents/fly-cord-robots/data/simulation_output/FullVNC_DNg100_Stim/debug/run_id=closed_loop_s641_r7
Created 1 stimulus configurations
🔄 Creating fresh config for experiment 'FullVNC_DNg100_Stim' with paths template 'fly_robot'
✅ Created fresh config:
   Experiment: FullVNC_DNg100_Stim
   Version: debug
   Paths template: fly_robot
   Save dir: /Users/sakshaymahna/Documents/fly-cord-robots/data/simulation_output/FullVNC_DNg100_Stim/debug/run_id=closed_loop_s641_r3
Created 1 stimulus configurations
🔄 Creating fresh config for experiment 'FullVNC_DNg100_Stim' with paths template 'fly_robot'
✅ Created fresh config:
   Experiment: FullVNC_DNg100_Stim
   Version: debug
   Paths template: fly_robot
   Save dir: /Users/sakshaymahna/Documents/fly-cord-robots/data/simulation_output/FullVNC_DNg100_Stim/debug/run_id=closed_loop_s641_r1
Created 1 stimulus configurations
🔄 Creating fresh config for experiment 'FullVNC_DNg100_Stim' with paths template 'fly_robot'
✅ Created fresh config:
   Experiment: FullVNC_DNg100_Stim
   Version: debug
   Paths template: fly_robot
   Save dir: /Users/sakshaymahna/Documents/fly-cord-robots/data/simulation_output/FullVNC_DNg100_Stim/debug/run_id=closed_loop_s641_r0
Created 1 stimulus configurations
🔄 Creating fresh config for experiment 'FullVNC_DNg100_Stim' with paths template 'fly_robot'
✅ Created fresh config:
   Experiment: FullVNC_DNg100_Stim
   Version: debug
   Paths template: fly_robot
   Save dir: /Users/sakshaymahna/Documents/fly-cord-robots/data/simulation_output/FullVNC_DNg100_Stim/debug/run_id=closed_loop_s641_r7
Created 1 stimulus configurations
🔄 Creating fresh config for experiment 'FullVNC_DNg100_Stim' with paths template 'fly_robot'
✅ Created fresh config:
   Experiment: FullVNC_DNg100_Stim
   Version: debug
   Paths template: fly_robot
   Save dir: /Users/sakshaymahna/Documents/fly-cord-robots/data/simulation_output/FullVNC_DNg100_Stim/debug/run_id=closed_loop_s641_r1
Created 1 stimulus configurations
🔄 Creating fresh config for experiment 'FullVNC_DNg100_Stim' with paths template 'fly_robot'
✅ Created fresh config:
   Experiment: FullVNC_DNg100_Stim
   Version: debug
   Paths template: fly_robot
   Save dir: /Users/sakshaymahna/Documents/fly-cord-robots/data/simulation_output/FullVNC_DNg100_Stim/debug/run_id=closed_loop_s641_r0
Created 1 stimulus configurations
🔄 Creating fresh config for experiment 'FullVNC_DNg100_Stim' with paths template 'fly_robot'
✅ Created fresh config:
   Experiment: FullVNC_DNg100_Stim
   Version: debug
   Paths template: fly_robot
   Save dir: /Users/sakshaymahna/Documents/fly-cord-robots/data/simulation_output/FullVNC_DNg100_Stim/debug/run_id=closed_loop_s641_r7
Created 1 stimulus configurations
🔄 Creating fresh config for experiment 'FullVNC_DNg100_Stim' with paths template 'fly_robot'
✅ Created fresh config:
   Experiment: FullVNC_DNg100_Stim
   Version: debug
   Paths template: fly_robot
   Save dir: /Users/sakshaymahna/Documents/fly-cord-robots/data/simulation_output/FullVNC_DNg100_Stim/debug/run_id=closed_loop_s641_r6
Created 1 stimulus configurations
🔄 Creating fresh config for experiment 'FullVNC_DNg100_Stim' with paths template 'fly_robot'
✅ Created fresh config:
   Experiment: FullVNC_DNg100_Stim
   Version: debug
   Paths template: fly_robot
   Save dir: /Users/sakshaymahna/Documents/fly-cord-robots/data/simulation_output/FullVNC_DNg100_Stim/debug/run_id=closed_loop_s641_r4
Created 1 stimulus configurations
🔄 Creating fresh config for experiment 'FullVNC_DNg100_Stim' with paths template 'fly_robot'
✅ Created fresh config:
   Experiment: FullVNC_DNg100_Stim
   Version: debug
   Paths template: fly_robot
   Save dir: /Users/sakshaymahna/Documents/fly-cord-robots/data/simulation_output/FullVNC_DNg100_Stim/debug/run_id=closed_loop_s641_r0
Created 1 stimulus configurationsgen   97  best=+0.3277 med=+0.2818  sigma=0.364  sat=0.09  104s
gen   98  best=+0.2810 med=+0.1627  sigma=0.363  sat=0.09  128s
gen   99  best=+0.3214 med=+0.1350  sigma=0.364  sat=0.09  125s
gen  100  best=+0.3664 med=+0.2253  sigma=0.365  sat=0.09  137s
gen  101  best=+0.3001 med=+0.2809  sigma=0.367  sat=0.12  140s
gen  102  best=+0.3494 med=+0.3134  sigma=0.371  sat=0.12  108s
gen  103  best=+0.3128 med=+0.2237  sigma=0.374  sat=0.00  112s
gen  104  best=+0.3620 med=+0.2452  sigma=0.378  sat=0.16  115s
gen  105  best=+0.2769 med=+0.0576  sigma=0.380  sat=0.22  130s
gen  106  best=+0.3113 med=+0.2581  sigma=0.382  sat=0.03  131s
gen  107  best=+0.3351 med=+0.2095  sigma=0.381  sat=0.06  122s
gen  108  best=+0.2775 med=-1.3609  sigma=0.381  sat=0.31  145s
gen  109  best=+0.3113 med=+0.1715  sigma=0.382  sat=0.28  112s

🔄 Creating fresh config for experiment 'FullVNC_DNg100_Stim' with paths template 'fly_robot'
✅ Created fresh config:
   Experiment: FullVNC_DNg100_Stim
   Version: debug
   Paths template: fly_robot
   Save dir: /Users/sakshaymahna/Documents/fly-cord-robots/data/simulation_output/FullVNC_DNg100_Stim/debug/run_id=closed_loop_s641_r6
Created 1 stimulus configurations
🔄 Creating fresh config for experiment 'FullVNC_DNg100_Stim' with paths template 'fly_robot'
✅ Created fresh config:
   Experiment: FullVNC_DNg100_Stim
   Version: debug
   Paths template: fly_robot
   Save dir: /Users/sakshaymahna/Documents/fly-cord-robots/data/simulation_output/FullVNC_DNg100_Stim/debug/run_id=closed_loop_s641_r7
Created 1 stimulus configurations
🔄 Creating fresh config for experiment 'FullVNC_DNg100_Stim' with paths template 'fly_robot'
✅ Created fresh config:
   Experiment: FullVNC_DNg100_Stim
   Version: debug
   Paths template: fly_robot
   Save dir: /Users/sakshaymahna/Documents/fly-cord-robots/data/simulation_output/FullVNC_DNg100_Stim/debug/run_id=closed_loop_s641_r3
Created 1 stimulus configurations
🔄 Creating fresh config for experiment 'FullVNC_DNg100_Stim' with paths template 'fly_robot'
✅ Created fresh config:
   Experiment: FullVNC_DNg100_Stim
   Version: debug
   Paths template: fly_robot
   Save dir: /Users/sakshaymahna/Documents/fly-cord-robots/data/simulation_output/FullVNC_DNg100_Stim/debug/run_id=closed_loop_s641_r6
Created 1 stimulus configurations
🔄 Creating fresh config for experiment 'FullVNC_DNg100_Stim' with paths template 'fly_robot'
✅ Created fresh config:
   Experiment: FullVNC_DNg100_Stim
   Version: debug
   Paths template: fly_robot
   Save dir: /Users/sakshaymahna/Documents/fly-cord-robots/data/simulation_output/FullVNC_DNg100_Stim/debug/run_id=closed_loop_s641_r1
Created 1 stimulus configurations
🔄 Creating fresh config for experiment 'FullVNC_DNg100_Stim' with paths template 'fly_robot'
✅ Created fresh config:
   Experiment: FullVNC_DNg100_Stim
   Version: debug
   Paths template: fly_robot
   Save dir: /Users/sakshaymahna/Documents/fly-cord-robots/data/simulation_output/FullVNC_DNg100_Stim/debug/run_id=closed_loop_s641_r3
Created 1 stimulus configurations
🔄 Creating fresh config for experiment 'FullVNC_DNg100_Stim' with paths template 'fly_robot'
✅ Created fresh config:
   Experiment: FullVNC_DNg100_Stim
   Version: debug
   Paths template: fly_robot
   Save dir: /Users/sakshaymahna/Documents/fly-cord-robots/data/simulation_output/FullVNC_DNg100_Stim/debug/run_id=closed_loop_s641_r7
Created 1 stimulus configurations
🔄 Creating fresh config for experiment 'FullVNC_DNg100_Stim' with paths template 'fly_robot'
✅ Created fresh config:
   Experiment: FullVNC_DNg100_Stim
   Version: debug
   Paths template: fly_robot
   Save dir: /Users/sakshaymahna/Documents/fly-cord-robots/data/simulation_output/FullVNC_DNg100_Stim/debug/run_id=closed_loop_s641_r4
Created 1 stimulus configurations
🔄 Creating fresh config for experiment 'FullVNC_DNg100_Stim' with paths template 'fly_robot'
✅ Created fresh config:
   Experiment: FullVNC_DNg100_Stim
   Version: debug
   Paths template: fly_robot
   Save dir: /Users/sakshaymahna/Documents/fly-cord-robots/data/simulation_output/FullVNC_DNg100_Stim/debug/run_id=closed_loop_s641_r0
Created 1 stimulus configurations
🔄 Creating fresh config for experiment 'FullVNC_DNg100_Stim' with paths template 'fly_robot'
✅ Created fresh config:
   Experiment: FullVNC_DNg100_Stim
   Version: debug
   Paths template: fly_robot
   Save dir: /Users/sakshaymahna/Documents/fly-cord-robots/data/simulation_output/FullVNC_DNg100_Stim/debug/run_id=closed_loop_s641_r7
Created 1 stimulus configurations
🔄 Creating fresh config for experiment 'FullVNC_DNg100_Stim' with paths template 'fly_robot'
✅ Created fresh config:
   Experiment: FullVNC_DNg100_Stim
   Version: debug
   Paths template: fly_robot
   Save dir: /Users/sakshaymahna/Documents/fly-cord-robots/data/simulation_output/FullVNC_DNg100_Stim/debug/run_id=closed_loop_s641_r3
Created 1 stimulus configurations
🔄 Creating fresh config for experiment 'FullVNC_DNg100_Stim' with paths template 'fly_robot'
✅ Created fresh config:
   Experiment: FullVNC_DNg100_Stim
   Version: debug
   Paths template: fly_robot
   Save dir: /Users/sakshaymahna/Documents/fly-cord-robots/data/simulation_output/FullVNC_DNg100_Stim/debug/run_id=closed_loop_s641_r4
Created 1 stimulus configurations
🔄 Creating fresh config for experiment 'FullVNC_DNg100_Stim' with paths template 'fly_robot'
✅ Created fresh config:
   Experiment: FullVNC_DNg100_Stim
   Version: debug
   Paths template: fly_robot
   Save dir: /Users/sakshaymahna/Documents/fly-cord-robots/data/simulation_output/FullVNC_DNg100_Stim/debug/run_id=closed_loop_s641_r7
Created 1 stimulus configurations
🔄 Creating fresh config for experiment 'FullVNC_DNg100_Stim' with paths template 'fly_robot'
✅ Created fresh config:
   Experiment: FullVNC_DNg100_Stim
   Version: debug
   Paths template: fly_robot
   Save dir: /Users/sakshaymahna/Documents/fly-cord-robots/data/simulation_output/FullVNC_DNg100_Stim/debug/run_id=closed_loop_s641_r6
Created 1 stimulus configurations
🔄 Creating fresh config for experiment 'FullVNC_DNg100_Stim' with paths template 'fly_robot'
✅ Created fresh config:
   Experiment: FullVNC_DNg100_Stim
   Version: debug
   Paths template: fly_robot
   Save dir: /Users/sakshaymahna/Documents/fly-cord-robots/data/simulation_output/FullVNC_DNg100_Stim/debug/run_id=closed_loop_s641_r4
Created 1 stimulus configurations
🔄 Creating fresh config for experiment 'FullVNC_DNg100_Stim' with paths template 'fly_robot'
✅ Created fresh config:
   Experiment: FullVNC_DNg100_Stim
   Version: debug
   Paths template: fly_robot
   Save dir: /Users/sakshaymahna/Documents/fly-cord-robots/data/simulation_output/FullVNC_DNg100_Stim/debug/run_id=closed_loop_s641_r7
Created 1 stimulus configurations
🔄 Creating fresh config for experiment 'FullVNC_DNg100_Stim' with paths template 'fly_robot'
✅ Created fresh config:
   Experiment: FullVNC_DNg100_Stim
   Version: debug
   Paths template: fly_robot
   Save dir: /Users/sakshaymahna/Documents/fly-cord-robots/data/simulation_output/FullVNC_DNg100_Stim/debug/run_id=closed_loop_s641_r1
Created 1 stimulus configurations
🔄 Creating fresh config for experiment 'FullVNC_DNg100_Stim' with paths template 'fly_robot'
✅ Created fresh config:
   Experiment: FullVNC_DNg100_Stim
   Version: debug
   Paths template: fly_robot
   Save dir: /Users/sakshaymahna/Documents/fly-cord-robots/data/simulation_output/FullVNC_DNg100_Stim/debug/run_id=closed_loop_s641_r0
Created 1 stimulus configurations
🔄 Creating fresh config for experiment 'FullVNC_DNg100_Stim' with paths template 'fly_robot'
✅ Created fresh config:
   Experiment: FullVNC_DNg100_Stim
   Version: debug
   Paths template: fly_robot
   Save dir: /Users/sakshaymahna/Documents/fly-cord-robots/data/simulation_output/FullVNC_DNg100_Stim/debug/run_id=closed_loop_s641_r7
Created 1 stimulus configurations
🔄 Creating fresh config for experiment 'FullVNC_DNg100_Stim' with paths template 'fly_robot'
✅ Created fresh config:
   Experiment: FullVNC_DNg100_Stim
   Version: debug
   Paths template: fly_robot
   Save dir: /Users/sakshaymahna/Documents/fly-cord-robots/data/simulation_output/FullVNC_DNg100_Stim/debug/run_id=closed_loop_s641_r6
Created 1 stimulus configurations
🔄 Creating fresh config for experiment 'FullVNC_DNg100_Stim' with paths template 'fly_robot'
✅ Created fresh config:
   Experiment: FullVNC_DNg100_Stim
   Version: debug
   Paths template: fly_robot
   Save dir: /Users/sakshaymahna/Documents/fly-cord-robots/data/simulation_output/FullVNC_DNg100_Stim/debug/run_id=closed_loop_s641_r0
Created 1 stimulus configurations
🔄 Creating fresh config for experiment 'FullVNC_DNg100_Stim' with paths template 'fly_robot'
✅ Created fresh config:
   Experiment: FullVNC_DNg100_Stim
   Version: debug
   Paths template: fly_robot
   Save dir: /Users/sakshaymahna/Documents/fly-cord-robots/data/simulation_output/FullVNC_DNg100_Stim/debug/run_id=closed_loop_s641_r7
Created 1 stimulus configurations
🔄 Creating fresh config for experiment 'FullVNC_DNg100_Stim' with paths template 'fly_robot'
✅ Created fresh config:
   Experiment: FullVNC_DNg100_Stim
   Version: debug
   Paths template: fly_robot
   Save dir: /Users/sakshaymahna/Documents/fly-cord-robots/data/simulation_output/FullVNC_DNg100_Stim/debug/run_id=closed_loop_s641_r6
Created 1 stimulus configurations
🔄 Creating fresh config for experiment 'FullVNC_DNg100_Stim' with paths template 'fly_robot'
✅ Created fresh config:
   Experiment: FullVNC_DNg100_Stim
   Version: debug
   Paths template: fly_robot
   Save dir: /Users/sakshaymahna/Documents/fly-cord-robots/data/simulation_output/FullVNC_DNg100_Stim/debug/run_id=closed_loop_s641_r7
Created 1 stimulus configurations
🔄 Creating fresh config for experiment 'FullVNC_DNg100_Stim' with paths template 'fly_robot'
✅ Created fresh config:
   Experiment: FullVNC_DNg100_Stim
   Version: debug
   Paths template: fly_robot
   Save dir: /Users/sakshaymahna/Documents/fly-cord-robots/data/simulation_output/FullVNC_DNg100_Stim/debug/run_id=closed_loop_s641_r3
Created 1 stimulus configurations
🔄 Creating fresh config for experiment 'FullVNC_DNg100_Stim' with paths template 'fly_robot'
✅ Created fresh config:
   Experiment: FullVNC_DNg100_Stim
   Version: debug
   Paths template: fly_robot
   Save dir: /Users/sakshaymahna/Documents/fly-cord-robots/data/simulation_output/FullVNC_DNg100_Stim/debug/run_id=closed_loop_s641_r6
Created 1 stimulus configurations
🔄 Creating fresh config for experiment 'FullVNC_DNg100_Stim' with paths template 'fly_robot'
✅ Created fresh config:
   Experiment: FullVNC_DNg100_Stim
   Version: debug
   Paths template: fly_robot
   Save dir: /Users/sakshaymahna/Documents/fly-cord-robots/data/simulation_output/FullVNC_DNg100_Stim/debug/run_id=closed_loop_s641_r1
Created 1 stimulus configurations
🔄 Creating fresh config for experiment 'FullVNC_DNg100_Stim' with paths template 'fly_robot'
✅ Created fresh config:
   Experiment: FullVNC_DNg100_Stim
   Version: debug
   Paths template: fly_robot
   Save dir: /Users/sakshaymahna/Documents/fly-cord-robots/data/simulation_output/FullVNC_DNg100_Stim/debug/run_id=closed_loop_s641_r3
Created 1 stimulus configurations
🔄 Creating fresh config for experiment 'FullVNC_DNg100_Stim' with paths template 'fly_robot'
✅ Created fresh config:
   Experiment: FullVNC_DNg100_Stim
   Version: debug
   Paths template: fly_robot
   Save dir: /Users/sakshaymahna/Documents/fly-cord-robots/data/simulation_output/FullVNC_DNg100_Stim/debug/run_id=closed_loop_s641_r7
Created 1 stimulus configurations
🔄 Creating fresh config for experiment 'FullVNC_DNg100_Stim' with paths template 'fly_robot'
✅ Created fresh config:
   Experiment: FullVNC_DNg100_Stim
   Version: debug
   Paths template: fly_robot
   Save dir: /Users/sakshaymahna/Documents/fly-cord-robots/data/simulation_output/FullVNC_DNg100_Stim/debug/run_id=closed_loop_s641_r4
Created 1 stimulus configurations
🔄 Creating fresh config for experiment 'FullVNC_DNg100_Stim' with paths template 'fly_robot'
✅ Created fresh config:
   Experiment: FullVNC_DNg100_Stim
   Version: debug
   Paths template: fly_robot
   Save dir: /Users/sakshaymahna/Documents/fly-cord-robots/data/simulation_output/FullVNC_DNg100_Stim/debug/run_id=closed_loop_s641_r0
Created 1 stimulus configurations
🔄 Creating fresh config for experiment 'FullVNC_DNg100_Stim' with paths template 'fly_robot'
✅ Created fresh config:
   Experiment: FullVNC_DNg100_Stim
   Version: debug
   Paths template: fly_robot
   Save dir: /Users/sakshaymahna/Documents/fly-cord-robots/data/simulation_output/FullVNC_DNg100_Stim/debug/run_id=closed_loop_s641_r7
Created 1 stimulus configurations
🔄 Creating fresh config for experiment 'FullVNC_DNg100_Stim' with paths template 'fly_robot'
✅ Created fresh config:
   Experiment: FullVNC_DNg100_Stim
   Version: debug
   Paths template: fly_robot
   Save dir: /Users/sakshaymahna/Documents/fly-cord-robots/data/simulation_output/FullVNC_DNg100_Stim/debug/run_id=closed_loop_s641_r3
Created 1 stimulus configurations
🔄 Creating fresh config for experiment 'FullVNC_DNg100_Stim' with paths template 'fly_robot'
✅ Created fresh config:
   Experiment: FullVNC_DNg100_Stim
   Version: debug
   Paths template: fly_robot
   Save dir: /Users/sakshaymahna/Documents/fly-cord-robots/data/simulation_output/FullVNC_DNg100_Stim/debug/run_id=closed_loop_s641_r4
Created 1 stimulus configurations
🔄 Creating fresh config for experiment 'FullVNC_DNg100_Stim' with paths template 'fly_robot'
✅ Created fresh config:
   Experiment: FullVNC_DNg100_Stim
   Version: debug
   Paths template: fly_robot
   Save dir: /Users/sakshaymahna/Documents/fly-cord-robots/data/simulation_output/FullVNC_DNg100_Stim/debug/run_id=closed_loop_s641_r7
Created 1 stimulus configurations
🔄 Creating fresh config for experiment 'FullVNC_DNg100_Stim' with paths template 'fly_robot'
✅ Created fresh config:
   Experiment: FullVNC_DNg100_Stim
   Version: debug
   Paths template: fly_robot
   Save dir: /Users/sakshaymahna/Documents/fly-cord-robots/data/simulation_output/FullVNC_DNg100_Stim/debug/run_id=closed_loop_s641_r6
Created 1 stimulus configurations
🔄 Creating fresh config for experiment 'FullVNC_DNg100_Stim' with paths template 'fly_robot'
✅ Created fresh config:
   Experiment: FullVNC_DNg100_Stim
   Version: debug
   Paths template: fly_robot
   Save dir: /Users/sakshaymahna/Documents/fly-cord-robots/data/simulation_output/FullVNC_DNg100_Stim/debug/run_id=closed_loop_s641_r4
Created 1 stimulus configurations
🔄 Creating fresh config for experiment 'FullVNC_DNg100_Stim' with paths template 'fly_robot'
✅ Created fresh config:
   Experiment: FullVNC_DNg100_Stim
   Version: debug
   Paths template: fly_robot
   Save dir: /Users/sakshaymahna/Documents/fly-cord-robots/data/simulation_output/FullVNC_DNg100_Stim/debug/run_id=closed_loop_s641_r7
Created 1 stimulus configurations
🔄 Creating fresh config for experiment 'FullVNC_DNg100_Stim' with paths template 'fly_robot'
✅ Created fresh config:
   Experiment: FullVNC_DNg100_Stim
   Version: debug
   Paths template: fly_robot
   Save dir: /Users/sakshaymahna/Documents/fly-cord-robots/data/simulation_output/FullVNC_DNg100_Stim/debug/run_id=closed_loop_s641_r1
Created 1 stimulus configurations
🔄 Creating fresh config for experiment 'FullVNC_DNg100_Stim' with paths template 'fly_robot'
✅ Created fresh config:
   Experiment: FullVNC_DNg100_Stim
   Version: debug
   Paths template: fly_robot
   Save dir: /Users/sakshaymahna/Documents/fly-cord-robots/data/simulation_output/FullVNC_DNg100_Stim/debug/run_id=closed_loop_s641_r0
Created 1 stimulus configurations
🔄 Creating fresh config for experiment 'FullVNC_DNg100_Stim' with paths template 'fly_robot'
✅ Created fresh config:
   Experiment: FullVNC_DNg100_Stim
   Version: debug
   Paths template: fly_robot
   Save dir: /Users/sakshaymahna/Documents/fly-cord-robots/data/simulation_output/FullVNC_DNg100_Stim/debug/run_id=closed_loop_s641_r7
Created 1 stimulus configurations
🔄 Creating fresh config for experiment 'FullVNC_DNg100_Stim' with paths template 'fly_robot'
✅ Created fresh config:
   Experiment: FullVNC_DNg100_Stim
   Version: debug
   Paths template: fly_robot
   Save dir: /Users/sakshaymahna/Documents/fly-cord-robots/data/simulation_output/FullVNC_DNg100_Stim/debug/run_id=closed_loop_s641_r6
Created 1 stimulus configurations
🔄 Creating fresh config for experiment 'FullVNC_DNg100_Stim' with paths template 'fly_robot'
✅ Created fresh config:
   Experiment: FullVNC_DNg100_Stim
   Version: debug
   Paths template: fly_robot
   Save dir: /Users/sakshaymahna/Documents/fly-cord-robots/data/simulation_output/FullVNC_DNg100_Stim/debug/run_id=closed_loop_s641_r0
Created 1 stimulus configurations
🔄 Creating fresh config for experiment 'FullVNC_DNg100_Stim' with paths template 'fly_robot'
✅ Created fresh config:
   Experiment: FullVNC_DNg100_Stim
   Version: debug
   Paths template: fly_robot
   Save dir: /Users/sakshaymahna/Documents/fly-cord-robots/data/simulation_output/FullVNC_DNg100_Stim/debug/run_id=closed_loop_s641_r7
Created 1 stimulus configurations
🔄 Creating fresh config for experiment 'FullVNC_DNg100_Stim' with paths template 'fly_robot'
✅ Created fresh config:
   Experiment: FullVNC_DNg100_Stim
   Version: debug
   Paths template: fly_robot
   Save dir: /Users/sakshaymahna/Documents/fly-cord-robots/data/simulation_output/FullVNC_DNg100_Stim/debug/run_id=closed_loop_s641_r6
Created 1 stimulus configurations
🔄 Creating fresh config for experiment 'FullVNC_DNg100_Stim' with paths template 'fly_robot'
✅ Created fresh config:
   Experiment: FullVNC_DNg100_Stim
   Version: debug
   Paths template: fly_robot
   Save dir: /Users/sakshaymahna/Documents/fly-cord-robots/data/simulation_output/FullVNC_DNg100_Stim/debug/run_id=closed_loop_s641_r7
Created 1 stimulus configurations
🔄 Creating fresh config for experiment 'FullVNC_DNg100_Stim' with paths template 'fly_robot'
✅ Created fresh config:
   Experiment: FullVNC_DNg100_Stim
   Version: debug
   Paths template: fly_robot
   Save dir: /Users/sakshaymahna/Documents/fly-cord-robots/data/simulation_output/FullVNC_DNg100_Stim/debug/run_id=closed_loop_s641_r3
Created 1 stimulus configurations
🔄 Creating fresh config for experiment 'FullVNC_DNg100_Stim' with paths template 'fly_robot'
✅ Created fresh config:
   Experiment: FullVNC_DNg100_Stim
   Version: debug
   Paths template: fly_robot
   Save dir: /Users/sakshaymahna/Documents/fly-cord-robots/data/simulation_output/FullVNC_DNg100_Stim/debug/run_id=closed_loop_s641_r6
Created 1 stimulus configurations
🔄 Creating fresh config for experiment 'FullVNC_DNg100_Stim' with paths template 'fly_robot'
✅ Created fresh config:
   Experiment: FullVNC_DNg100_Stim
   Version: debug
   Paths template: fly_robot
   Save dir: /Users/sakshaymahna/Documents/fly-cord-robots/data/simulation_output/FullVNC_DNg100_Stim/debug/run_id=closed_loop_s641_r1
Created 1 stimulus configurations
🔄 Creating fresh config for experiment 'FullVNC_DNg100_Stim' with paths template 'fly_robot'
✅ Created fresh config:
   Experiment: FullVNC_DNg100_Stim
   Version: debug
   Paths template: fly_robot
   Save dir: /Users/sakshaymahna/Documents/fly-cord-robots/data/simulation_output/FullVNC_DNg100_Stim/debug/run_id=closed_loop_s641_r3
Created 1 stimulus configurations
🔄 Creating fresh config for experiment 'FullVNC_DNg100_Stim' with paths template 'fly_robot'
✅ Created fresh config:
   Experiment: FullVNC_DNg100_Stim
   Version: debug
   Paths template: fly_robot
   Save dir: /Users/sakshaymahna/Documents/fly-cord-robots/data/simulation_output/FullVNC_DNg100_Stim/debug/run_id=closed_loop_s641_r7
Created 1 stimulus configurations
🔄 Creating fresh config for experiment 'FullVNC_DNg100_Stim' with paths template 'fly_robot'
✅ Created fresh config:
   Experiment: FullVNC_DNg100_Stim
   Version: debug
   Paths template: fly_robot
   Save dir: /Users/sakshaymahna/Documents/fly-cord-robots/data/simulation_output/FullVNC_DNg100_Stim/debug/run_id=closed_loop_s641_r4
Created 1 stimulus configurations
🔄 Creating fresh config for experiment 'FullVNC_DNg100_Stim' with paths template 'fly_robot'
✅ Created fresh config:
   Experiment: FullVNC_DNg100_Stim
   Version: debug
   Paths template: fly_robot
   Save dir: /Users/sakshaymahna/Documents/fly-cord-robots/data/simulation_output/FullVNC_DNg100_Stim/debug/run_id=closed_loop_s641_r0
Created 1 stimulus configurations
🔄 Creating fresh config for experiment 'FullVNC_DNg100_Stim' with paths template 'fly_robot'
✅ Created fresh config:
   Experiment: FullVNC_DNg100_Stim
   Version: debug
   Paths template: fly_robot
   Save dir: /Users/sakshaymahna/Documents/fly-cord-robots/data/simulation_output/FullVNC_DNg100_Stim/debug/run_id=closed_loop_s641_r7
Created 1 stimulus configurations
🔄 Creating fresh config for experiment 'FullVNC_DNg100_Stim' with paths template 'fly_robot'
✅ Created fresh config:
   Experiment: FullVNC_DNg100_Stim
   Version: debug
   Paths template: fly_robot
   Save dir: /Users/sakshaymahna/Documents/fly-cord-robots/data/simulation_output/FullVNC_DNg100_Stim/debug/run_id=closed_loop_s641_r3
Created 1 stimulus configurations
🔄 Creating fresh config for experiment 'FullVNC_DNg100_Stim' with paths template 'fly_robot'
✅ Created fresh config:
   Experiment: FullVNC_DNg100_Stim
   Version: debug
   Paths template: fly_robot
   Save dir: /Users/sakshaymahna/Documents/fly-cord-robots/data/simulation_output/FullVNC_DNg100_Stim/debug/run_id=closed_loop_s641_r4
Created 1 stimulus configurations
🔄 Creating fresh config for experiment 'FullVNC_DNg100_Stim' with paths template 'fly_robot'
✅ Created fresh config:
   Experiment: FullVNC_DNg100_Stim
   Version: debug
   Paths template: fly_robot
   Save dir: /Users/sakshaymahna/Documents/fly-cord-robots/data/simulation_output/FullVNC_DNg100_Stim/debug/run_id=closed_loop_s641_r7
Created 1 stimulus configurations
🔄 Creating fresh config for experiment 'FullVNC_DNg100_Stim' with paths template 'fly_robot'
✅ Created fresh config:
   Experiment: FullVNC_DNg100_Stim
   Version: debug
   Paths template: fly_robot
   Save dir: /Users/sakshaymahna/Documents/fly-cord-robots/data/simulation_output/FullVNC_DNg100_Stim/debug/run_id=closed_loop_s641_r6
Created 1 stimulus configurations
🔄 Creating fresh config for experiment 'FullVNC_DNg100_Stim' with paths template 'fly_robot'
✅ Created fresh config:
   Experiment: FullVNC_DNg100_Stim
   Version: debug
   Paths template: fly_robot
   Save dir: /Users/sakshaymahna/Documents/fly-cord-robots/data/simulation_output/FullVNC_DNg100_Stim/debug/run_id=closed_loop_s641_r4
Created 1 stimulus configurations
🔄 Creating fresh config for experiment 'FullVNC_DNg100_Stim' with paths template 'fly_robot'
✅ Created fresh config:
   Experiment: FullVNC_DNg100_Stim
   Version: debug
   Paths template: fly_robot
   Save dir: /Users/sakshaymahna/Documents/fly-cord-robots/data/simulation_output/FullVNC_DNg100_Stim/debug/run_id=closed_loop_s641_r7
Created 1 stimulus configurations
🔄 Creating fresh config for experiment 'FullVNC_DNg100_Stim' with paths template 'fly_robot'
✅ Created fresh config:
   Experiment: FullVNC_DNg100_Stim
   Version: debug
   Paths template: fly_robot
   Save dir: /Users/sakshaymahna/Documents/fly-cord-robots/data/simulation_output/FullVNC_DNg100_Stim/debug/run_id=closed_loop_s641_r1
Created 1 stimulus configurations
🔄 Creating fresh config for experiment 'FullVNC_DNg100_Stim' with paths template 'fly_robot'
✅ Created fresh config:
   Experiment: FullVNC_DNg100_Stim
   Version: debug
   Paths template: fly_robot
   Save dir: /Users/sakshaymahna/Documents/fly-cord-robots/data/simulation_output/FullVNC_DNg100_Stim/debug/run_id=closed_loop_s641_r0
Created 1 stimulus configurations
🔄 Creating fresh config for experiment 'FullVNC_DNg100_Stim' with paths template 'fly_robot'
✅ Created fresh config:
   Experiment: FullVNC_DNg100_Stim
   Version: debug
   Paths template: fly_robot
   Save dir: /Users/sakshaymahna/Documents/fly-cord-robots/data/simulation_output/FullVNC_DNg100_Stim/debug/run_id=closed_loop_s641_r7
Created 1 stimulus configurations
🔄 Creating fresh config for experiment 'FullVNC_DNg100_Stim' with paths template 'fly_robot'
✅ Created fresh config:
   Experiment: FullVNC_DNg100_Stim
   Version: debug
   Paths template: fly_robot
   Save dir: /Users/sakshaymahna/Documents/fly-cord-robots/data/simulation_output/FullVNC_DNg100_Stim/debug/run_id=closed_loop_s641_r6
Created 1 stimulus configurations
🔄 Creating fresh config for experiment 'FullVNC_DNg100_Stim' with paths template 'fly_robot'
✅ Created fresh config:
   Experiment: FullVNC_DNg100_Stim
   Version: debug
   Paths template: fly_robot
   Save dir: /Users/sakshaymahna/Documents/fly-cord-robots/data/simulation_output/FullVNC_DNg100_Stim/debug/run_id=closed_loop_s641_r0
Created 1 stimulus configurations
🔄 Creating fresh config for experiment 'FullVNC_DNg100_Stim' with paths template 'fly_robot'
✅ Created fresh config:
   Experiment: FullVNC_DNg100_Stim
   Version: debug
   Paths template: fly_robot
   Save dir: /Users/sakshaymahna/Documents/fly-cord-robots/data/simulation_output/FullVNC_DNg100_Stim/debug/run_id=closed_loop_s641_r7
Created 1 stimulus configurations
🔄 Creating fresh config for experiment 'FullVNC_DNg100_Stim' with paths template 'fly_robot'
✅ Created fresh config:
   Experiment: FullVNC_DNg100_Stim
   Version: debug
   Paths template: fly_robot
   Save dir: /Users/sakshaymahna/Documents/fly-cord-robots/data/simulation_output/FullVNC_DNg100_Stim/debug/run_id=closed_loop_s641_r6
Created 1 stimulus configurations
🔄 Creating fresh config for experiment 'FullVNC_DNg100_Stim' with paths template 'fly_robot'
✅ Created fresh config:
   Experiment: FullVNC_DNg100_Stim
   Version: debug
   Paths template: fly_robot
   Save dir: /Users/sakshaymahna/Documents/fly-cord-robots/data/simulation_output/FullVNC_DNg100_Stim/debug/run_id=closed_loop_s641_r7
Created 1 stimulus configurations
🔄 Creating fresh config for experiment 'FullVNC_DNg100_Stim' with paths template 'fly_robot'
✅ Created fresh config:
   Experiment: FullVNC_DNg100_Stim
   Version: debug
   Paths template: fly_robot
   Save dir: /Users/sakshaymahna/Documents/fly-cord-robots/data/simulation_output/FullVNC_DNg100_Stim/debug/run_id=closed_loop_s641_r3
Created 1 stimulus configurations
🔄 Creating fresh config for experiment 'FullVNC_DNg100_Stim' with paths template 'fly_robot'
✅ Created fresh config:
   Experiment: FullVNC_DNg100_Stim
   Version: debug
   Paths template: fly_robot
   Save dir: /Users/sakshaymahna/Documents/fly-cord-robots/data/simulation_output/FullVNC_DNg100_Stim/debug/run_id=closed_loop_s641_r6
Created 1 stimulus configurations
🔄 Creating fresh config for experiment 'FullVNC_DNg100_Stim' with paths template 'fly_robot'
✅ Created fresh config:
   Experiment: FullVNC_DNg100_Stim
   Version: debug
   Paths template: fly_robot
   Save dir: /Users/sakshaymahna/Documents/fly-cord-robots/data/simulation_output/FullVNC_DNg100_Stim/debug/run_id=closed_loop_s641_r1
Created 1 stimulus configurations
🔄 Creating fresh config for experiment 'FullVNC_DNg100_Stim' with paths template 'fly_robot'
✅ Created fresh config:
   Experiment: FullVNC_DNg100_Stim
   Version: debug
   Paths template: fly_robot
   Save dir: /Users/sakshaymahna/Documents/fly-cord-robots/data/simulation_output/FullVNC_DNg100_Stim/debug/run_id=closed_loop_s641_r3
Created 1 stimulus configurations
🔄 Creating fresh config for experiment 'FullVNC_DNg100_Stim' with paths template 'fly_robot'
✅ Created fresh config:
   Experiment: FullVNC_DNg100_Stim
   Version: debug
   Paths template: fly_robot
   Save dir: /Users/sakshaymahna/Documents/fly-cord-robots/data/simulation_output/FullVNC_DNg100_Stim/debug/run_id=closed_loop_s641_r7
Created 1 stimulus configurations
🔄 Creating fresh config for experiment 'FullVNC_DNg100_Stim' with paths template 'fly_robot'
✅ Created fresh config:
   Experiment: FullVNC_DNg100_Stim
   Version: debug
   Paths template: fly_robot
   Save dir: /Users/sakshaymahna/Documents/fly-cord-robots/data/simulation_output/FullVNC_DNg100_Stim/debug/run_id=closed_loop_s641_r4
Created 1 stimulus configurations
🔄 Creating fresh config for experiment 'FullVNC_DNg100_Stim' with paths template 'fly_robot'
✅ Created fresh config:
   Experiment: FullVNC_DNg100_Stim
   Version: debug
   Paths template: fly_robot
   Save dir: /Users/sakshaymahna/Documents/fly-cord-robots/data/simulation_output/FullVNC_DNg100_Stim/debug/run_id=closed_loop_s641_r0
Created 1 stimulus configurations
🔄 Creating fresh config for experiment 'FullVNC_DNg100_Stim' with paths template 'fly_robot'
✅ Created fresh config:
   Experiment: FullVNC_DNg100_Stim
   Version: debug
   Paths template: fly_robot
   Save dir: /Users/sakshaymahna/Documents/fly-cord-robots/data/simulation_output/FullVNC_DNg100_Stim/debug/run_id=closed_loop_s641_r7
Created 1 stimulus configurations
🔄 Creating fresh config for experiment 'FullVNC_DNg100_Stim' with paths template 'fly_robot'
✅ Created fresh config:
   Experiment: FullVNC_DNg100_Stim
   Version: debug
   Paths template: fly_robot
   Save dir: /Users/sakshaymahna/Documents/fly-cord-robots/data/simulation_output/FullVNC_DNg100_Stim/debug/run_id=closed_loop_s641_r3
Created 1 stimulus configurations
🔄 Creating fresh config for experiment 'FullVNC_DNg100_Stim' with paths template 'fly_robot'
✅ Created fresh config:
   Experiment: FullVNC_DNg100_Stim
   Version: debug
   Paths template: fly_robot
   Save dir: /Users/sakshaymahna/Documents/fly-cord-robots/data/simulation_output/FullVNC_DNg100_Stim/debug/run_id=closed_loop_s641_r4
Created 1 stimulus configurations
🔄 Creating fresh config for experiment 'FullVNC_DNg100_Stim' with paths template 'fly_robot'
✅ Created fresh config:
   Experiment: FullVNC_DNg100_Stim
   Version: debug
   Paths template: fly_robot
   Save dir: /Users/sakshaymahna/Documents/fly-cord-robots/data/simulation_output/FullVNC_DNg100_Stim/debug/run_id=closed_loop_s641_r7
Created 1 stimulus configurations
🔄 Creating fresh config for experiment 'FullVNC_DNg100_Stim' with paths template 'fly_robot'
✅ Created fresh config:
   Experiment: FullVNC_DNg100_Stim
   Version: debug
   Paths template: fly_robot
   Save dir: /Users/sakshaymahna/Documents/fly-cord-robots/data/simulation_output/FullVNC_DNg100_Stim/debug/run_id=closed_loop_s641_r6
Created 1 stimulus configurations
🔄 Creating fresh config for experiment 'FullVNC_DNg100_Stim' with paths template 'fly_robot'
✅ Created fresh config:
   Experiment: FullVNC_DNg100_Stim
   Version: debug
   Paths template: fly_robot
   Save dir: /Users/sakshaymahna/Documents/fly-cord-robots/data/simulation_output/FullVNC_DNg100_Stim/debug/run_id=closed_loop_s641_r4
Created 1 stimulus configurations
🔄 Creating fresh config for experiment 'FullVNC_DNg100_Stim' with paths template 'fly_robot'
✅ Created fresh config:
   Experiment: FullVNC_DNg100_Stim
   Version: debug
   Paths template: fly_robot
   Save dir: /Users/sakshaymahna/Documents/fly-cord-robots/data/simulation_output/FullVNC_DNg100_Stim/debug/run_id=closed_loop_s641_r7
Created 1 stimulus configurations
🔄 Creating fresh config for experiment 'FullVNC_DNg100_Stim' with paths template 'fly_robot'
✅ Created fresh config:
   Experiment: FullVNC_DNg100_Stim
   Version: debug
   Paths template: fly_robot
   Save dir: /Users/sakshaymahna/Documents/fly-cord-robots/data/simulation_output/FullVNC_DNg100_Stim/debug/run_id=closed_loop_s641_r1
Created 1 stimulus configurations
🔄 Creating fresh config for experiment 'FullVNC_DNg100_Stim' with paths template 'fly_robot'
✅ Created fresh config:
   Experiment: FullVNC_DNg100_Stim
   Version: debug
   Paths template: fly_robot
   Save dir: /Users/sakshaymahna/Documents/fly-cord-robots/data/simulation_output/FullVNC_DNg100_Stim/debug/run_id=closed_loop_s641_r0
Created 1 stimulus configurations
🔄 Creating fresh config for experiment 'FullVNC_DNg100_Stim' with paths template 'fly_robot'
✅ Created fresh config:
   Experiment: FullVNC_DNg100_Stim
   Version: debug
   Paths template: fly_robot
   Save dir: /Users/sakshaymahna/Documents/fly-cord-robots/data/simulation_output/FullVNC_DNg100_Stim/debug/run_id=closed_loop_s641_r7
Created 1 stimulus configurations
🔄 Creating fresh config for experiment 'FullVNC_DNg100_Stim' with paths template 'fly_robot'
✅ Created fresh config:
   Experiment: FullVNC_DNg100_Stim
   Version: debug
   Paths template: fly_robot
   Save dir: /Users/sakshaymahna/Documents/fly-cord-robots/data/simulation_output/FullVNC_DNg100_Stim/debug/run_id=closed_loop_s641_r6
Created 1 stimulus configurations
🔄 Creating fresh config for experiment 'FullVNC_DNg100_Stim' with paths template 'fly_robot'
✅ Created fresh config:
   Experiment: FullVNC_DNg100_Stim
   Version: debug
   Paths template: fly_robot
   Save dir: /Users/sakshaymahna/Documents/fly-cord-robots/data/simulation_output/FullVNC_DNg100_Stim/debug/run_id=closed_loop_s641_r0
Created 1 stimulus configurations
🔄 Creating fresh config for experiment 'FullVNC_DNg100_Stim' with paths template 'fly_robot'
✅ Created fresh config:
   Experiment: FullVNC_DNg100_Stim
   Version: debug
   Paths template: fly_robot
   Save dir: /Users/sakshaymahna/Documents/fly-cord-robots/data/simulation_output/FullVNC_DNg100_Stim/debug/run_id=closed_loop_s641_r7
Created 1 stimulus configurations
🔄 Creating fresh config for experiment 'FullVNC_DNg100_Stim' with paths template 'fly_robot'
✅ Created fresh config:
   Experiment: FullVNC_DNg100_Stim
   Version: debug
   Paths template: fly_robot
   Save dir: /Users/sakshaymahna/Documents/fly-cord-robots/data/simulation_output/FullVNC_DNg100_Stim/debug/run_id=closed_loop_s641_r6
Created 1 stimulus configurations
🔄 Creating fresh config for experiment 'FullVNC_DNg100_Stim' with paths template 'fly_robot'
✅ Created fresh config:
   Experiment: FullVNC_DNg100_Stim
   Version: debug
   Paths template: fly_robot
   Save dir: /Users/sakshaymahna/Documents/fly-cord-robots/data/simulation_output/FullVNC_DNg100_Stim/debug/run_id=closed_loop_s641_r7
Created 1 stimulus configurations
🔄 Creating fresh config for experiment 'FullVNC_DNg100_Stim' with paths template 'fly_robot'
✅ Created fresh config:
   Experiment: FullVNC_DNg100_Stim
   Version: debug
   Paths template: fly_robot
   Save dir: /Users/sakshaymahna/Documents/fly-cord-robots/data/simulation_output/FullVNC_DNg100_Stim/debug/run_id=closed_loop_s641_r3
Created 1 stimulus configurations
🔄 Creating fresh config for experiment 'FullVNC_DNg100_Stim' with paths template 'fly_robot'
✅ Created fresh config:
   Experiment: FullVNC_DNg100_Stim
   Version: debug
   Paths template: fly_robot
   Save dir: /Users/sakshaymahna/Documents/fly-cord-robots/data/simulation_output/FullVNC_DNg100_Stim/debug/run_id=closed_loop_s641_r6
Created 1 stimulus configurations
🔄 Creating fresh config for experiment 'FullVNC_DNg100_Stim' with paths template 'fly_robot'
✅ Created fresh config:
   Experiment: FullVNC_DNg100_Stim
   Version: debug
   Paths template: fly_robot
   Save dir: /Users/sakshaymahna/Documents/fly-cord-robots/data/simulation_output/FullVNC_DNg100_Stim/debug/run_id=closed_loop_s641_r1
Created 1 stimulus configurations
🔄 Creating fresh config for experiment 'FullVNC_DNg100_Stim' with paths template 'fly_robot'
✅ Created fresh config:
   Experiment: FullVNC_DNg100_Stim
   Version: debug
   Paths template: fly_robot
   Save dir: /Users/sakshaymahna/Documents/fly-cord-robots/data/simulation_output/FullVNC_DNg100_Stim/debug/run_id=closed_loop_s641_r3
Created 1 stimulus configurations
🔄 Creating fresh config for experiment 'FullVNC_DNg100_Stim' with paths template 'fly_robot'
✅ Created fresh config:
   Experiment: FullVNC_DNg100_Stim
   Version: debug
   Paths template: fly_robot
   Save dir: /Users/sakshaymahna/Documents/fly-cord-robots/data/simulation_output/FullVNC_DNg100_Stim/debug/run_id=closed_loop_s641_r7
Created 1 stimulus configurations
🔄 Creating fresh config for experiment 'FullVNC_DNg100_Stim' with paths template 'fly_robot'
✅ Created fresh config:
   Experiment: FullVNC_DNg100_Stim
   Version: debug
   Paths template: fly_robot
   Save dir: /Users/sakshaymahna/Documents/fly-cord-robots/data/simulation_output/FullVNC_DNg100_Stim/debug/run_id=closed_loop_s641_r4
Created 1 stimulus configurations
🔄 Creating fresh config for experiment 'FullVNC_DNg100_Stim' with paths template 'fly_robot'
✅ Created fresh config:
   Experiment: FullVNC_DNg100_Stim
   Version: debug
   Paths template: fly_robot
   Save dir: /Users/sakshaymahna/Documents/fly-cord-robots/data/simulation_output/FullVNC_DNg100_Stim/debug/run_id=closed_loop_s641_r0
Created 1 stimulus configurations
🔄 Creating fresh config for experiment 'FullVNC_DNg100_Stim' with paths template 'fly_robot'
✅ Created fresh config:
   Experiment: FullVNC_DNg100_Stim
   Version: debug
   Paths template: fly_robot
   Save dir: /Users/sakshaymahna/Documents/fly-cord-robots/data/simulation_output/FullVNC_DNg100_Stim/debug/run_id=closed_loop_s641_r7
Created 1 stimulus configurations
🔄 Creating fresh config for experiment 'FullVNC_DNg100_Stim' with paths template 'fly_robot'
✅ Created fresh config:
   Experiment: FullVNC_DNg100_Stim
   Version: debug
   Paths template: fly_robot
   Save dir: /Users/sakshaymahna/Documents/fly-cord-robots/data/simulation_output/FullVNC_DNg100_Stim/debug/run_id=closed_loop_s641_r3
Created 1 stimulus configurations
🔄 Creating fresh config for experiment 'FullVNC_DNg100_Stim' with paths template 'fly_robot'
✅ Created fresh config:
   Experiment: FullVNC_DNg100_Stim
   Version: debug
   Paths template: fly_robot
   Save dir: /Users/sakshaymahna/Documents/fly-cord-robots/data/simulation_output/FullVNC_DNg100_Stim/debug/run_id=closed_loop_s641_r4
Created 1 stimulus configurations
🔄 Creating fresh config for experiment 'FullVNC_DNg100_Stim' with paths template 'fly_robot'
✅ Created fresh config:
   Experiment: FullVNC_DNg100_Stim
   Version: debug
   Paths template: fly_robot
   Save dir: /Users/sakshaymahna/Documents/fly-cord-robots/data/simulation_output/FullVNC_DNg100_Stim/debug/run_id=closed_loop_s641_r7
Created 1 stimulus configurations
🔄 Creating fresh config for experiment 'FullVNC_DNg100_Stim' with paths template 'fly_robot'
✅ Created fresh config:
   Experiment: FullVNC_DNg100_Stim
   Version: debug
   Paths template: fly_robot
   Save dir: /Users/sakshaymahna/Documents/fly-cord-robots/data/simulation_output/FullVNC_DNg100_Stim/debug/run_id=closed_loop_s641_r6
Created 1 stimulus configurations
🔄 Creating fresh config for experiment 'FullVNC_DNg100_Stim' with paths template 'fly_robot'
✅ Created fresh config:
   Experiment: FullVNC_DNg100_Stim
   Version: debug
   Paths template: fly_robot
   Save dir: /Users/sakshaymahna/Documents/fly-cord-robots/data/simulation_output/FullVNC_DNg100_Stim/debug/run_id=closed_loop_s641_r4
Created 1 stimulus configurations
🔄 Creating fresh config for experiment 'FullVNC_DNg100_Stim' with paths template 'fly_robot'
✅ Created fresh config:
   Experiment: FullVNC_DNg100_Stim
   Version: debug
   Paths template: fly_robot
   Save dir: /Users/sakshaymahna/Documents/fly-cord-robots/data/simulation_output/FullVNC_DNg100_Stim/debug/run_id=closed_loop_s641_r7
Created 1 stimulus configurations
🔄 Creating fresh config for experiment 'FullVNC_DNg100_Stim' with paths template 'fly_robot'
✅ Created fresh config:
   Experiment: FullVNC_DNg100_Stim
   Version: debug
   Paths template: fly_robot
   Save dir: /Users/sakshaymahna/Documents/fly-cord-robots/data/simulation_output/FullVNC_DNg100_Stim/debug/run_id=closed_loop_s641_r1
Created 1 stimulus configurations
🔄 Creating fresh config for experiment 'FullVNC_DNg100_Stim' with paths template 'fly_robot'
✅ Created fresh config:
   Experiment: FullVNC_DNg100_Stim
   Version: debug
   Paths template: fly_robot
   Save dir: /Users/sakshaymahna/Documents/fly-cord-robots/data/simulation_output/FullVNC_DNg100_Stim/debug/run_id=closed_loop_s641_r0
Created 1 stimulus configurations
🔄 Creating fresh config for experiment 'FullVNC_DNg100_Stim' with paths template 'fly_robot'
✅ Created fresh config:
   Experiment: FullVNC_DNg100_Stim
   Version: debug
   Paths template: fly_robot
   Save dir: /Users/sakshaymahna/Documents/fly-cord-robots/data/simulation_output/FullVNC_DNg100_Stim/debug/run_id=closed_loop_s641_r7
Created 1 stimulus configurations
🔄 Creating fresh config for experiment 'FullVNC_DNg100_Stim' with paths template 'fly_robot'
✅ Created fresh config:
   Experiment: FullVNC_DNg100_Stim
   Version: debug
   Paths template: fly_robot
   Save dir: /Users/sakshaymahna/Documents/fly-cord-robots/data/simulation_output/FullVNC_DNg100_Stim/debug/run_id=closed_loop_s641_r6
Created 1 stimulus configurations
🔄 Creating fresh config for experiment 'FullVNC_DNg100_Stim' with paths template 'fly_robot'
✅ Created fresh config:
   Experiment: FullVNC_DNg100_Stim
   Version: debug
   Paths template: fly_robot
   Save dir: /Users/sakshaymahna/Documents/fly-cord-robots/data/simulation_output/FullVNC_DNg100_Stim/debug/run_id=closed_loop_s641_r0
Created 1 stimulus configurations
🔄 Creating fresh config for experiment 'FullVNC_DNg100_Stim' with paths template 'fly_robot'
✅ Created fresh config:
   Experiment: FullVNC_DNg100_Stim
   Version: debug
   Paths template: fly_robot
   Save dir: /Users/sakshaymahna/Documents/fly-cord-robots/data/simulation_output/FullVNC_DNg100_Stim/debug/run_id=closed_loop_s641_r7
Created 1 stimulus configurations
🔄 Creating fresh config for experiment 'FullVNC_DNg100_Stim' with paths template 'fly_robot'
✅ Created fresh config:
   Experiment: FullVNC_DNg100_Stim
   Version: debug
   Paths template: fly_robot
   Save dir: /Users/sakshaymahna/Documents/fly-cord-robots/data/simulation_output/FullVNC_DNg100_Stim/debug/run_id=closed_loop_s641_r6
Created 1 stimulus configurations
🔄 Creating fresh config for experiment 'FullVNC_DNg100_Stim' with paths template 'fly_robot'
✅ Created fresh config:
   Experiment: FullVNC_DNg100_Stim
   Version: debug
   Paths template: fly_robot
   Save dir: /Users/sakshaymahna/Documents/fly-cord-robots/data/simulation_output/FullVNC_DNg100_Stim/debug/run_id=closed_loop_s641_r7
Created 1 stimulus configurations
🔄 Creating fresh config for experiment 'FullVNC_DNg100_Stim' with paths template 'fly_robot'
✅ Created fresh config:
   Experiment: FullVNC_DNg100_Stim
   Version: debug
   Paths template: fly_robot
   Save dir: /Users/sakshaymahna/Documents/fly-cord-robots/data/simulation_output/FullVNC_DNg100_Stim/debug/run_id=closed_loop_s641_r3
Created 1 stimulus configurations
🔄 Creating fresh config for experiment 'FullVNC_DNg100_Stim' with paths template 'fly_robot'
✅ Created fresh config:
   Experiment: FullVNC_DNg100_Stim
   Version: debug
   Paths template: fly_robot
   Save dir: /Users/sakshaymahna/Documents/fly-cord-robots/data/simulation_output/FullVNC_DNg100_Stim/debug/run_id=closed_loop_s641_r6
Created 1 stimulus configurations
🔄 Creating fresh config for experiment 'FullVNC_DNg100_Stim' with paths template 'fly_robot'
✅ Created fresh config:
   Experiment: FullVNC_DNg100_Stim
   Version: debug
   Paths template: fly_robot
   Save dir: /Users/sakshaymahna/Documents/fly-cord-robots/data/simulation_output/FullVNC_DNg100_Stim/debug/run_id=closed_loop_s641_r1
Created 1 stimulus configurations
🔄 Creating fresh config for experiment 'FullVNC_DNg100_Stim' with paths template 'fly_robot'
✅ Created fresh config:
   Experiment: FullVNC_DNg100_Stim
   Version: debug
   Paths template: fly_robot
   Save dir: /Users/sakshaymahna/Documents/fly-cord-robots/data/simulation_output/FullVNC_DNg100_Stim/debug/run_id=closed_loop_s641_r3
Created 1 stimulus configurations
🔄 Creating fresh config for experiment 'FullVNC_DNg100_Stim' with paths template 'fly_robot'
✅ Created fresh config:
   Experiment: FullVNC_DNg100_Stim
   Version: debug
   Paths template: fly_robot
   Save dir: /Users/sakshaymahna/Documents/fly-cord-robots/data/simulation_output/FullVNC_DNg100_Stim/debug/run_id=closed_loop_s641_r7
Created 1 stimulus configurations
🔄 Creating fresh config for experiment 'FullVNC_DNg100_Stim' with paths template 'fly_robot'
✅ Created fresh config:
   Experiment: FullVNC_DNg100_Stim
   Version: debug
   Paths template: fly_robot
   Save dir: /Users/sakshaymahna/Documents/fly-cord-robots/data/simulation_output/FullVNC_DNg100_Stim/debug/run_id=closed_loop_s641_r4
Created 1 stimulus configurations
🔄 Creating fresh config for experiment 'FullVNC_DNg100_Stim' with paths template 'fly_robot'
✅ Created fresh config:
   Experiment: FullVNC_DNg100_Stim
   Version: debug
   Paths template: fly_robot
   Save dir: /Users/sakshaymahna/Documents/fly-cord-robots/data/simulation_output/FullVNC_DNg100_Stim/debug/run_id=closed_loop_s641_r0
Created 1 stimulus configurations
🔄 Creating fresh config for experiment 'FullVNC_DNg100_Stim' with paths template 'fly_robot'
✅ Created fresh config:
   Experiment: FullVNC_DNg100_Stim
   Version: debug
   Paths template: fly_robot
   Save dir: /Users/sakshaymahna/Documents/fly-cord-robots/data/simulation_output/FullVNC_DNg100_Stim/debug/run_id=closed_loop_s641_r7
Created 1 stimulus configurations
🔄 Creating fresh config for experiment 'FullVNC_DNg100_Stim' with paths template 'fly_robot'
✅ Created fresh config:
   Experiment: FullVNC_DNg100_Stim
   Version: debug
   Paths template: fly_robot
   Save dir: /Users/sakshaymahna/Documents/fly-cord-robots/data/simulation_output/FullVNC_DNg100_Stim/debug/run_id=closed_loop_s641_r3
Created 1 stimulus configurations
🔄 Creating fresh config for experiment 'FullVNC_DNg100_Stim' with paths template 'fly_robot'
✅ Created fresh config:
   Experiment: FullVNC_DNg100_Stim
   Version: debug
   Paths template: fly_robot
   Save dir: /Users/sakshaymahna/Documents/fly-cord-robots/data/simulation_output/FullVNC_DNg100_Stim/debug/run_id=closed_loop_s641_r4
Created 1 stimulus configurations
🔄 Creating fresh config for experiment 'FullVNC_DNg100_Stim' with paths template 'fly_robot'
✅ Created fresh config:
   Experiment: FullVNC_DNg100_Stim
   Version: debug
   Paths template: fly_robot
   Save dir: /Users/sakshaymahna/Documents/fly-cord-robots/data/simulation_output/FullVNC_DNg100_Stim/debug/run_id=closed_loop_s641_r7
Created 1 stimulus configurations
🔄 Creating fresh config for experiment 'FullVNC_DNg100_Stim' with paths template 'fly_robot'
✅ Created fresh config:
   Experiment: FullVNC_DNg100_Stim
   Version: debug
   Paths template: fly_robot
   Save dir: /Users/sakshaymahna/Documents/fly-cord-robots/data/simulation_output/FullVNC_DNg100_Stim/debug/run_id=closed_loop_s641_r6
Created 1 stimulus configurations
🔄 Creating fresh config for experiment 'FullVNC_DNg100_Stim' with paths template 'fly_robot'
✅ Created fresh config:
   Experiment: FullVNC_DNg100_Stim
   Version: debug
   Paths template: fly_robot
   Save dir: /Users/sakshaymahna/Documents/fly-cord-robots/data/simulation_output/FullVNC_DNg100_Stim/debug/run_id=closed_loop_s641_r4
Created 1 stimulus configurations
🔄 Creating fresh config for experiment 'FullVNC_DNg100_Stim' with paths template 'fly_robot'
✅ Created fresh config:
   Experiment: FullVNC_DNg100_Stim
   Version: debug
   Paths template: fly_robot
   Save dir: /Users/sakshaymahna/Documents/fly-cord-robots/data/simulation_output/FullVNC_DNg100_Stim/debug/run_id=closed_loop_s641_r7
Created 1 stimulus configurations
🔄 Creating fresh config for experiment 'FullVNC_DNg100_Stim' with paths template 'fly_robot'
✅ Created fresh config:
   Experiment: FullVNC_DNg100_Stim
   Version: debug
   Paths template: fly_robot
   Save dir: /Users/sakshaymahna/Documents/fly-cord-robots/data/simulation_output/FullVNC_DNg100_Stim/debug/run_id=closed_loop_s641_r1
Created 1 stimulus configurations
🔄 Creating fresh config for experiment 'FullVNC_DNg100_Stim' with paths template 'fly_robot'
✅ Created fresh config:
   Experiment: FullVNC_DNg100_Stim
   Version: debug
   Paths template: fly_robot
   Save dir: /Users/sakshaymahna/Documents/fly-cord-robots/data/simulation_output/FullVNC_DNg100_Stim/debug/run_id=closed_loop_s641_r0
Created 1 stimulus configurations
🔄 Creating fresh config for experiment 'FullVNC_DNg100_Stim' with paths template 'fly_robot'
✅ Created fresh config:
   Experiment: FullVNC_DNg100_Stim
   Version: debug
   Paths template: fly_robot
   Save dir: /Users/sakshaymahna/Documents/fly-cord-robots/data/simulation_output/FullVNC_DNg100_Stim/debug/run_id=closed_loop_s641_r7
Created 1 stimulus configurations
🔄 Creating fresh config for experiment 'FullVNC_DNg100_Stim' with paths template 'fly_robot'
✅ Created fresh config:
   Experiment: FullVNC_DNg100_Stim
   Version: debug
   Paths template: fly_robot
   Save dir: /Users/sakshaymahna/Documents/fly-cord-robots/data/simulation_output/FullVNC_DNg100_Stim/debug/run_id=closed_loop_s641_r6
Created 1 stimulus configurations
🔄 Creating fresh config for experiment 'FullVNC_DNg100_Stim' with paths template 'fly_robot'
✅ Created fresh config:
   Experiment: FullVNC_DNg100_Stim
   Version: debug
   Paths template: fly_robot
   Save dir: /Users/sakshaymahna/Documents/fly-cord-robots/data/simulation_output/FullVNC_DNg100_Stim/debug/run_id=closed_loop_s641_r0
Created 1 stimulus configurations
🔄 Creating fresh config for experiment 'FullVNC_DNg100_Stim' with paths template 'fly_robot'
✅ Created fresh config:
   Experiment: FullVNC_DNg100_Stim
   Version: debug
   Paths template: fly_robot
   Save dir: /Users/sakshaymahna/Documents/fly-cord-robots/data/simulation_output/FullVNC_DNg100_Stim/debug/run_id=closed_loop_s641_r7
Created 1 stimulus configurationsgen  110  best=+0.3219 med=+0.2738  sigma=0.382  sat=0.00  115s
gen  111  best=+0.3146 med=+0.2464  sigma=0.383  sat=0.19  156s
gen  112  best=+0.2997 med=+0.1979  sigma=0.383  sat=0.06  118s
gen  113  best=+0.2740 med=+0.2192  sigma=0.383  sat=0.12  129s
gen  114  best=+0.3125 med=+0.2623  sigma=0.384  sat=0.16  120s
gen  115  best=+0.3281 med=+0.1926  sigma=0.385  sat=0.06  85s
gen  116  best=+0.3563 med=-1.5750  sigma=0.385  sat=0.28  154s
gen  117  best=+0.3100 med=+0.2328  sigma=0.384  sat=0.09  134s
gen  118  best=+0.3183 med=+0.2628  sigma=0.383  sat=0.03  58s
gen  119  best=+0.3130 med=+0.2697  sigma=0.382  sat=0.31  123s
gen  120  best=+0.2906 med=+0.2480  sigma=0.380  sat=0.06  133s
Process SpawnPoolWorker-6:
Traceback (most recent call last):
  File "/opt/homebrew/Cellar/python@3.12/3.12.11/Frameworks/Python.framework/Versions/3.12/lib/python3.12/multiprocessing/pool.py", line 131, in worker
    put((job, i, result))
  File "/opt/homebrew/Cellar/python@3.12/3.12.11/Frameworks/Python.framework/Versions/3.12/lib/python3.12/multiprocessing/queues.py", line 399, in put
    self._writer.send_bytes(obj)
  File "/opt/homebrew/Cellar/python@3.12/3.12.11/Frameworks/Python.framework/Versions/3.12/lib/python3.12/multiprocessing/connection.py", line 200, in send_bytes
    self._send_bytes(m[offset:offset + size])
  File "/opt/homebrew/Cellar/python@3.12/3.12.11/Frameworks/Python.framework/Versions/3.12/lib/python3.12/multiprocessing/connection.py", line 427, in _send_bytes
    self._send(header + buf)
  File "/opt/homebrew/Cellar/python@3.12/3.12.11/Frameworks/Python.framework/Versions/3.12/lib/python3.12/multiprocessing/connection.py", line 384, in _send
    n = write(self._handle, buf)
        ^^^^^^^^^^^^^^^^^^^^^^^^
BrokenPipeError: [Errno 32] Broken pipe

During handling of the above exception, another exception occurred:

Traceback (most recent call last):
  File "/opt/homebrew/Cellar/python@3.12/3.12.11/Frameworks/Python.framework/Versions/3.12/lib/python3.12/multiprocessing/process.py", line 314, in _bootstrap
    self.run()
  File "/opt/homebrew/Cellar/python@3.12/3.12.11/Frameworks/Python.framework/Versions/3.12/lib/python3.12/multiprocessing/process.py", line 108, in run
    self._target(*self._args, **self._kwargs)
  File "/opt/homebrew/Cellar/python@3.12/3.12.11/Frameworks/Python.framework/Versions/3.12/lib/python3.12/multiprocessing/pool.py", line 136, in worker
    put((job, i, (False, wrapped)))
  File "/opt/homebrew/Cellar/python@3.12/3.12.11/Frameworks/Python.framework/Versions/3.12/lib/python3.12/multiprocessing/queues.py", line 399, in put
    self._writer.send_bytes(obj)
  File "/opt/homebrew/Cellar/python@3.12/3.12.11/Frameworks/Python.framework/Versions/3.12/lib/python3.12/multiprocessing/connection.py", line 200, in send_bytes
    self._send_bytes(m[offset:offset + size])
  File "/opt/homebrew/Cellar/python@3.12/3.12.11/Frameworks/Python.framework/Versions/3.12/lib/python3.12/multiprocessing/connection.py", line 427, in _send_bytes
    self._send(header + buf)
  File "/opt/homebrew/Cellar/python@3.12/3.12.11/Frameworks/Python.framework/Versions/3.12/lib/python3.12/multiprocessing/connection.py", line 384, in _send
    n = write(self._handle, buf)
        ^^^^^^^^^^^^^^^^^^^^^^^^
BrokenPipeError: [Errno 32] Broken pipe

🔄 Creating fresh config for experiment 'FullVNC_DNg100_Stim' with paths template 'fly_robot'
✅ Created fresh config:
   Experiment: FullVNC_DNg100_Stim
   Version: debug
   Paths template: fly_robot
   Save dir: /Users/sakshaymahna/Documents/fly-cord-robots/data/simulation_output/FullVNC_DNg100_Stim/debug/run_id=closed_loop_s641_r3
Created 1 stimulus configurations
🔄 Creating fresh config for experiment 'FullVNC_DNg100_Stim' with paths template 'fly_robot'
✅ Created fresh config:
   Experiment: FullVNC_DNg100_Stim
   Version: debug
   Paths template: fly_robot
   Save dir: /Users/sakshaymahna/Documents/fly-cord-robots/data/simulation_output/FullVNC_DNg100_Stim/debug/run_id=closed_loop_s641_r0
Created 1 stimulus configurations
🔄 Creating fresh config for experiment 'FullVNC_DNg100_Stim' with paths template 'fly_robot'
✅ Created fresh config:
   Experiment: FullVNC_DNg100_Stim
   Version: debug
   Paths template: fly_robot
   Save dir: /Users/sakshaymahna/Documents/fly-cord-robots/data/simulation_output/FullVNC_DNg100_Stim/debug/run_id=closed_loop_s641_r4
Created 1 stimulus configurations
🔄 Creating fresh config for experiment 'FullVNC_DNg100_Stim' with paths template 'fly_robot'
✅ Created fresh config:
   Experiment: FullVNC_DNg100_Stim
   Version: debug
   Paths template: fly_robot
   Save dir: /Users/sakshaymahna/Documents/fly-cord-robots/data/simulation_output/FullVNC_DNg100_Stim/debug/run_id=closed_loop_s641_r7
Created 1 stimulus configurations
🔄 Creating fresh config for experiment 'FullVNC_DNg100_Stim' with paths template 'fly_robot'
✅ Created fresh config:
   Experiment: FullVNC_DNg100_Stim
   Version: debug
   Paths template: fly_robot
   Save dir: /Users/sakshaymahna/Documents/fly-cord-robots/data/simulation_output/FullVNC_DNg100_Stim/debug/run_id=closed_loop_s641_r1
Created 1 stimulus configurations
🔄 Creating fresh config for experiment 'FullVNC_DNg100_Stim' with paths template 'fly_robot'
✅ Created fresh config:
   Experiment: FullVNC_DNg100_Stim
   Version: debug
   Paths template: fly_robot
   Save dir: /Users/sakshaymahna/Documents/fly-cord-robots/data/simulation_output/FullVNC_DNg100_Stim/debug/run_id=closed_loop_s641_r6
Created 1 stimulus configurations
🔄 Creating fresh config for experiment 'FullVNC_DNg100_Stim' with paths template 'fly_robot'
✅ Created fresh config:
   Experiment: FullVNC_DNg100_Stim
   Version: debug
   Paths template: fly_robot
   Save dir: /Users/sakshaymahna/Documents/fly-cord-robots/data/simulation_output/FullVNC_DNg100_Stim/debug/run_id=closed_loop_s641_r7
Created 1 stimulus configurations
🔄 Creating fresh config for experiment 'FullVNC_DNg100_Stim' with paths template 'fly_robot'
✅ Created fresh config:
   Experiment: FullVNC_DNg100_Stim
   Version: debug
   Paths template: fly_robot
   Save dir: /Users/sakshaymahna/Documents/fly-cord-robots/data/simulation_output/FullVNC_DNg100_Stim/debug/run_id=closed_loop_s641_r0
Created 1 stimulus configurations
🔄 Creating fresh config for experiment 'FullVNC_DNg100_Stim' with paths template 'fly_robot'
✅ Created fresh config:
   Experiment: FullVNC_DNg100_Stim
   Version: debug
   Paths template: fly_robot
   Save dir: /Users/sakshaymahna/Documents/fly-cord-robots/data/simulation_output/FullVNC_DNg100_Stim/debug/run_id=closed_loop_s641_r6
Created 1 stimulus configurations
🔄 Creating fresh config for experiment 'FullVNC_DNg100_Stim' with paths template 'fly_robot'
✅ Created fresh config:
   Experiment: FullVNC_DNg100_Stim
   Version: debug
   Paths template: fly_robot
   Save dir: /Users/sakshaymahna/Documents/fly-cord-robots/data/simulation_output/FullVNC_DNg100_Stim/debug/run_id=closed_loop_s641_r1
Created 1 stimulus configurations
🔄 Creating fresh config for experiment 'FullVNC_DNg100_Stim' with paths template 'fly_robot'
✅ Created fresh config:
   Experiment: FullVNC_DNg100_Stim
   Version: debug
   Paths template: fly_robot
   Save dir: /Users/sakshaymahna/Documents/fly-cord-robots/data/simulation_output/FullVNC_DNg100_Stim/debug/run_id=closed_loop_s641_r4
Created 1 stimulus configurations
🔄 Creating fresh config for experiment 'FullVNC_DNg100_Stim' with paths template 'fly_robot'
✅ Created fresh config:
   Experiment: FullVNC_DNg100_Stim
   Version: debug
   Paths template: fly_robot
   Save dir: /Users/sakshaymahna/Documents/fly-cord-robots/data/simulation_output/FullVNC_DNg100_Stim/debug/run_id=closed_loop_s641_r3
Created 1 stimulus configurations
🔄 Creating fresh config for experiment 'FullVNC_DNg100_Stim' with paths template 'fly_robot'
✅ Created fresh config:
   Experiment: FullVNC_DNg100_Stim
   Version: debug
   Paths template: fly_robot
   Save dir: /Users/sakshaymahna/Documents/fly-cord-robots/data/simulation_output/FullVNC_DNg100_Stim/debug/run_id=closed_loop_s641_r7
Created 1 stimulus configurations
🔄 Creating fresh config for experiment 'FullVNC_DNg100_Stim' with paths template 'fly_robot'
✅ Created fresh config:
   Experiment: FullVNC_DNg100_Stim
   Version: debug
   Paths template: fly_robot
   Save dir: /Users/sakshaymahna/Documents/fly-cord-robots/data/simulation_output/FullVNC_DNg100_Stim/debug/run_id=closed_loop_s641_r4
Created 1 stimulus configurations
🔄 Creating fresh config for experiment 'FullVNC_DNg100_Stim' with paths template 'fly_robot'
✅ Created fresh config:
   Experiment: FullVNC_DNg100_Stim
   Version: debug
   Paths template: fly_robot
   Save dir: /Users/sakshaymahna/Documents/fly-cord-robots/data/simulation_output/FullVNC_DNg100_Stim/debug/run_id=closed_loop_s641_r6
Created 1 stimulus configurations
🔄 Creating fresh config for experiment 'FullVNC_DNg100_Stim' with paths template 'fly_robot'
✅ Created fresh config:
   Experiment: FullVNC_DNg100_Stim
   Version: debug
   Paths template: fly_robot
   Save dir: /Users/sakshaymahna/Documents/fly-cord-robots/data/simulation_output/FullVNC_DNg100_Stim/debug/run_id=closed_loop_s641_r0
Created 1 stimulus configurations
🔄 Creating fresh config for experiment 'FullVNC_DNg100_Stim' with paths template 'fly_robot'
✅ Created fresh config:
   Experiment: FullVNC_DNg100_Stim
   Version: debug
   Paths template: fly_robot
   Save dir: /Users/sakshaymahna/Documents/fly-cord-robots/data/simulation_output/FullVNC_DNg100_Stim/debug/run_id=closed_loop_s641_r7
Created 1 stimulus configurations
🔄 Creating fresh config for experiment 'FullVNC_DNg100_Stim' with paths template 'fly_robot'
✅ Created fresh config:
   Experiment: FullVNC_DNg100_Stim
   Version: debug
   Paths template: fly_robot
   Save dir: /Users/sakshaymahna/Documents/fly-cord-robots/data/simulation_output/FullVNC_DNg100_Stim/debug/run_id=closed_loop_s641_r3
Created 1 stimulus configurations
🔄 Creating fresh config for experiment 'FullVNC_DNg100_Stim' with paths template 'fly_robot'
✅ Created fresh config:
   Experiment: FullVNC_DNg100_Stim
   Version: debug
   Paths template: fly_robot
   Save dir: /Users/sakshaymahna/Documents/fly-cord-robots/data/simulation_output/FullVNC_DNg100_Stim/debug/run_id=closed_loop_s641_r0
Created 1 stimulus configurations
Process SpawnPoolWorker-3:
Traceback (most recent call last):
  File "/opt/homebrew/Cellar/python@3.12/3.12.11/Frameworks/Python.framework/Versions/3.12/lib/python3.12/multiprocessing/pool.py", line 131, in worker
    put((job, i, result))
  File "/opt/homebrew/Cellar/python@3.12/3.12.11/Frameworks/Python.framework/Versions/3.12/lib/python3.12/multiprocessing/queues.py", line 399, in put
    self._writer.send_bytes(obj)
  File "/opt/homebrew/Cellar/python@3.12/3.12.11/Frameworks/Python.framework/Versions/3.12/lib/python3.12/multiprocessing/connection.py", line 200, in send_bytes
    self._send_bytes(m[offset:offset + size])
  File "/opt/homebrew/Cellar/python@3.12/3.12.11/Frameworks/Python.framework/Versions/3.12/lib/python3.12/multiprocessing/connection.py", line 427, in _send_bytes
    self._send(header + buf)
  File "/opt/homebrew/Cellar/python@3.12/3.12.11/Frameworks/Python.framework/Versions/3.12/lib/python3.12/multiprocessing/connection.py", line 384, in _send
    n = write(self._handle, buf)
        ^^^^^^^^^^^^^^^^^^^^^^^^
BrokenPipeError: [Errno 32] Broken pipe

During handling of the above exception, another exception occurred:

Traceback (most recent call last):
  File "/opt/homebrew/Cellar/python@3.12/3.12.11/Frameworks/Python.framework/Versions/3.12/lib/python3.12/multiprocessing/process.py", line 314, in _bootstrap
    self.run()
  File "/opt/homebrew/Cellar/python@3.12/3.12.11/Frameworks/Python.framework/Versions/3.12/lib/python3.12/multiprocessing/process.py", line 108, in run
    self._target(*self._args, **self._kwargs)
  File "/opt/homebrew/Cellar/python@3.12/3.12.11/Frameworks/Python.framework/Versions/3.12/lib/python3.12/multiprocessing/pool.py", line 136, in worker
    put((job, i, (False, wrapped)))
  File "/opt/homebrew/Cellar/python@3.12/3.12.11/Frameworks/Python.framework/Versions/3.12/lib/python3.12/multiprocessing/queues.py", line 399, in put
    self._writer.send_bytes(obj)
  File "/opt/homebrew/Cellar/python@3.12/3.12.11/Frameworks/Python.framework/Versions/3.12/lib/python3.12/multiprocessing/connection.py", line 200, in send_bytes
    self._send_bytes(m[offset:offset + size])
  File "/opt/homebrew/Cellar/python@3.12/3.12.11/Frameworks/Python.framework/Versions/3.12/lib/python3.12/multiprocessing/connection.py", line 427, in _send_bytes
    self._send(header + buf)
  File "/opt/homebrew/Cellar/python@3.12/3.12.11/Frameworks/Python.framework/Versions/3.12/lib/python3.12/multiprocessing/connection.py", line 384, in _send
    n = write(self._handle, buf)
        ^^^^^^^^^^^^^^^^^^^^^^^^
BrokenPipeError: [Errno 32] Broken pipe

🔄 Creating fresh config for experiment 'FullVNC_DNg100_Stim' with paths template 'fly_robot'
✅ Created fresh config:
   Experiment: FullVNC_DNg100_Stim
   Version: debug
   Paths template: fly_robot
   Save dir: /Users/sakshaymahna/Documents/fly-cord-robots/data/simulation_output/FullVNC_DNg100_Stim/debug/run_id=closed_loop_s641_r3
Created 1 stimulus configurations
🔄 Creating fresh config for experiment 'FullVNC_DNg100_Stim' with paths template 'fly_robot'
✅ Created fresh config:
   Experiment: FullVNC_DNg100_Stim
   Version: debug
   Paths template: fly_robot
   Save dir: /Users/sakshaymahna/Documents/fly-cord-robots/data/simulation_output/FullVNC_DNg100_Stim/debug/run_id=closed_loop_s641_r0
Created 1 stimulus configurations
🔄 Creating fresh config for experiment 'FullVNC_DNg100_Stim' with paths template 'fly_robot'
✅ Created fresh config:
   Experiment: FullVNC_DNg100_Stim
   Version: debug
   Paths template: fly_robot
   Save dir: /Users/sakshaymahna/Documents/fly-cord-robots/data/simulation_output/FullVNC_DNg100_Stim/debug/run_id=closed_loop_s641_r4
Created 1 stimulus configurations
🔄 Creating fresh config for experiment 'FullVNC_DNg100_Stim' with paths template 'fly_robot'
✅ Created fresh config:
   Experiment: FullVNC_DNg100_Stim
   Version: debug
   Paths template: fly_robot
   Save dir: /Users/sakshaymahna/Documents/fly-cord-robots/data/simulation_output/FullVNC_DNg100_Stim/debug/run_id=closed_loop_s641_r7
Created 1 stimulus configurations
🔄 Creating fresh config for experiment 'FullVNC_DNg100_Stim' with paths template 'fly_robot'
✅ Created fresh config:
   Experiment: FullVNC_DNg100_Stim
   Version: debug
   Paths template: fly_robot
   Save dir: /Users/sakshaymahna/Documents/fly-cord-robots/data/simulation_output/FullVNC_DNg100_Stim/debug/run_id=closed_loop_s641_r1
Created 1 stimulus configurations
🔄 Creating fresh config for experiment 'FullVNC_DNg100_Stim' with paths template 'fly_robot'
✅ Created fresh config:
   Experiment: FullVNC_DNg100_Stim
   Version: debug
   Paths template: fly_robot
   Save dir: /Users/sakshaymahna/Documents/fly-cord-robots/data/simulation_output/FullVNC_DNg100_Stim/debug/run_id=closed_loop_s641_r6
Created 1 stimulus configurations
🔄 Creating fresh config for experiment 'FullVNC_DNg100_Stim' with paths template 'fly_robot'
✅ Created fresh config:
   Experiment: FullVNC_DNg100_Stim
   Version: debug
   Paths template: fly_robot
   Save dir: /Users/sakshaymahna/Documents/fly-cord-robots/data/simulation_output/FullVNC_DNg100_Stim/debug/run_id=closed_loop_s641_r7
Created 1 stimulus configurations
🔄 Creating fresh config for experiment 'FullVNC_DNg100_Stim' with paths template 'fly_robot'
✅ Created fresh config:
   Experiment: FullVNC_DNg100_Stim
   Version: debug
   Paths template: fly_robot
   Save dir: /Users/sakshaymahna/Documents/fly-cord-robots/data/simulation_output/FullVNC_DNg100_Stim/debug/run_id=closed_loop_s641_r0
Created 1 stimulus configurations
🔄 Creating fresh config for experiment 'FullVNC_DNg100_Stim' with paths template 'fly_robot'
✅ Created fresh config:
   Experiment: FullVNC_DNg100_Stim
   Version: debug
   Paths template: fly_robot
   Save dir: /Users/sakshaymahna/Documents/fly-cord-robots/data/simulation_output/FullVNC_DNg100_Stim/debug/run_id=closed_loop_s641_r6
Created 1 stimulus configurations
🔄 Creating fresh config for experiment 'FullVNC_DNg100_Stim' with paths template 'fly_robot'
✅ Created fresh config:
   Experiment: FullVNC_DNg100_Stim
   Version: debug
   Paths template: fly_robot
   Save dir: /Users/sakshaymahna/Documents/fly-cord-robots/data/simulation_output/FullVNC_DNg100_Stim/debug/run_id=closed_loop_s641_r1
Created 1 stimulus configurations
🔄 Creating fresh config for experiment 'FullVNC_DNg100_Stim' with paths template 'fly_robot'
✅ Created fresh config:
   Experiment: FullVNC_DNg100_Stim
   Version: debug
   Paths template: fly_robot
   Save dir: /Users/sakshaymahna/Documents/fly-cord-robots/data/simulation_output/FullVNC_DNg100_Stim/debug/run_id=closed_loop_s641_r4
Created 1 stimulus configurations
🔄 Creating fresh config for experiment 'FullVNC_DNg100_Stim' with paths template 'fly_robot'
✅ Created fresh config:
   Experiment: FullVNC_DNg100_Stim
   Version: debug
   Paths template: fly_robot
   Save dir: /Users/sakshaymahna/Documents/fly-cord-robots/data/simulation_output/FullVNC_DNg100_Stim/debug/run_id=closed_loop_s641_r3
Created 1 stimulus configurations
🔄 Creating fresh config for experiment 'FullVNC_DNg100_Stim' with paths template 'fly_robot'
✅ Created fresh config:
   Experiment: FullVNC_DNg100_Stim
   Version: debug
   Paths template: fly_robot
   Save dir: /Users/sakshaymahna/Documents/fly-cord-robots/data/simulation_output/FullVNC_DNg100_Stim/debug/run_id=closed_loop_s641_r7
Created 1 stimulus configurations
🔄 Creating fresh config for experiment 'FullVNC_DNg100_Stim' with paths template 'fly_robot'
✅ Created fresh config:
   Experiment: FullVNC_DNg100_Stim
   Version: debug
   Paths template: fly_robot
   Save dir: /Users/sakshaymahna/Documents/fly-cord-robots/data/simulation_output/FullVNC_DNg100_Stim/debug/run_id=closed_loop_s641_r4
Created 1 stimulus configurations
🔄 Creating fresh config for experiment 'FullVNC_DNg100_Stim' with paths template 'fly_robot'
✅ Created fresh config:
   Experiment: FullVNC_DNg100_Stim
   Version: debug
   Paths template: fly_robot
   Save dir: /Users/sakshaymahna/Documents/fly-cord-robots/data/simulation_output/FullVNC_DNg100_Stim/debug/run_id=closed_loop_s641_r6
Created 1 stimulus configurations
🔄 Creating fresh config for experiment 'FullVNC_DNg100_Stim' with paths template 'fly_robot'
✅ Created fresh config:
   Experiment: FullVNC_DNg100_Stim
   Version: debug
   Paths template: fly_robot
   Save dir: /Users/sakshaymahna/Documents/fly-cord-robots/data/simulation_output/FullVNC_DNg100_Stim/debug/run_id=closed_loop_s641_r0
Created 1 stimulus configurations
🔄 Creating fresh config for experiment 'FullVNC_DNg100_Stim' with paths template 'fly_robot'
✅ Created fresh config:
   Experiment: FullVNC_DNg100_Stim
   Version: debug
   Paths template: fly_robot
   Save dir: /Users/sakshaymahna/Documents/fly-cord-robots/data/simulation_output/FullVNC_DNg100_Stim/debug/run_id=closed_loop_s641_r7
Created 1 stimulus configurations
🔄 Creating fresh config for experiment 'FullVNC_DNg100_Stim' with paths template 'fly_robot'
✅ Created fresh config:
   Experiment: FullVNC_DNg100_Stim
   Version: debug
   Paths template: fly_robot
   Save dir: /Users/sakshaymahna/Documents/fly-cord-robots/data/simulation_output/FullVNC_DNg100_Stim/debug/run_id=closed_loop_s641_r3
Created 1 stimulus configurations
🔄 Creating fresh config for experiment 'FullVNC_DNg100_Stim' with paths template 'fly_robot'
✅ Created fresh config:
   Experiment: FullVNC_DNg100_Stim
   Version: debug
   Paths template: fly_robot
   Save dir: /Users/sakshaymahna/Documents/fly-cord-robots/data/simulation_output/FullVNC_DNg100_Stim/debug/run_id=closed_loop_s641_r0
Created 1 stimulus configurations
Process SpawnPoolWorker-2:
Traceback (most recent call last):
  File "/opt/homebrew/Cellar/python@3.12/3.12.11/Frameworks/Python.framework/Versions/3.12/lib/python3.12/multiprocessing/pool.py", line 131, in worker
    put((job, i, result))
  File "/opt/homebrew/Cellar/python@3.12/3.12.11/Frameworks/Python.framework/Versions/3.12/lib/python3.12/multiprocessing/queues.py", line 399, in put
    self._writer.send_bytes(obj)
  File "/opt/homebrew/Cellar/python@3.12/3.12.11/Frameworks/Python.framework/Versions/3.12/lib/python3.12/multiprocessing/connection.py", line 200, in send_bytes
    self._send_bytes(m[offset:offset + size])
  File "/opt/homebrew/Cellar/python@3.12/3.12.11/Frameworks/Python.framework/Versions/3.12/lib/python3.12/multiprocessing/connection.py", line 427, in _send_bytes
    self._send(header + buf)
  File "/opt/homebrew/Cellar/python@3.12/3.12.11/Frameworks/Python.framework/Versions/3.12/lib/python3.12/multiprocessing/connection.py", line 384, in _send
    n = write(self._handle, buf)
        ^^^^^^^^^^^^^^^^^^^^^^^^
BrokenPipeError: [Errno 32] Broken pipe

During handling of the above exception, another exception occurred:

Traceback (most recent call last):
  File "/opt/homebrew/Cellar/python@3.12/3.12.11/Frameworks/Python.framework/Versions/3.12/lib/python3.12/multiprocessing/process.py", line 314, in _bootstrap
    self.run()
  File "/opt/homebrew/Cellar/python@3.12/3.12.11/Frameworks/Python.framework/Versions/3.12/lib/python3.12/multiprocessing/process.py", line 108, in run
    self._target(*self._args, **self._kwargs)
  File "/opt/homebrew/Cellar/python@3.12/3.12.11/Frameworks/Python.framework/Versions/3.12/lib/python3.12/multiprocessing/pool.py", line 136, in worker
    put((job, i, (False, wrapped)))
  File "/opt/homebrew/Cellar/python@3.12/3.12.11/Frameworks/Python.framework/Versions/3.12/lib/python3.12/multiprocessing/queues.py", line 399, in put
    self._writer.send_bytes(obj)
  File "/opt/homebrew/Cellar/python@3.12/3.12.11/Frameworks/Python.framework/Versions/3.12/lib/python3.12/multiprocessing/connection.py", line 200, in send_bytes
    self._send_bytes(m[offset:offset + size])
  File "/opt/homebrew/Cellar/python@3.12/3.12.11/Frameworks/Python.framework/Versions/3.12/lib/python3.12/multiprocessing/connection.py", line 427, in _send_bytes
    self._send(header + buf)
  File "/opt/homebrew/Cellar/python@3.12/3.12.11/Frameworks/Python.framework/Versions/3.12/lib/python3.12/multiprocessing/connection.py", line 384, in _send
    n = write(self._handle, buf)
        ^^^^^^^^^^^^^^^^^^^^^^^^
BrokenPipeError: [Errno 32] Broken pipe

🔄 Creating fresh config for experiment 'FullVNC_DNg100_Stim' with paths template 'fly_robot'
✅ Created fresh config:
   Experiment: FullVNC_DNg100_Stim
   Version: debug
   Paths template: fly_robot
   Save dir: /Users/sakshaymahna/Documents/fly-cord-robots/data/simulation_output/FullVNC_DNg100_Stim/debug/run_id=closed_loop_s641_r3
Created 1 stimulus configurations
🔄 Creating fresh config for experiment 'FullVNC_DNg100_Stim' with paths template 'fly_robot'
✅ Created fresh config:
   Experiment: FullVNC_DNg100_Stim
   Version: debug
   Paths template: fly_robot
   Save dir: /Users/sakshaymahna/Documents/fly-cord-robots/data/simulation_output/FullVNC_DNg100_Stim/debug/run_id=closed_loop_s641_r0
Created 1 stimulus configurations
🔄 Creating fresh config for experiment 'FullVNC_DNg100_Stim' with paths template 'fly_robot'
✅ Created fresh config:
   Experiment: FullVNC_DNg100_Stim
   Version: debug
   Paths template: fly_robot
   Save dir: /Users/sakshaymahna/Documents/fly-cord-robots/data/simulation_output/FullVNC_DNg100_Stim/debug/run_id=closed_loop_s641_r4
Created 1 stimulus configurations
🔄 Creating fresh config for experiment 'FullVNC_DNg100_Stim' with paths template 'fly_robot'
✅ Created fresh config:
   Experiment: FullVNC_DNg100_Stim
   Version: debug
   Paths template: fly_robot
   Save dir: /Users/sakshaymahna/Documents/fly-cord-robots/data/simulation_output/FullVNC_DNg100_Stim/debug/run_id=closed_loop_s641_r7
Created 1 stimulus configurations
🔄 Creating fresh config for experiment 'FullVNC_DNg100_Stim' with paths template 'fly_robot'
✅ Created fresh config:
   Experiment: FullVNC_DNg100_Stim
   Version: debug
   Paths template: fly_robot
   Save dir: /Users/sakshaymahna/Documents/fly-cord-robots/data/simulation_output/FullVNC_DNg100_Stim/debug/run_id=closed_loop_s641_r1
Created 1 stimulus configurations
🔄 Creating fresh config for experiment 'FullVNC_DNg100_Stim' with paths template 'fly_robot'
✅ Created fresh config:
   Experiment: FullVNC_DNg100_Stim
   Version: debug
   Paths template: fly_robot
   Save dir: /Users/sakshaymahna/Documents/fly-cord-robots/data/simulation_output/FullVNC_DNg100_Stim/debug/run_id=closed_loop_s641_r6
Created 1 stimulus configurations
🔄 Creating fresh config for experiment 'FullVNC_DNg100_Stim' with paths template 'fly_robot'
✅ Created fresh config:
   Experiment: FullVNC_DNg100_Stim
   Version: debug
   Paths template: fly_robot
   Save dir: /Users/sakshaymahna/Documents/fly-cord-robots/data/simulation_output/FullVNC_DNg100_Stim/debug/run_id=closed_loop_s641_r7
Created 1 stimulus configurations
🔄 Creating fresh config for experiment 'FullVNC_DNg100_Stim' with paths template 'fly_robot'
✅ Created fresh config:
   Experiment: FullVNC_DNg100_Stim
   Version: debug
   Paths template: fly_robot
   Save dir: /Users/sakshaymahna/Documents/fly-cord-robots/data/simulation_output/FullVNC_DNg100_Stim/debug/run_id=closed_loop_s641_r0
Created 1 stimulus configurations
🔄 Creating fresh config for experiment 'FullVNC_DNg100_Stim' with paths template 'fly_robot'
✅ Created fresh config:
   Experiment: FullVNC_DNg100_Stim
   Version: debug
   Paths template: fly_robot
   Save dir: /Users/sakshaymahna/Documents/fly-cord-robots/data/simulation_output/FullVNC_DNg100_Stim/debug/run_id=closed_loop_s641_r6
Created 1 stimulus configurations
🔄 Creating fresh config for experiment 'FullVNC_DNg100_Stim' with paths template 'fly_robot'
✅ Created fresh config:
   Experiment: FullVNC_DNg100_Stim
   Version: debug
   Paths template: fly_robot
   Save dir: /Users/sakshaymahna/Documents/fly-cord-robots/data/simulation_output/FullVNC_DNg100_Stim/debug/run_id=closed_loop_s641_r1
Created 1 stimulus configurations
🔄 Creating fresh config for experiment 'FullVNC_DNg100_Stim' with paths template 'fly_robot'
✅ Created fresh config:
   Experiment: FullVNC_DNg100_Stim
   Version: debug
   Paths template: fly_robot
   Save dir: /Users/sakshaymahna/Documents/fly-cord-robots/data/simulation_output/FullVNC_DNg100_Stim/debug/run_id=closed_loop_s641_r4
Created 1 stimulus configurations
🔄 Creating fresh config for experiment 'FullVNC_DNg100_Stim' with paths template 'fly_robot'
✅ Created fresh config:
   Experiment: FullVNC_DNg100_Stim
   Version: debug
   Paths template: fly_robot
   Save dir: /Users/sakshaymahna/Documents/fly-cord-robots/data/simulation_output/FullVNC_DNg100_Stim/debug/run_id=closed_loop_s641_r3
Created 1 stimulus configurations
🔄 Creating fresh config for experiment 'FullVNC_DNg100_Stim' with paths template 'fly_robot'
✅ Created fresh config:
   Experiment: FullVNC_DNg100_Stim
   Version: debug
   Paths template: fly_robot
   Save dir: /Users/sakshaymahna/Documents/fly-cord-robots/data/simulation_output/FullVNC_DNg100_Stim/debug/run_id=closed_loop_s641_r7
Created 1 stimulus configurations
🔄 Creating fresh config for experiment 'FullVNC_DNg100_Stim' with paths template 'fly_robot'
✅ Created fresh config:
   Experiment: FullVNC_DNg100_Stim
   Version: debug
   Paths template: fly_robot
   Save dir: /Users/sakshaymahna/Documents/fly-cord-robots/data/simulation_output/FullVNC_DNg100_Stim/debug/run_id=closed_loop_s641_r4
Created 1 stimulus configurations
🔄 Creating fresh config for experiment 'FullVNC_DNg100_Stim' with paths template 'fly_robot'
✅ Created fresh config:
   Experiment: FullVNC_DNg100_Stim
   Version: debug
   Paths template: fly_robot
   Save dir: /Users/sakshaymahna/Documents/fly-cord-robots/data/simulation_output/FullVNC_DNg100_Stim/debug/run_id=closed_loop_s641_r6
Created 1 stimulus configurations
🔄 Creating fresh config for experiment 'FullVNC_DNg100_Stim' with paths template 'fly_robot'
✅ Created fresh config:
   Experiment: FullVNC_DNg100_Stim
   Version: debug
   Paths template: fly_robot
   Save dir: /Users/sakshaymahna/Documents/fly-cord-robots/data/simulation_output/FullVNC_DNg100_Stim/debug/run_id=closed_loop_s641_r0
Created 1 stimulus configurations
🔄 Creating fresh config for experiment 'FullVNC_DNg100_Stim' with paths template 'fly_robot'
✅ Created fresh config:
   Experiment: FullVNC_DNg100_Stim
   Version: debug
   Paths template: fly_robot
   Save dir: /Users/sakshaymahna/Documents/fly-cord-robots/data/simulation_output/FullVNC_DNg100_Stim/debug/run_id=closed_loop_s641_r7
Created 1 stimulus configurations
🔄 Creating fresh config for experiment 'FullVNC_DNg100_Stim' with paths template 'fly_robot'
✅ Created fresh config:
   Experiment: FullVNC_DNg100_Stim
   Version: debug
   Paths template: fly_robot
   Save dir: /Users/sakshaymahna/Documents/fly-cord-robots/data/simulation_output/FullVNC_DNg100_Stim/debug/run_id=closed_loop_s641_r3
Created 1 stimulus configurations
🔄 Creating fresh config for experiment 'FullVNC_DNg100_Stim' with paths template 'fly_robot'
✅ Created fresh config:
   Experiment: FullVNC_DNg100_Stim
   Version: debug
   Paths template: fly_robot
   Save dir: /Users/sakshaymahna/Documents/fly-cord-robots/data/simulation_output/FullVNC_DNg100_Stim/debug/run_id=closed_loop_s641_r0
Created 1 stimulus configurations
Process SpawnPoolWorker-5:
Traceback (most recent call last):
  File "/opt/homebrew/Cellar/python@3.12/3.12.11/Frameworks/Python.framework/Versions/3.12/lib/python3.12/multiprocessing/pool.py", line 131, in worker
    put((job, i, result))
  File "/opt/homebrew/Cellar/python@3.12/3.12.11/Frameworks/Python.framework/Versions/3.12/lib/python3.12/multiprocessing/queues.py", line 399, in put
    self._writer.send_bytes(obj)
  File "/opt/homebrew/Cellar/python@3.12/3.12.11/Frameworks/Python.framework/Versions/3.12/lib/python3.12/multiprocessing/connection.py", line 200, in send_bytes
    self._send_bytes(m[offset:offset + size])
  File "/opt/homebrew/Cellar/python@3.12/3.12.11/Frameworks/Python.framework/Versions/3.12/lib/python3.12/multiprocessing/connection.py", line 427, in _send_bytes
    self._send(header + buf)
  File "/opt/homebrew/Cellar/python@3.12/3.12.11/Frameworks/Python.framework/Versions/3.12/lib/python3.12/multiprocessing/connection.py", line 384, in _send
    n = write(self._handle, buf)
        ^^^^^^^^^^^^^^^^^^^^^^^^
BrokenPipeError: [Errno 32] Broken pipe

During handling of the above exception, another exception occurred:

Traceback (most recent call last):
  File "/opt/homebrew/Cellar/python@3.12/3.12.11/Frameworks/Python.framework/Versions/3.12/lib/python3.12/multiprocessing/process.py", line 314, in _bootstrap
    self.run()
  File "/opt/homebrew/Cellar/python@3.12/3.12.11/Frameworks/Python.framework/Versions/3.12/lib/python3.12/multiprocessing/process.py", line 108, in run
    self._target(*self._args, **self._kwargs)
  File "/opt/homebrew/Cellar/python@3.12/3.12.11/Frameworks/Python.framework/Versions/3.12/lib/python3.12/multiprocessing/pool.py", line 136, in worker
    put((job, i, (False, wrapped)))
  File "/opt/homebrew/Cellar/python@3.12/3.12.11/Frameworks/Python.framework/Versions/3.12/lib/python3.12/multiprocessing/queues.py", line 399, in put
    self._writer.send_bytes(obj)
  File "/opt/homebrew/Cellar/python@3.12/3.12.11/Frameworks/Python.framework/Versions/3.12/lib/python3.12/multiprocessing/connection.py", line 200, in send_bytes
    self._send_bytes(m[offset:offset + size])
  File "/opt/homebrew/Cellar/python@3.12/3.12.11/Frameworks/Python.framework/Versions/3.12/lib/python3.12/multiprocessing/connection.py", line 427, in _send_bytes
    self._send(header + buf)
  File "/opt/homebrew/Cellar/python@3.12/3.12.11/Frameworks/Python.framework/Versions/3.12/lib/python3.12/multiprocessing/connection.py", line 384, in _send
    n = write(self._handle, buf)
        ^^^^^^^^^^^^^^^^^^^^^^^^
BrokenPipeError: [Errno 32] Broken pipe

🔄 Creating fresh config for experiment 'FullVNC_DNg100_Stim' with paths template 'fly_robot'
✅ Created fresh config:
   Experiment: FullVNC_DNg100_Stim
   Version: debug
   Paths template: fly_robot
   Save dir: /Users/sakshaymahna/Documents/fly-cord-robots/data/simulation_output/FullVNC_DNg100_Stim/debug/run_id=closed_loop_s641_r3
Created 1 stimulus configurations
🔄 Creating fresh config for experiment 'FullVNC_DNg100_Stim' with paths template 'fly_robot'
✅ Created fresh config:
   Experiment: FullVNC_DNg100_Stim
   Version: debug
   Paths template: fly_robot
   Save dir: /Users/sakshaymahna/Documents/fly-cord-robots/data/simulation_output/FullVNC_DNg100_Stim/debug/run_id=closed_loop_s641_r0
Created 1 stimulus configurations
🔄 Creating fresh config for experiment 'FullVNC_DNg100_Stim' with paths template 'fly_robot'
✅ Created fresh config:
   Experiment: FullVNC_DNg100_Stim
   Version: debug
   Paths template: fly_robot
   Save dir: /Users/sakshaymahna/Documents/fly-cord-robots/data/simulation_output/FullVNC_DNg100_Stim/debug/run_id=closed_loop_s641_r4
Created 1 stimulus configurations
🔄 Creating fresh config for experiment 'FullVNC_DNg100_Stim' with paths template 'fly_robot'
✅ Created fresh config:
   Experiment: FullVNC_DNg100_Stim
   Version: debug
   Paths template: fly_robot
   Save dir: /Users/sakshaymahna/Documents/fly-cord-robots/data/simulation_output/FullVNC_DNg100_Stim/debug/run_id=closed_loop_s641_r7
Created 1 stimulus configurations
🔄 Creating fresh config for experiment 'FullVNC_DNg100_Stim' with paths template 'fly_robot'
✅ Created fresh config:
   Experiment: FullVNC_DNg100_Stim
   Version: debug
   Paths template: fly_robot
   Save dir: /Users/sakshaymahna/Documents/fly-cord-robots/data/simulation_output/FullVNC_DNg100_Stim/debug/run_id=closed_loop_s641_r1
Created 1 stimulus configurations
🔄 Creating fresh config for experiment 'FullVNC_DNg100_Stim' with paths template 'fly_robot'
✅ Created fresh config:
   Experiment: FullVNC_DNg100_Stim
   Version: debug
   Paths template: fly_robot
   Save dir: /Users/sakshaymahna/Documents/fly-cord-robots/data/simulation_output/FullVNC_DNg100_Stim/debug/run_id=closed_loop_s641_r6
Created 1 stimulus configurations
🔄 Creating fresh config for experiment 'FullVNC_DNg100_Stim' with paths template 'fly_robot'
✅ Created fresh config:
   Experiment: FullVNC_DNg100_Stim
   Version: debug
   Paths template: fly_robot
   Save dir: /Users/sakshaymahna/Documents/fly-cord-robots/data/simulation_output/FullVNC_DNg100_Stim/debug/run_id=closed_loop_s641_r7
Created 1 stimulus configurations
🔄 Creating fresh config for experiment 'FullVNC_DNg100_Stim' with paths template 'fly_robot'
✅ Created fresh config:
   Experiment: FullVNC_DNg100_Stim
   Version: debug
   Paths template: fly_robot
   Save dir: /Users/sakshaymahna/Documents/fly-cord-robots/data/simulation_output/FullVNC_DNg100_Stim/debug/run_id=closed_loop_s641_r0
Created 1 stimulus configurations
🔄 Creating fresh config for experiment 'FullVNC_DNg100_Stim' with paths template 'fly_robot'
✅ Created fresh config:
   Experiment: FullVNC_DNg100_Stim
   Version: debug
   Paths template: fly_robot
   Save dir: /Users/sakshaymahna/Documents/fly-cord-robots/data/simulation_output/FullVNC_DNg100_Stim/debug/run_id=closed_loop_s641_r6
Created 1 stimulus configurations
🔄 Creating fresh config for experiment 'FullVNC_DNg100_Stim' with paths template 'fly_robot'
✅ Created fresh config:
   Experiment: FullVNC_DNg100_Stim
   Version: debug
   Paths template: fly_robot
   Save dir: /Users/sakshaymahna/Documents/fly-cord-robots/data/simulation_output/FullVNC_DNg100_Stim/debug/run_id=closed_loop_s641_r1
Created 1 stimulus configurations
🔄 Creating fresh config for experiment 'FullVNC_DNg100_Stim' with paths template 'fly_robot'
✅ Created fresh config:
   Experiment: FullVNC_DNg100_Stim
   Version: debug
   Paths template: fly_robot
   Save dir: /Users/sakshaymahna/Documents/fly-cord-robots/data/simulation_output/FullVNC_DNg100_Stim/debug/run_id=closed_loop_s641_r4
Created 1 stimulus configurations
🔄 Creating fresh config for experiment 'FullVNC_DNg100_Stim' with paths template 'fly_robot'
✅ Created fresh config:
   Experiment: FullVNC_DNg100_Stim
   Version: debug
   Paths template: fly_robot
   Save dir: /Users/sakshaymahna/Documents/fly-cord-robots/data/simulation_output/FullVNC_DNg100_Stim/debug/run_id=closed_loop_s641_r3
Created 1 stimulus configurations
🔄 Creating fresh config for experiment 'FullVNC_DNg100_Stim' with paths template 'fly_robot'
✅ Created fresh config:
   Experiment: FullVNC_DNg100_Stim
   Version: debug
   Paths template: fly_robot
   Save dir: /Users/sakshaymahna/Documents/fly-cord-robots/data/simulation_output/FullVNC_DNg100_Stim/debug/run_id=closed_loop_s641_r7
Created 1 stimulus configurations
🔄 Creating fresh config for experiment 'FullVNC_DNg100_Stim' with paths template 'fly_robot'
✅ Created fresh config:
   Experiment: FullVNC_DNg100_Stim
   Version: debug
   Paths template: fly_robot
   Save dir: /Users/sakshaymahna/Documents/fly-cord-robots/data/simulation_output/FullVNC_DNg100_Stim/debug/run_id=closed_loop_s641_r4
Created 1 stimulus configurations
🔄 Creating fresh config for experiment 'FullVNC_DNg100_Stim' with paths template 'fly_robot'
✅ Created fresh config:
   Experiment: FullVNC_DNg100_Stim
   Version: debug
   Paths template: fly_robot
   Save dir: /Users/sakshaymahna/Documents/fly-cord-robots/data/simulation_output/FullVNC_DNg100_Stim/debug/run_id=closed_loop_s641_r6
Created 1 stimulus configurations
🔄 Creating fresh config for experiment 'FullVNC_DNg100_Stim' with paths template 'fly_robot'
✅ Created fresh config:
   Experiment: FullVNC_DNg100_Stim
   Version: debug
   Paths template: fly_robot
   Save dir: /Users/sakshaymahna/Documents/fly-cord-robots/data/simulation_output/FullVNC_DNg100_Stim/debug/run_id=closed_loop_s641_r0
Created 1 stimulus configurations
🔄 Creating fresh config for experiment 'FullVNC_DNg100_Stim' with paths template 'fly_robot'
✅ Created fresh config:
   Experiment: FullVNC_DNg100_Stim
   Version: debug
   Paths template: fly_robot
   Save dir: /Users/sakshaymahna/Documents/fly-cord-robots/data/simulation_output/FullVNC_DNg100_Stim/debug/run_id=closed_loop_s641_r7
Created 1 stimulus configurations
🔄 Creating fresh config for experiment 'FullVNC_DNg100_Stim' with paths template 'fly_robot'
✅ Created fresh config:
   Experiment: FullVNC_DNg100_Stim
   Version: debug
   Paths template: fly_robot
   Save dir: /Users/sakshaymahna/Documents/fly-cord-robots/data/simulation_output/FullVNC_DNg100_Stim/debug/run_id=closed_loop_s641_r3
Created 1 stimulus configurations
🔄 Creating fresh config for experiment 'FullVNC_DNg100_Stim' with paths template 'fly_robot'
✅ Created fresh config:
   Experiment: FullVNC_DNg100_Stim
   Version: debug
   Paths template: fly_robot
   Save dir: /Users/sakshaymahna/Documents/fly-cord-robots/data/simulation_output/FullVNC_DNg100_Stim/debug/run_id=closed_loop_s641_r0
Created 1 stimulus configurations
Process SpawnPoolWorker-7:
Traceback (most recent call last):
  File "/opt/homebrew/Cellar/python@3.12/3.12.11/Frameworks/Python.framework/Versions/3.12/lib/python3.12/multiprocessing/pool.py", line 131, in worker
    put((job, i, result))
  File "/opt/homebrew/Cellar/python@3.12/3.12.11/Frameworks/Python.framework/Versions/3.12/lib/python3.12/multiprocessing/queues.py", line 399, in put
    self._writer.send_bytes(obj)
  File "/opt/homebrew/Cellar/python@3.12/3.12.11/Frameworks/Python.framework/Versions/3.12/lib/python3.12/multiprocessing/connection.py", line 200, in send_bytes
    self._send_bytes(m[offset:offset + size])
  File "/opt/homebrew/Cellar/python@3.12/3.12.11/Frameworks/Python.framework/Versions/3.12/lib/python3.12/multiprocessing/connection.py", line 427, in _send_bytes
    self._send(header + buf)
  File "/opt/homebrew/Cellar/python@3.12/3.12.11/Frameworks/Python.framework/Versions/3.12/lib/python3.12/multiprocessing/connection.py", line 384, in _send
    n = write(self._handle, buf)
        ^^^^^^^^^^^^^^^^^^^^^^^^
BrokenPipeError: [Errno 32] Broken pipe

During handling of the above exception, another exception occurred:

Traceback (most recent call last):
  File "/opt/homebrew/Cellar/python@3.12/3.12.11/Frameworks/Python.framework/Versions/3.12/lib/python3.12/multiprocessing/process.py", line 314, in _bootstrap
    self.run()
  File "/opt/homebrew/Cellar/python@3.12/3.12.11/Frameworks/Python.framework/Versions/3.12/lib/python3.12/multiprocessing/process.py", line 108, in run
    self._target(*self._args, **self._kwargs)
  File "/opt/homebrew/Cellar/python@3.12/3.12.11/Frameworks/Python.framework/Versions/3.12/lib/python3.12/multiprocessing/pool.py", line 136, in worker
    put((job, i, (False, wrapped)))
  File "/opt/homebrew/Cellar/python@3.12/3.12.11/Frameworks/Python.framework/Versions/3.12/lib/python3.12/multiprocessing/queues.py", line 399, in put
    self._writer.send_bytes(obj)
  File "/opt/homebrew/Cellar/python@3.12/3.12.11/Frameworks/Python.framework/Versions/3.12/lib/python3.12/multiprocessing/connection.py", line 200, in send_bytes
    self._send_bytes(m[offset:offset + size])
  File "/opt/homebrew/Cellar/python@3.12/3.12.11/Frameworks/Python.framework/Versions/3.12/lib/python3.12/multiprocessing/connection.py", line 427, in _send_bytes
    self._send(header + buf)
  File "/opt/homebrew/Cellar/python@3.12/3.12.11/Frameworks/Python.framework/Versions/3.12/lib/python3.12/multiprocessing/connection.py", line 384, in _send
    n = write(self._handle, buf)
        ^^^^^^^^^^^^^^^^^^^^^^^^
BrokenPipeError: [Errno 32] Broken pipe

🔄 Creating fresh config for experiment 'FullVNC_DNg100_Stim' with paths template 'fly_robot'
✅ Created fresh config:
   Experiment: FullVNC_DNg100_Stim
   Version: debug
   Paths template: fly_robot
   Save dir: /Users/sakshaymahna/Documents/fly-cord-robots/data/simulation_output/FullVNC_DNg100_Stim/debug/run_id=closed_loop_s641_r3
Created 1 stimulus configurations
🔄 Creating fresh config for experiment 'FullVNC_DNg100_Stim' with paths template 'fly_robot'
✅ Created fresh config:
   Experiment: FullVNC_DNg100_Stim
   Version: debug
   Paths template: fly_robot
   Save dir: /Users/sakshaymahna/Documents/fly-cord-robots/data/simulation_output/FullVNC_DNg100_Stim/debug/run_id=closed_loop_s641_r0
Created 1 stimulus configurations
🔄 Creating fresh config for experiment 'FullVNC_DNg100_Stim' with paths template 'fly_robot'
✅ Created fresh config:
   Experiment: FullVNC_DNg100_Stim
   Version: debug
   Paths template: fly_robot
   Save dir: /Users/sakshaymahna/Documents/fly-cord-robots/data/simulation_output/FullVNC_DNg100_Stim/debug/run_id=closed_loop_s641_r4
Created 1 stimulus configurations
🔄 Creating fresh config for experiment 'FullVNC_DNg100_Stim' with paths template 'fly_robot'
✅ Created fresh config:
   Experiment: FullVNC_DNg100_Stim
   Version: debug
   Paths template: fly_robot
   Save dir: /Users/sakshaymahna/Documents/fly-cord-robots/data/simulation_output/FullVNC_DNg100_Stim/debug/run_id=closed_loop_s641_r7
Created 1 stimulus configurations
🔄 Creating fresh config for experiment 'FullVNC_DNg100_Stim' with paths template 'fly_robot'
✅ Created fresh config:
   Experiment: FullVNC_DNg100_Stim
   Version: debug
   Paths template: fly_robot
   Save dir: /Users/sakshaymahna/Documents/fly-cord-robots/data/simulation_output/FullVNC_DNg100_Stim/debug/run_id=closed_loop_s641_r1
Created 1 stimulus configurations
🔄 Creating fresh config for experiment 'FullVNC_DNg100_Stim' with paths template 'fly_robot'
✅ Created fresh config:
   Experiment: FullVNC_DNg100_Stim
   Version: debug
   Paths template: fly_robot
   Save dir: /Users/sakshaymahna/Documents/fly-cord-robots/data/simulation_output/FullVNC_DNg100_Stim/debug/run_id=closed_loop_s641_r6
Created 1 stimulus configurations
🔄 Creating fresh config for experiment 'FullVNC_DNg100_Stim' with paths template 'fly_robot'
✅ Created fresh config:
   Experiment: FullVNC_DNg100_Stim
   Version: debug
   Paths template: fly_robot
   Save dir: /Users/sakshaymahna/Documents/fly-cord-robots/data/simulation_output/FullVNC_DNg100_Stim/debug/run_id=closed_loop_s641_r7
Created 1 stimulus configurations
🔄 Creating fresh config for experiment 'FullVNC_DNg100_Stim' with paths template 'fly_robot'
✅ Created fresh config:
   Experiment: FullVNC_DNg100_Stim
   Version: debug
   Paths template: fly_robot
   Save dir: /Users/sakshaymahna/Documents/fly-cord-robots/data/simulation_output/FullVNC_DNg100_Stim/debug/run_id=closed_loop_s641_r0
Created 1 stimulus configurations
🔄 Creating fresh config for experiment 'FullVNC_DNg100_Stim' with paths template 'fly_robot'
✅ Created fresh config:
   Experiment: FullVNC_DNg100_Stim
   Version: debug
   Paths template: fly_robot
   Save dir: /Users/sakshaymahna/Documents/fly-cord-robots/data/simulation_output/FullVNC_DNg100_Stim/debug/run_id=closed_loop_s641_r6
Created 1 stimulus configurations
🔄 Creating fresh config for experiment 'FullVNC_DNg100_Stim' with paths template 'fly_robot'
✅ Created fresh config:
   Experiment: FullVNC_DNg100_Stim
   Version: debug
   Paths template: fly_robot
   Save dir: /Users/sakshaymahna/Documents/fly-cord-robots/data/simulation_output/FullVNC_DNg100_Stim/debug/run_id=closed_loop_s641_r1
Created 1 stimulus configurations
🔄 Creating fresh config for experiment 'FullVNC_DNg100_Stim' with paths template 'fly_robot'
✅ Created fresh config:
   Experiment: FullVNC_DNg100_Stim
   Version: debug
   Paths template: fly_robot
   Save dir: /Users/sakshaymahna/Documents/fly-cord-robots/data/simulation_output/FullVNC_DNg100_Stim/debug/run_id=closed_loop_s641_r4
Created 1 stimulus configurations
🔄 Creating fresh config for experiment 'FullVNC_DNg100_Stim' with paths template 'fly_robot'
✅ Created fresh config:
   Experiment: FullVNC_DNg100_Stim
   Version: debug
   Paths template: fly_robot
   Save dir: /Users/sakshaymahna/Documents/fly-cord-robots/data/simulation_output/FullVNC_DNg100_Stim/debug/run_id=closed_loop_s641_r3
Created 1 stimulus configurations
🔄 Creating fresh config for experiment 'FullVNC_DNg100_Stim' with paths template 'fly_robot'
✅ Created fresh config:
   Experiment: FullVNC_DNg100_Stim
   Version: debug
   Paths template: fly_robot
   Save dir: /Users/sakshaymahna/Documents/fly-cord-robots/data/simulation_output/FullVNC_DNg100_Stim/debug/run_id=closed_loop_s641_r7
Created 1 stimulus configurations
🔄 Creating fresh config for experiment 'FullVNC_DNg100_Stim' with paths template 'fly_robot'
✅ Created fresh config:
   Experiment: FullVNC_DNg100_Stim
   Version: debug
   Paths template: fly_robot
   Save dir: /Users/sakshaymahna/Documents/fly-cord-robots/data/simulation_output/FullVNC_DNg100_Stim/debug/run_id=closed_loop_s641_r4
Created 1 stimulus configurations
🔄 Creating fresh config for experiment 'FullVNC_DNg100_Stim' with paths template 'fly_robot'
✅ Created fresh config:
   Experiment: FullVNC_DNg100_Stim
   Version: debug
   Paths template: fly_robot
   Save dir: /Users/sakshaymahna/Documents/fly-cord-robots/data/simulation_output/FullVNC_DNg100_Stim/debug/run_id=closed_loop_s641_r6
Created 1 stimulus configurations
🔄 Creating fresh config for experiment 'FullVNC_DNg100_Stim' with paths template 'fly_robot'
✅ Created fresh config:
   Experiment: FullVNC_DNg100_Stim
   Version: debug
   Paths template: fly_robot
   Save dir: /Users/sakshaymahna/Documents/fly-cord-robots/data/simulation_output/FullVNC_DNg100_Stim/debug/run_id=closed_loop_s641_r0
Created 1 stimulus configurations
🔄 Creating fresh config for experiment 'FullVNC_DNg100_Stim' with paths template 'fly_robot'
✅ Created fresh config:
   Experiment: FullVNC_DNg100_Stim
   Version: debug
   Paths template: fly_robot
   Save dir: /Users/sakshaymahna/Documents/fly-cord-robots/data/simulation_output/FullVNC_DNg100_Stim/debug/run_id=closed_loop_s641_r7
Created 1 stimulus configurations
🔄 Creating fresh config for experiment 'FullVNC_DNg100_Stim' with paths template 'fly_robot'
✅ Created fresh config:
   Experiment: FullVNC_DNg100_Stim
   Version: debug
   Paths template: fly_robot
   Save dir: /Users/sakshaymahna/Documents/fly-cord-robots/data/simulation_output/FullVNC_DNg100_Stim/debug/run_id=closed_loop_s641_r3
Created 1 stimulus configurations
🔄 Creating fresh config for experiment 'FullVNC_DNg100_Stim' with paths template 'fly_robot'
✅ Created fresh config:
   Experiment: FullVNC_DNg100_Stim
   Version: debug
   Paths template: fly_robot
   Save dir: /Users/sakshaymahna/Documents/fly-cord-robots/data/simulation_output/FullVNC_DNg100_Stim/debug/run_id=closed_loop_s641_r0
Created 1 stimulus configurations
Process SpawnPoolWorker-4:
Traceback (most recent call last):
  File "/opt/homebrew/Cellar/python@3.12/3.12.11/Frameworks/Python.framework/Versions/3.12/lib/python3.12/multiprocessing/pool.py", line 131, in worker
    put((job, i, result))
  File "/opt/homebrew/Cellar/python@3.12/3.12.11/Frameworks/Python.framework/Versions/3.12/lib/python3.12/multiprocessing/queues.py", line 399, in put
    self._writer.send_bytes(obj)
  File "/opt/homebrew/Cellar/python@3.12/3.12.11/Frameworks/Python.framework/Versions/3.12/lib/python3.12/multiprocessing/connection.py", line 200, in send_bytes
    self._send_bytes(m[offset:offset + size])
  File "/opt/homebrew/Cellar/python@3.12/3.12.11/Frameworks/Python.framework/Versions/3.12/lib/python3.12/multiprocessing/connection.py", line 427, in _send_bytes
    self._send(header + buf)
  File "/opt/homebrew/Cellar/python@3.12/3.12.11/Frameworks/Python.framework/Versions/3.12/lib/python3.12/multiprocessing/connection.py", line 384, in _send
    n = write(self._handle, buf)
        ^^^^^^^^^^^^^^^^^^^^^^^^
BrokenPipeError: [Errno 32] Broken pipe

During handling of the above exception, another exception occurred:

Traceback (most recent call last):
  File "/opt/homebrew/Cellar/python@3.12/3.12.11/Frameworks/Python.framework/Versions/3.12/lib/python3.12/multiprocessing/process.py", line 314, in _bootstrap
    self.run()
  File "/opt/homebrew/Cellar/python@3.12/3.12.11/Frameworks/Python.framework/Versions/3.12/lib/python3.12/multiprocessing/process.py", line 108, in run
    self._target(*self._args, **self._kwargs)
  File "/opt/homebrew/Cellar/python@3.12/3.12.11/Frameworks/Python.framework/Versions/3.12/lib/python3.12/multiprocessing/pool.py", line 136, in worker
    put((job, i, (False, wrapped)))
  File "/opt/homebrew/Cellar/python@3.12/3.12.11/Frameworks/Python.framework/Versions/3.12/lib/python3.12/multiprocessing/queues.py", line 399, in put
    self._writer.send_bytes(obj)
  File "/opt/homebrew/Cellar/python@3.12/3.12.11/Frameworks/Python.framework/Versions/3.12/lib/python3.12/multiprocessing/connection.py", line 200, in send_bytes
    self._send_bytes(m[offset:offset + size])
  File "/opt/homebrew/Cellar/python@3.12/3.12.11/Frameworks/Python.framework/Versions/3.12/lib/python3.12/multiprocessing/connection.py", line 427, in _send_bytes
    self._send(header + buf)
  File "/opt/homebrew/Cellar/python@3.12/3.12.11/Frameworks/Python.framework/Versions/3.12/lib/python3.12/multiprocessing/connection.py", line 384, in _send
    n = write(self._handle, buf)
        ^^^^^^^^^^^^^^^^^^^^^^^^
BrokenPipeError: [Errno 32] Broken pipe

🔄 Creating fresh config for experiment 'FullVNC_DNg100_Stim' with paths template 'fly_robot'
✅ Created fresh config:
   Experiment: FullVNC_DNg100_Stim
   Version: debug
   Paths template: fly_robot
   Save dir: /Users/sakshaymahna/Documents/fly-cord-robots/data/simulation_output/FullVNC_DNg100_Stim/debug/run_id=closed_loop_s641_r3
Created 1 stimulus configurations
🔄 Creating fresh config for experiment 'FullVNC_DNg100_Stim' with paths template 'fly_robot'
✅ Created fresh config:
   Experiment: FullVNC_DNg100_Stim
   Version: debug
   Paths template: fly_robot
   Save dir: /Users/sakshaymahna/Documents/fly-cord-robots/data/simulation_output/FullVNC_DNg100_Stim/debug/run_id=closed_loop_s641_r0
Created 1 stimulus configurations
🔄 Creating fresh config for experiment 'FullVNC_DNg100_Stim' with paths template 'fly_robot'
✅ Created fresh config:
   Experiment: FullVNC_DNg100_Stim
   Version: debug
   Paths template: fly_robot
   Save dir: /Users/sakshaymahna/Documents/fly-cord-robots/data/simulation_output/FullVNC_DNg100_Stim/debug/run_id=closed_loop_s641_r4
Created 1 stimulus configurations
🔄 Creating fresh config for experiment 'FullVNC_DNg100_Stim' with paths template 'fly_robot'
✅ Created fresh config:
   Experiment: FullVNC_DNg100_Stim
   Version: debug
   Paths template: fly_robot
   Save dir: /Users/sakshaymahna/Documents/fly-cord-robots/data/simulation_output/FullVNC_DNg100_Stim/debug/run_id=closed_loop_s641_r7
Created 1 stimulus configurations
🔄 Creating fresh config for experiment 'FullVNC_DNg100_Stim' with paths template 'fly_robot'
✅ Created fresh config:
   Experiment: FullVNC_DNg100_Stim
   Version: debug
   Paths template: fly_robot
   Save dir: /Users/sakshaymahna/Documents/fly-cord-robots/data/simulation_output/FullVNC_DNg100_Stim/debug/run_id=closed_loop_s641_r1
Created 1 stimulus configurations
🔄 Creating fresh config for experiment 'FullVNC_DNg100_Stim' with paths template 'fly_robot'
✅ Created fresh config:
   Experiment: FullVNC_DNg100_Stim
   Version: debug
   Paths template: fly_robot
   Save dir: /Users/sakshaymahna/Documents/fly-cord-robots/data/simulation_output/FullVNC_DNg100_Stim/debug/run_id=closed_loop_s641_r6
Created 1 stimulus configurations
🔄 Creating fresh config for experiment 'FullVNC_DNg100_Stim' with paths template 'fly_robot'
✅ Created fresh config:
   Experiment: FullVNC_DNg100_Stim
   Version: debug
   Paths template: fly_robot
   Save dir: /Users/sakshaymahna/Documents/fly-cord-robots/data/simulation_output/FullVNC_DNg100_Stim/debug/run_id=closed_loop_s641_r7
Created 1 stimulus configurations
🔄 Creating fresh config for experiment 'FullVNC_DNg100_Stim' with paths template 'fly_robot'
✅ Created fresh config:
   Experiment: FullVNC_DNg100_Stim
   Version: debug
   Paths template: fly_robot
   Save dir: /Users/sakshaymahna/Documents/fly-cord-robots/data/simulation_output/FullVNC_DNg100_Stim/debug/run_id=closed_loop_s641_r0
Created 1 stimulus configurations
🔄 Creating fresh config for experiment 'FullVNC_DNg100_Stim' with paths template 'fly_robot'
✅ Created fresh config:
   Experiment: FullVNC_DNg100_Stim
   Version: debug
   Paths template: fly_robot
   Save dir: /Users/sakshaymahna/Documents/fly-cord-robots/data/simulation_output/FullVNC_DNg100_Stim/debug/run_id=closed_loop_s641_r6
Created 1 stimulus configurations
🔄 Creating fresh config for experiment 'FullVNC_DNg100_Stim' with paths template 'fly_robot'
✅ Created fresh config:
   Experiment: FullVNC_DNg100_Stim
   Version: debug
   Paths template: fly_robot
   Save dir: /Users/sakshaymahna/Documents/fly-cord-robots/data/simulation_output/FullVNC_DNg100_Stim/debug/run_id=closed_loop_s641_r1
Created 1 stimulus configurations
🔄 Creating fresh config for experiment 'FullVNC_DNg100_Stim' with paths template 'fly_robot'
✅ Created fresh config:
   Experiment: FullVNC_DNg100_Stim
   Version: debug
   Paths template: fly_robot
   Save dir: /Users/sakshaymahna/Documents/fly-cord-robots/data/simulation_output/FullVNC_DNg100_Stim/debug/run_id=closed_loop_s641_r4
Created 1 stimulus configurations
🔄 Creating fresh config for experiment 'FullVNC_DNg100_Stim' with paths template 'fly_robot'
✅ Created fresh config:
   Experiment: FullVNC_DNg100_Stim
   Version: debug
   Paths template: fly_robot
   Save dir: /Users/sakshaymahna/Documents/fly-cord-robots/data/simulation_output/FullVNC_DNg100_Stim/debug/run_id=closed_loop_s641_r3
Created 1 stimulus configurations
🔄 Creating fresh config for experiment 'FullVNC_DNg100_Stim' with paths template 'fly_robot'
✅ Created fresh config:
   Experiment: FullVNC_DNg100_Stim
   Version: debug
   Paths template: fly_robot
   Save dir: /Users/sakshaymahna/Documents/fly-cord-robots/data/simulation_output/FullVNC_DNg100_Stim/debug/run_id=closed_loop_s641_r7
Created 1 stimulus configurations
🔄 Creating fresh config for experiment 'FullVNC_DNg100_Stim' with paths template 'fly_robot'
✅ Created fresh config:
   Experiment: FullVNC_DNg100_Stim
   Version: debug
   Paths template: fly_robot
   Save dir: /Users/sakshaymahna/Documents/fly-cord-robots/data/simulation_output/FullVNC_DNg100_Stim/debug/run_id=closed_loop_s641_r4
Created 1 stimulus configurations
🔄 Creating fresh config for experiment 'FullVNC_DNg100_Stim' with paths template 'fly_robot'
✅ Created fresh config:
   Experiment: FullVNC_DNg100_Stim
   Version: debug
   Paths template: fly_robot
   Save dir: /Users/sakshaymahna/Documents/fly-cord-robots/data/simulation_output/FullVNC_DNg100_Stim/debug/run_id=closed_loop_s641_r6
Created 1 stimulus configurations
🔄 Creating fresh config for experiment 'FullVNC_DNg100_Stim' with paths template 'fly_robot'
✅ Created fresh config:
   Experiment: FullVNC_DNg100_Stim
   Version: debug
   Paths template: fly_robot
   Save dir: /Users/sakshaymahna/Documents/fly-cord-robots/data/simulation_output/FullVNC_DNg100_Stim/debug/run_id=closed_loop_s641_r0
Created 1 stimulus configurations
🔄 Creating fresh config for experiment 'FullVNC_DNg100_Stim' with paths template 'fly_robot'
✅ Created fresh config:
   Experiment: FullVNC_DNg100_Stim
   Version: debug
   Paths template: fly_robot
   Save dir: /Users/sakshaymahna/Documents/fly-cord-robots/data/simulation_output/FullVNC_DNg100_Stim/debug/run_id=closed_loop_s641_r7
Created 1 stimulus configurations
🔄 Creating fresh config for experiment 'FullVNC_DNg100_Stim' with paths template 'fly_robot'
✅ Created fresh config:
   Experiment: FullVNC_DNg100_Stim
   Version: debug
   Paths template: fly_robot
   Save dir: /Users/sakshaymahna/Documents/fly-cord-robots/data/simulation_output/FullVNC_DNg100_Stim/debug/run_id=closed_loop_s641_r3
Created 1 stimulus configurations
🔄 Creating fresh config for experiment 'FullVNC_DNg100_Stim' with paths template 'fly_robot'
✅ Created fresh config:
   Experiment: FullVNC_DNg100_Stim
   Version: debug
   Paths template: fly_robot
   Save dir: /Users/sakshaymahna/Documents/fly-cord-robots/data/simulation_output/FullVNC_DNg100_Stim/debug/run_id=closed_loop_s641_r0
Created 1 stimulus configurations
